timestamp,cpu_percent,ram_percent,cpu_freq
2026-02-08T08:49:15.764126,13.1,13.3,2100.0
2026-02-08T08:49:16.264598,5.8,13.3,2100.0
2026-02-08T08:49:16.765475,4.4,13.2,2100.0
2026-02-08T08:49:17.266328,4.3,13.2,2100.0
2026-02-08T08:49:17.767091,3.9,13.2,2100.0
2026-02-08T08:49:18.268411,5.1,13.2,2100.0
2026-02-08T08:49:18.769430,3.5,13.2,2100.0
2026-02-08T08:49:19.270239,5.0,13.2,2100.0
2026-02-08T08:49:19.771635,5.9,13.2,2100.0
2026-02-08T08:49:20.272547,3.9,13.2,2100.0
2026-02-08T08:49:20.773013,4.7,13.2,2100.0
2026-02-08T08:49:21.274204,5.1,13.2,2100.0
2026-02-08T08:49:21.775619,6.8,13.2,2100.0
2026-02-08T08:49:22.276146,6.2,13.2,2100.0
2026-02-08T08:49:22.777030,5.9,13.2,2100.0
2026-02-08T08:49:23.277612,5.4,13.2,2100.0
2026-02-08T08:49:23.778171,5.3,13.2,2100.0
2026-02-08T08:49:24.278908,3.6,13.2,2100.0
2026-02-08T08:49:24.779638,5.4,13.2,2100.0
2026-02-08T08:49:25.280467,3.6,13.2,2100.0
2026-02-08T08:49:25.781189,4.1,13.2,2100.0
2026-02-08T08:49:26.282296,5.7,13.2,2100.0
2026-02-08T08:49:26.783003,5.6,13.3,2100.0
2026-02-08T08:49:27.286277,5.4,13.3,2100.0
2026-02-08T08:49:27.786777,5.5,13.2,2100.0
2026-02-08T08:49:28.287899,4.2,13.2,2100.0
2026-02-08T08:49:28.788853,4.5,13.2,2100.0
2026-02-08T08:49:29.289598,3.2,13.2,2100.0
2026-02-08T08:49:29.790185,4.6,13.2,2100.0
2026-02-08T08:49:30.290995,4.3,13.2,2100.0
2026-02-08T08:49:30.791909,5.1,13.2,2100.0
2026-02-08T08:49:31.297110,6.3,13.2,2100.0
2026-02-08T08:49:31.797986,4.3,13.2,2100.0
2026-02-08T08:49:32.298869,7.4,13.2,2100.0
2026-02-08T08:49:32.799605,3.8,13.2,2100.0
2026-02-08T08:49:33.300407,6.2,13.2,2100.0
2026-02-08T08:49:33.801160,3.5,13.2,2100.0
2026-02-08T08:49:34.302380,5.1,13.2,2100.0
2026-02-08T08:49:34.803244,7.1,13.2,2100.0
2026-02-08T08:49:35.303700,5.1,13.2,2100.0
2026-02-08T08:49:35.804663,8.0,13.2,2100.0
2026-02-08T08:49:36.305524,5.7,13.3,2100.0
2026-02-08T08:49:36.806539,4.8,13.3,2100.0
2026-02-08T08:49:37.307402,4.6,13.3,2100.0
2026-02-08T08:49:37.807937,3.8,13.3,2100.0
2026-02-08T08:49:38.309115,4.8,13.3,2100.0
2026-02-08T08:49:38.809922,6.9,13.3,2100.0
2026-02-08T08:49:39.310578,3.5,13.3,2100.0
2026-02-08T08:49:39.811161,6.4,13.3,2100.0
2026-02-08T08:49:40.312091,5.0,13.3,2100.0
2026-02-08T08:49:40.812618,8.5,13.3,2100.0
2026-02-08T08:49:41.313351,5.7,13.3,2100.0
2026-02-08T08:49:41.814061,5.7,13.3,2100.0
2026-02-08T08:49:42.314663,8.7,13.2,2100.0
2026-02-08T08:49:42.815216,8.1,13.2,2100.0
2026-02-08T08:49:43.315917,4.2,13.3,2100.0
2026-02-08T08:49:43.816777,6.8,13.3,2100.0
2026-02-08T08:49:44.321254,12.1,13.3,2100.0
2026-02-08T08:49:44.821811,7.6,13.3,2100.0
2026-02-08T08:49:45.322626,2.9,13.3,2100.0
2026-02-08T08:49:45.826313,11.9,13.3,2100.0
2026-02-08T08:49:46.326787,5.7,13.3,2100.0
2026-02-08T08:49:46.827453,9.4,13.3,2100.0
2026-02-08T08:49:47.328382,10.9,13.3,2100.0
2026-02-08T08:49:47.828794,7.7,13.3,2100.0
2026-02-08T08:49:48.329739,13.5,13.3,2100.0
2026-02-08T08:49:48.830146,7.8,13.3,2100.0
2026-02-08T08:49:49.330944,5.1,13.3,2100.0
2026-02-08T08:49:49.831327,9.6,13.3,2100.0
2026-02-08T08:49:50.331790,5.1,13.3,2100.0
2026-02-08T08:49:50.832744,6.3,13.3,2100.0
2026-02-08T08:49:51.333269,9.3,13.3,2100.0
2026-02-08T08:49:51.834127,6.0,13.3,2100.0
2026-02-08T08:49:52.334915,9.1,13.3,2100.0
2026-02-08T08:49:52.835917,12.7,13.3,2100.0
2026-02-08T08:49:53.337058,9.5,13.3,2100.0
2026-02-08T08:49:53.837539,12.8,13.3,2100.0
2026-02-08T08:49:54.337951,7.8,13.3,2100.0
2026-02-08T08:49:54.839201,14.3,13.3,2100.0
2026-02-08T08:49:55.340892,6.4,13.3,2100.0
2026-02-08T08:49:55.842018,13.8,13.3,2100.0
2026-02-08T08:49:56.342753,5.0,13.3,2100.0
2026-02-08T08:49:56.843551,4.9,13.3,2100.0
2026-02-08T08:49:57.344264,7.8,13.3,2100.0
2026-02-08T08:49:57.844850,10.9,13.3,2100.0
2026-02-08T08:49:58.345700,6.5,13.3,2100.0
2026-02-08T08:49:58.846232,18.2,13.3,2100.0
2026-02-08T08:49:59.346709,4.8,13.3,2100.0
2026-02-08T08:49:59.847894,12.0,13.3,2100.0
2026-02-08T08:50:00.348787,5.7,13.3,2100.0
2026-02-08T08:50:00.849369,10.6,13.3,2100.0
2026-02-08T08:50:01.349768,5.5,13.3,2100.0
2026-02-08T08:50:01.851276,7.1,13.3,2100.0
2026-02-08T08:50:02.352209,5.4,13.3,2100.0
2026-02-08T08:50:02.854832,7.1,13.3,2100.0
2026-02-08T08:50:03.355690,8.4,13.4,2100.0
2026-02-08T08:50:03.856457,5.1,13.4,2100.0
2026-02-08T08:50:04.357258,6.6,13.4,2100.0
2026-02-08T08:50:04.858361,6.0,13.4,2100.0
2026-02-08T08:50:05.359341,4.2,13.4,2100.0
2026-02-08T08:50:05.859973,6.4,13.4,2100.0
2026-02-08T08:50:06.360672,7.0,13.4,2100.0
2026-02-08T08:50:06.861310,6.6,13.4,2100.0
2026-02-08T08:50:07.362041,5.0,13.4,2100.0
2026-02-08T08:50:07.862728,6.1,13.4,2100.0
2026-02-08T08:50:08.363146,7.0,13.3,2100.0
2026-02-08T08:50:08.863714,6.1,13.3,2100.0
2026-02-08T08:50:09.364732,5.3,13.3,2100.0
2026-02-08T08:50:09.865478,3.8,13.3,2100.0
2026-02-08T08:50:10.366288,4.2,13.3,2100.0
2026-02-08T08:50:10.867138,6.7,13.3,2100.0
2026-02-08T08:50:11.368173,8.5,13.3,2100.0
2026-02-08T08:50:11.869158,3.2,13.3,2100.0
2026-02-08T08:50:12.369953,5.7,13.3,2100.0
2026-02-08T08:50:12.871612,6.3,13.3,2100.0
2026-02-08T08:50:13.372389,4.7,13.3,2100.0
2026-02-08T08:50:13.873314,3.1,13.3,2100.0
2026-02-08T08:50:14.373956,4.7,13.3,2100.0
2026-02-08T08:50:14.874763,4.5,13.3,2100.0
2026-02-08T08:50:15.375111,4.7,13.3,2100.0
2026-02-08T08:50:15.875585,4.2,13.2,2100.0
2026-02-08T08:50:16.376208,5.4,13.2,2100.0
2026-02-08T08:50:16.876987,3.9,13.2,2100.0
2026-02-08T08:50:17.377584,4.6,13.2,2100.0
2026-02-08T08:50:17.878357,5.0,13.2,2100.0
2026-02-08T08:50:18.379119,4.7,13.2,2100.0
2026-02-08T08:50:18.879537,3.5,13.2,2100.0
2026-02-08T08:50:19.380322,6.3,13.2,2100.0
2026-02-08T08:50:19.881309,4.0,13.2,2100.0
2026-02-08T08:50:20.382040,7.4,13.2,2100.0
2026-02-08T08:50:20.882879,5.5,13.2,2100.0
2026-02-08T08:50:21.383534,5.6,13.2,2100.0
2026-02-08T08:50:21.884364,2.7,13.2,2100.0
2026-02-08T08:50:22.386033,4.9,13.2,2100.0
2026-02-08T08:50:22.887178,4.6,13.2,2100.0
2026-02-08T08:50:23.387675,7.1,13.2,2100.0
2026-02-08T08:50:23.888828,3.9,13.2,2100.0
2026-02-08T08:50:24.389700,4.8,13.2,2100.0
2026-02-08T08:50:24.890548,4.6,13.2,2100.0
2026-02-08T08:50:25.391427,6.7,13.2,2100.0
2026-02-08T08:50:25.892244,4.8,13.2,2100.0
2026-02-08T08:50:26.393097,3.2,13.3,2100.0
2026-02-08T08:50:26.894074,4.6,13.3,2100.0
2026-02-08T08:50:27.394967,4.8,13.3,2100.0
2026-02-08T08:50:27.895704,6.5,13.3,2100.0
2026-02-08T08:50:28.396242,3.2,13.3,2100.0
2026-02-08T08:50:28.896618,5.8,13.3,2100.0
2026-02-08T08:50:29.397828,4.2,13.3,2100.0
2026-02-08T08:50:29.898906,6.7,13.3,2100.0
2026-02-08T08:50:30.399346,2.7,13.3,2100.0
2026-02-08T08:50:30.900725,9.6,13.3,2100.0
2026-02-08T08:50:31.401737,3.1,13.3,2100.0
2026-02-08T08:50:31.902343,5.4,13.3,2100.0
2026-02-08T08:50:32.402827,7.0,13.3,2100.0
2026-02-08T08:50:32.904208,6.2,13.3,2100.0
2026-02-08T08:50:33.404960,5.2,13.3,2100.0
2026-02-08T08:50:33.905733,5.0,13.3,2100.0
2026-02-08T08:50:34.406394,4.8,13.3,2100.0
2026-02-08T08:50:34.907206,9.1,13.3,2100.0
2026-02-08T08:50:35.407601,2.7,13.3,2100.0
2026-02-08T08:50:35.908731,6.4,13.3,2100.0
2026-02-08T08:50:36.409378,3.7,13.3,2100.0
2026-02-08T08:50:36.909944,6.2,13.3,2100.0
2026-02-08T08:50:37.410426,3.2,13.3,2100.0
2026-02-08T08:50:37.910982,5.6,13.3,2100.0
2026-02-08T08:50:38.411578,5.6,13.3,2100.0
2026-02-08T08:50:38.912136,7.8,13.3,2100.0
2026-02-08T08:50:39.412930,3.1,13.3,2100.0
2026-02-08T08:50:39.913713,6.0,13.3,2100.0
2026-02-08T08:50:40.414520,3.4,13.2,2100.0
2026-02-08T08:50:40.915564,5.9,13.2,2100.0
2026-02-08T08:50:41.415953,4.3,13.2,2100.0
2026-02-08T08:50:41.916600,4.8,13.2,2100.0
2026-02-08T08:50:42.419665,3.7,13.2,2100.0
2026-02-08T08:50:42.921936,7.5,13.2,2100.0
2026-02-08T08:50:43.422497,4.6,13.2,2100.0
2026-02-08T08:50:43.922914,5.0,13.2,2100.0
2026-02-08T08:50:44.423898,4.9,13.2,2100.0
2026-02-08T08:50:44.924607,5.0,13.2,2100.0
2026-02-08T08:50:45.425309,4.5,13.2,2100.0
2026-02-08T08:50:45.925739,4.3,13.2,2100.0
2026-02-08T08:50:46.430486,4.2,13.2,2100.0
2026-02-08T08:50:46.931377,7.0,13.2,2100.0
2026-02-08T08:50:47.433028,6.0,13.2,2100.0
2026-02-08T08:50:47.933768,5.6,13.2,2100.0
2026-02-08T08:50:48.434570,6.1,13.2,2100.0
2026-02-08T08:50:48.935236,5.1,13.2,2100.0
2026-02-08T08:50:49.436341,4.4,13.2,2100.0
2026-02-08T08:50:49.937228,5.3,13.2,2100.0
2026-02-08T08:50:50.437936,4.3,13.2,2100.0
2026-02-08T08:50:50.938410,5.8,13.3,2100.0
2026-02-08T08:50:51.438803,4.9,13.3,2100.0
2026-02-08T08:50:51.940634,6.2,13.3,2100.0
2026-02-08T08:50:52.441433,7.3,13.3,2100.0
2026-02-08T08:50:52.942020,4.0,13.3,2100.0
2026-02-08T08:50:53.442602,4.4,13.3,2100.0
2026-02-08T08:50:53.943420,4.9,13.3,2100.0
2026-02-08T08:50:54.443808,10.4,13.3,2100.0
2026-02-08T08:50:54.944765,4.7,13.3,2100.0
2026-02-08T08:50:55.445336,4.6,13.3,2100.0
2026-02-08T08:50:55.946483,4.6,13.3,2100.0
2026-02-08T08:50:56.448603,4.8,13.3,2100.0
2026-02-08T08:50:56.949018,5.5,13.3,2100.0
2026-02-08T08:50:57.449678,5.5,13.3,2100.0
2026-02-08T08:50:57.952203,4.3,13.3,2100.0
2026-02-08T08:50:58.453962,6.0,13.3,2100.0
2026-02-08T08:50:58.954372,4.1,13.3,2100.0
2026-02-08T08:50:59.455119,5.9,13.3,2100.0
2026-02-08T08:50:59.955675,3.4,13.3,2100.0
2026-02-08T08:51:00.456410,5.7,13.3,2100.0
2026-02-08T08:51:00.957025,3.4,13.3,2100.0
2026-02-08T08:51:01.457687,4.7,13.3,2100.0
2026-02-08T08:51:01.958224,3.1,13.3,2100.0
2026-02-08T08:51:02.458913,6.7,13.3,2100.0
2026-02-08T08:51:02.959640,2.8,13.3,2100.0
2026-02-08T08:51:03.461452,7.4,13.3,2100.0
2026-02-08T08:51:03.963478,3.2,13.3,2100.0
2026-02-08T08:51:04.464199,8.4,13.3,2100.0
2026-02-08T08:51:04.965203,3.5,13.3,2100.0
2026-02-08T08:51:05.466570,5.3,13.3,2100.0
2026-02-08T08:51:05.967472,2.3,13.3,2100.0
2026-02-08T08:51:06.468549,3.9,13.3,2100.0
2026-02-08T08:51:06.969168,5.2,13.3,2100.0
2026-02-08T08:51:07.469931,5.7,13.3,2100.0
2026-02-08T08:51:07.970624,3.9,13.3,2100.0
2026-02-08T08:51:08.471211,5.7,13.3,2100.0
2026-02-08T08:51:08.971882,4.9,13.3,2100.0
2026-02-08T08:51:09.472753,7.8,13.3,2100.0
2026-02-08T08:51:09.973294,4.7,13.3,2100.0
2026-02-08T08:51:10.473839,7.8,13.3,2100.0
2026-02-08T08:51:10.974217,4.9,13.2,2100.0
2026-02-08T08:51:11.474759,5.7,13.2,2100.0
2026-02-08T08:51:11.975250,4.6,13.2,2100.0
2026-02-08T08:51:12.475708,6.4,13.3,2100.0
2026-02-08T08:51:12.976452,3.6,13.3,2100.0
2026-02-08T08:51:13.477172,5.1,13.3,2100.0
2026-02-08T08:51:13.977701,5.5,13.3,2100.0
2026-02-08T08:51:14.478353,5.9,13.3,2100.0
2026-02-08T08:51:14.978862,6.0,13.3,2100.0
2026-02-08T08:51:15.479706,4.5,13.3,2100.0
2026-02-08T08:51:15.980158,3.2,13.3,2100.0
2026-02-08T08:51:16.482249,5.0,13.3,2100.0
2026-02-08T08:51:16.982628,7.1,13.3,2100.0
2026-02-08T08:51:17.483380,4.3,13.3,2100.0
2026-02-08T08:51:17.983958,5.1,13.3,2100.0
2026-02-08T08:51:18.484714,5.7,13.3,2100.0
2026-02-08T08:51:18.985943,8.5,13.3,2100.0
2026-02-08T08:51:19.486985,7.7,13.2,2100.0
2026-02-08T08:51:19.987859,3.9,13.2,2100.0
2026-02-08T08:51:20.488540,7.8,13.2,2100.0
2026-02-08T08:51:20.989194,4.3,13.2,2100.0
2026-02-08T08:51:21.489622,5.7,13.2,2100.0
2026-02-08T08:51:21.990180,4.3,13.2,2100.0
2026-02-08T08:51:22.490515,5.0,13.2,2100.0
2026-02-08T08:51:22.991491,4.8,13.2,2100.0
2026-02-08T08:51:23.493374,5.9,13.2,2100.0
2026-02-08T08:51:23.993852,4.3,13.2,2100.0
2026-02-08T08:51:24.494644,6.2,13.2,2100.0
2026-02-08T08:51:24.995275,5.0,13.2,2100.0
2026-02-08T08:51:25.496096,6.3,13.2,2100.0
2026-02-08T08:51:25.998878,4.5,13.2,2100.0
2026-02-08T08:51:26.500648,5.4,13.2,2100.0
2026-02-08T08:51:27.001457,3.8,13.2,2100.0
2026-02-08T08:51:27.502288,5.3,13.2,2100.0
2026-02-08T08:51:28.003112,4.2,13.2,2100.0
2026-02-08T08:51:28.503732,5.1,13.2,2100.0
2026-02-08T08:51:29.004392,3.9,13.2,2100.0
2026-02-08T08:51:29.505286,6.8,13.2,2100.0
2026-02-08T08:51:30.006056,5.5,13.2,2100.0
2026-02-08T08:51:30.506540,5.0,13.2,2100.0
2026-02-08T08:51:31.007059,5.2,13.2,2100.0
2026-02-08T08:51:31.507701,5.1,13.2,2100.0
2026-02-08T08:51:32.008656,7.1,13.2,2100.0
2026-02-08T08:51:32.509090,4.9,13.2,2100.0
2026-02-08T08:51:33.009846,6.2,13.2,2100.0
2026-02-08T08:51:33.510644,5.8,13.2,2100.0
2026-02-08T08:51:34.011324,4.6,13.2,2100.0
2026-02-08T08:51:34.512141,3.5,13.2,2100.0
2026-02-08T08:51:35.013356,4.9,13.2,2100.0
2026-02-08T08:51:35.513967,3.7,13.2,2100.0
2026-02-08T08:51:36.015244,5.5,13.2,2100.0
2026-02-08T08:51:36.516140,4.7,13.2,2100.0
2026-02-08T08:51:37.017314,6.4,13.2,2100.0
2026-02-08T08:51:37.518801,5.4,13.2,2100.0
2026-02-08T08:51:38.019278,7.2,13.2,2100.0
2026-02-08T08:51:38.520346,3.4,13.2,2100.0
2026-02-08T08:51:39.020834,6.2,13.2,2100.0
2026-02-08T08:51:39.521568,4.5,13.2,2100.0
2026-02-08T08:51:40.022170,6.8,13.2,2100.0
2026-02-08T08:51:40.522832,5.8,13.2,2100.0
2026-02-08T08:51:41.023465,5.1,13.2,2100.0
2026-02-08T08:51:41.524068,3.8,13.2,2100.0
2026-02-08T08:51:42.024916,5.5,13.2,2100.0
2026-02-08T08:51:42.525743,3.9,13.2,2100.0
2026-02-08T08:51:43.026340,6.0,13.2,2100.0
2026-02-08T08:51:43.527424,6.6,13.2,2100.0
2026-02-08T08:51:44.027940,4.8,13.2,2100.0
2026-02-08T08:51:44.528486,5.5,13.2,2100.0
2026-02-08T08:51:45.029057,4.9,13.2,2100.0
2026-02-08T08:51:45.530330,4.2,13.2,2100.0
2026-02-08T08:51:46.030829,8.4,13.2,2100.0
2026-02-08T08:51:46.531477,5.5,13.2,2100.0
2026-02-08T08:51:47.033778,6.6,13.2,2100.0
2026-02-08T08:51:47.534215,5.8,13.2,2100.0
2026-02-08T08:51:48.034977,5.2,13.2,2100.0
2026-02-08T08:51:48.535842,4.9,13.2,2100.0
2026-02-08T08:51:49.036574,6.0,13.2,2100.0
2026-02-08T08:51:49.537106,6.5,13.2,2100.0
2026-02-08T08:51:50.038248,3.7,13.2,2100.0
2026-02-08T08:51:50.538877,4.3,13.2,2100.0
2026-02-08T08:51:51.040355,4.8,13.2,2100.0
2026-02-08T08:51:51.541220,4.0,13.2,2100.0
2026-02-08T08:51:52.041889,7.1,13.2,2100.0
2026-02-08T08:51:52.542324,4.9,13.2,2100.0
2026-02-08T08:51:53.042850,4.2,13.2,2100.0
2026-02-08T08:51:53.543370,8.1,13.2,2100.0
2026-02-08T08:51:54.043986,3.8,13.2,2100.0
2026-02-08T08:51:54.544435,6.9,13.2,2100.0
2026-02-08T08:51:55.045317,5.8,13.3,2100.0
2026-02-08T08:51:55.546113,7.1,13.3,2100.0
2026-02-08T08:51:56.046996,6.9,13.2,2100.0
2026-02-08T08:51:56.547868,5.5,13.2,2100.0
2026-02-08T08:51:57.048476,3.2,13.2,2100.0
2026-02-08T08:51:57.551236,4.5,13.2,2100.0
2026-02-08T08:51:58.051954,4.4,13.2,2100.0
2026-02-08T08:51:58.552610,7.9,13.2,2100.0
2026-02-08T08:51:59.053533,6.1,13.2,2100.0
2026-02-08T08:51:59.554241,4.5,13.2,2100.0
2026-02-08T08:52:00.055128,4.2,13.2,2100.0
2026-02-08T08:52:00.555655,5.9,13.2,2100.0
2026-02-08T08:52:01.056371,4.0,13.2,2100.0
2026-02-08T08:52:01.557028,4.5,13.2,2100.0
2026-02-08T08:52:02.057969,3.5,13.2,2100.0
2026-02-08T08:52:02.558559,5.6,13.2,2100.0
2026-02-08T08:52:03.059888,5.6,13.2,2100.0
2026-02-08T08:52:03.562379,7.7,13.2,2100.0
2026-02-08T08:52:04.064772,3.9,13.2,2100.0
2026-02-08T08:52:04.565736,5.0,13.2,2100.0
2026-02-08T08:52:05.066638,4.5,13.2,2100.0
2026-02-08T08:52:05.567278,6.7,13.3,2100.0
2026-02-08T08:52:06.067948,6.0,13.3,2100.0
2026-02-08T08:52:06.568595,5.1,13.3,2100.0
2026-02-08T08:52:07.069267,4.7,13.3,2100.0
2026-02-08T08:52:07.570491,3.6,13.3,2100.0
2026-02-08T08:52:08.071272,4.3,13.3,2100.0
2026-02-08T08:52:08.572725,7.2,13.3,2100.0
2026-02-08T08:52:09.073378,3.8,13.3,2100.0
2026-02-08T08:52:09.573977,5.2,13.3,2100.0
2026-02-08T08:52:10.074359,4.9,13.3,2100.0
2026-02-08T08:52:10.574848,6.8,13.3,2100.0
2026-02-08T08:52:11.075966,6.0,13.3,2100.0
2026-02-08T08:52:11.576926,3.9,13.3,2100.0
2026-02-08T08:52:12.077884,3.1,13.3,2100.0
2026-02-08T08:52:12.579514,5.6,13.3,2100.0
2026-02-08T08:52:13.081068,5.6,13.3,2100.0
2026-02-08T08:52:13.582875,5.4,13.3,2100.0
2026-02-08T08:52:14.083579,3.7,13.3,2100.0
2026-02-08T08:52:14.584445,7.6,13.3,2100.0
2026-02-08T08:52:15.084989,7.6,13.3,2100.0
2026-02-08T08:52:15.585569,5.4,13.3,2100.0
2026-02-08T08:52:16.086110,5.2,13.3,2100.0
2026-02-08T08:52:16.586965,5.6,13.2,2100.0
2026-02-08T08:52:17.087813,4.3,13.2,2100.0
2026-02-08T08:52:17.588297,7.5,13.2,2100.0
2026-02-08T08:52:18.089187,7.1,13.2,2100.0
2026-02-08T08:52:18.590082,7.3,13.2,2100.0
2026-02-08T08:52:19.090957,3.8,13.2,2100.0
2026-02-08T08:52:19.591836,5.3,13.2,2100.0
2026-02-08T08:52:20.092582,5.2,13.2,2100.0
2026-02-08T08:52:20.593388,5.9,13.2,2100.0
2026-02-08T08:52:21.094219,5.7,13.2,2100.0
2026-02-08T08:52:21.595196,5.6,13.2,2100.0
2026-02-08T08:52:22.096034,6.1,13.2,2100.0
2026-02-08T08:52:22.597033,4.8,13.2,2100.0
2026-02-08T08:52:23.097779,6.9,13.2,2100.0
2026-02-08T08:52:23.598403,3.7,13.2,2100.0
2026-02-08T08:52:24.099128,5.5,13.2,2100.0
2026-02-08T08:52:24.599972,3.6,13.2,2100.0
2026-02-08T08:52:25.100418,7.9,13.2,2100.0
2026-02-08T08:52:25.600982,4.2,13.2,2100.0
2026-02-08T08:52:26.101566,5.9,13.2,2100.0
2026-02-08T08:52:26.602308,4.1,13.2,2100.0
2026-02-08T08:52:27.103002,5.8,13.2,2100.0
2026-02-08T08:52:27.603528,2.9,13.2,2100.0
2026-02-08T08:52:28.106166,8.9,13.2,2100.0
2026-02-08T08:52:28.606795,4.4,13.2,2100.0
2026-02-08T08:52:29.107272,5.8,13.2,2100.0
2026-02-08T08:52:29.608247,5.9,13.2,2100.0
2026-02-08T08:52:30.108899,3.8,13.2,2100.0
2026-02-08T08:52:30.609860,5.7,13.2,2100.0
2026-02-08T08:52:31.112530,5.6,13.2,2100.0
2026-02-08T08:52:31.613080,5.6,13.2,2100.0
2026-02-08T08:52:32.113533,4.8,13.2,2100.0
2026-02-08T08:52:32.616281,6.5,13.2,2100.0
2026-02-08T08:52:33.117238,2.4,13.2,2100.0
2026-02-08T08:52:33.617888,5.0,13.2,2100.0
2026-02-08T08:52:34.118544,3.3,13.2,2100.0
2026-02-08T08:52:34.619252,4.7,13.2,2100.0
2026-02-08T08:52:35.120850,5.7,13.2,2100.0
2026-02-08T08:52:35.621261,6.1,13.2,2100.0
2026-02-08T08:52:36.122007,4.1,13.2,2100.0
2026-02-08T08:52:36.622936,6.7,13.2,2100.0
2026-02-08T08:52:37.123523,4.9,13.2,2100.0
2026-02-08T08:52:37.625094,7.6,13.2,2100.0
2026-02-08T08:52:38.125884,5.1,13.2,2100.0
2026-02-08T08:52:38.626541,5.7,13.2,2100.0
2026-02-08T08:52:39.127466,4.5,13.2,2100.0
2026-02-08T08:52:39.628210,5.6,13.2,2100.0
2026-02-08T08:52:40.129121,3.5,13.2,2100.0
2026-02-08T08:52:40.630388,4.1,13.2,2100.0
2026-02-08T08:52:41.130789,5.9,13.2,2100.0
2026-02-08T08:52:41.631290,6.3,13.2,2100.0
2026-02-08T08:52:42.132233,4.5,13.2,2100.0
2026-02-08T08:52:42.633082,7.4,13.2,2100.0
2026-02-08T08:52:43.133697,4.9,13.2,2100.0
2026-02-08T08:52:43.634109,5.3,13.2,2100.0
2026-02-08T08:52:44.134620,4.1,13.2,2100.0
2026-02-08T08:52:44.635335,3.8,13.2,2100.0
2026-02-08T08:52:45.136039,4.9,13.2,2100.0
2026-02-08T08:52:45.636484,5.3,13.2,2100.0
2026-02-08T08:52:46.137240,5.3,13.2,2100.0
2026-02-08T08:52:46.637991,3.0,13.2,2100.0
2026-02-08T08:52:47.138798,5.7,13.2,2100.0
2026-02-08T08:52:47.639463,6.1,13.2,2100.0
2026-02-08T08:52:48.140296,3.0,13.2,2100.0
2026-02-08T08:52:48.640809,4.6,13.2,2100.0
2026-02-08T08:52:49.141207,4.2,13.2,2100.0
2026-02-08T08:52:49.642074,5.7,13.2,2100.0
2026-02-08T08:52:50.142523,4.4,13.2,2100.0
2026-02-08T08:52:50.643418,4.7,13.2,2100.0
2026-02-08T08:52:51.144787,4.3,13.2,2100.0
2026-02-08T08:52:51.646381,7.0,13.2,2100.0
2026-02-08T08:52:52.148589,5.7,13.2,2100.0
2026-02-08T08:52:52.653331,5.5,13.2,2100.0
2026-02-08T08:52:53.154073,4.6,13.2,2100.0
2026-02-08T08:52:53.654853,5.8,13.2,2100.0
2026-02-08T08:52:54.155382,6.1,13.2,2100.0
2026-02-08T08:52:54.656186,4.7,13.2,2100.0
2026-02-08T08:52:55.157523,3.4,13.2,2100.0
2026-02-08T08:52:55.658160,6.2,13.2,2100.0
2026-02-08T08:52:56.158655,4.4,13.2,2100.0
2026-02-08T08:52:56.659174,7.8,13.2,2100.0
2026-02-08T08:52:57.160047,4.8,13.2,2100.0
2026-02-08T08:52:57.660636,5.9,13.2,2100.0
2026-02-08T08:52:58.162616,3.7,13.2,2100.0
2026-02-08T08:52:58.663041,5.7,13.2,2100.0
2026-02-08T08:52:59.164447,4.5,13.2,2100.0
2026-02-08T08:52:59.664950,7.7,13.2,2100.0
2026-02-08T08:53:00.165837,4.3,13.2,2100.0
2026-02-08T08:53:00.666272,6.2,13.2,2100.0
2026-02-08T08:53:01.167175,3.2,13.2,2100.0
2026-02-08T08:53:01.668753,4.4,13.2,2100.0
2026-02-08T08:53:02.169218,5.9,13.2,2100.0
2026-02-08T08:53:02.670241,5.8,13.2,2100.0
2026-02-08T08:53:03.170997,3.4,13.2,2100.0
2026-02-08T08:53:03.671385,9.6,13.2,2100.0
2026-02-08T08:53:04.171877,4.8,13.2,2100.0
2026-02-08T08:53:04.672453,5.9,13.2,2100.0
2026-02-08T08:53:05.173271,4.3,13.2,2100.0
2026-02-08T08:53:05.673937,6.8,13.2,2100.0
2026-02-08T08:53:06.174408,4.6,13.2,2100.0
2026-02-08T08:53:06.675041,4.7,13.2,2100.0
2026-02-08T08:53:07.176489,4.2,13.2,2100.0
2026-02-08T08:53:07.677316,5.0,13.2,2100.0
2026-02-08T08:53:08.177868,5.0,13.2,2100.0
2026-02-08T08:53:08.679020,6.4,13.2,2100.0
2026-02-08T08:53:09.180241,4.1,13.2,2100.0
2026-02-08T08:53:09.680866,3.7,13.2,2100.0
2026-02-08T08:53:10.181560,5.1,13.2,2100.0
2026-02-08T08:53:10.682036,4.7,13.2,2100.0
2026-02-08T08:53:11.182632,6.2,13.2,2100.0
2026-02-08T08:53:11.683349,4.0,13.2,2100.0
2026-02-08T08:53:12.184257,4.2,13.2,2100.0
2026-02-08T08:53:12.684731,2.5,13.2,2100.0
2026-02-08T08:53:13.185341,5.9,13.2,2100.0
2026-02-08T08:53:13.686163,3.5,13.2,2100.0
2026-02-08T08:53:14.186596,5.5,13.2,2100.0
2026-02-08T08:53:14.687275,2.7,13.2,2100.0
2026-02-08T08:53:15.188356,7.5,13.2,2100.0
2026-02-08T08:53:15.689081,3.2,13.2,2100.0
2026-02-08T08:53:16.189677,8.8,13.2,2100.0
2026-02-08T08:53:16.690682,6.1,13.2,2100.0
2026-02-08T08:53:17.191238,6.4,13.2,2100.0
2026-02-08T08:53:17.691761,6.1,13.2,2100.0
2026-02-08T08:53:18.192463,4.5,13.2,2100.0
2026-02-08T08:53:18.693987,4.2,13.2,2100.0
2026-02-08T08:53:19.194740,10.2,13.2,2100.0
2026-02-08T08:53:19.695174,4.5,13.2,2100.0
2026-02-08T08:53:20.195871,5.9,13.2,2100.0
2026-02-08T08:53:20.696945,7.0,13.2,2100.0
2026-02-08T08:53:21.197403,5.5,13.2,2100.0
2026-02-08T08:53:21.698122,4.6,13.2,2100.0
2026-02-08T08:53:22.199174,6.0,13.2,2100.0
2026-02-08T08:53:22.700088,3.9,13.2,2100.0
2026-02-08T08:53:23.200693,4.2,13.2,2100.0
2026-02-08T08:53:23.701580,3.3,13.2,2100.0
2026-02-08T08:53:24.202181,5.8,13.2,2100.0
2026-02-08T08:53:24.702967,6.0,13.2,2100.0
2026-02-08T08:53:25.203515,8.1,13.2,2100.0
2026-02-08T08:53:25.704274,5.5,13.2,2100.0
2026-02-08T08:53:26.205097,6.1,13.2,2100.0
2026-02-08T08:53:26.706296,8.3,13.2,2100.0
2026-02-08T08:53:27.207046,5.1,13.2,2100.0
2026-02-08T08:53:27.709137,5.2,13.2,2100.0
2026-02-08T08:53:28.209778,2.5,13.2,2100.0
2026-02-08T08:53:28.710310,4.7,13.2,2100.0
2026-02-08T08:53:29.211299,5.2,13.2,2100.0
2026-02-08T08:53:29.712518,6.3,13.2,2100.0
2026-02-08T08:53:30.212942,3.0,13.2,2100.0
2026-02-08T08:53:30.713464,7.3,13.2,2100.0
2026-02-08T08:53:31.214165,3.7,13.2,2100.0
2026-02-08T08:53:31.714949,5.4,13.2,2100.0
2026-02-08T08:53:32.215898,3.3,13.2,2100.0
2026-02-08T08:53:32.716571,6.3,13.2,2100.0
2026-02-08T08:53:33.217153,4.7,13.2,2100.0
2026-02-08T08:53:33.717522,7.6,13.2,2100.0
2026-02-08T08:53:34.218432,4.1,13.2,2100.0
2026-02-08T08:53:34.719007,8.6,13.2,2100.0
2026-02-08T08:53:35.219888,3.6,13.2,2100.0
2026-02-08T08:53:35.720614,4.8,13.2,2100.0
2026-02-08T08:53:36.221492,4.0,13.2,2100.0
2026-02-08T08:53:36.721932,4.3,13.2,2100.0
2026-02-08T08:53:37.222589,5.6,13.2,2100.0
2026-02-08T08:53:37.723528,6.2,13.2,2100.0
2026-02-08T08:53:38.224250,4.0,13.2,2100.0
2026-02-08T08:53:38.725802,3.2,13.2,2100.0
2026-02-08T08:53:39.226929,6.1,13.2,2100.0
2026-02-08T08:53:39.727479,8.3,13.2,2100.0
2026-02-08T08:53:40.228064,7.7,13.2,2100.0
2026-02-08T08:53:40.729521,3.9,13.2,2100.0
2026-02-08T08:53:41.230282,5.2,13.2,2100.0
2026-02-08T08:53:41.730851,7.3,13.2,2100.0
2026-02-08T08:53:42.231978,5.9,13.2,2100.0
2026-02-08T08:53:42.732746,4.8,13.2,2100.0
2026-02-08T08:53:43.233179,4.3,13.2,2100.0
2026-02-08T08:53:43.733724,5.2,13.2,2100.0
2026-02-08T08:53:44.234405,5.2,13.2,2100.0
2026-02-08T08:53:44.735140,5.4,13.2,2100.0
2026-02-08T08:53:45.235582,9.4,13.2,2100.0
2026-02-08T08:53:45.736311,3.8,13.2,2100.0
2026-02-08T08:53:46.237270,4.0,13.2,2100.0
2026-02-08T08:53:46.738179,6.1,13.2,2100.0
2026-02-08T08:53:47.239044,5.0,13.2,2100.0
2026-02-08T08:53:47.739484,4.3,13.2,2100.0
2026-02-08T08:53:48.240663,4.9,13.2,2100.0
2026-02-08T08:53:48.741571,3.2,13.2,2100.0
2026-02-08T08:53:49.242038,6.2,13.2,2100.0
2026-02-08T08:53:49.744025,4.3,13.2,2100.0
2026-02-08T08:53:50.245067,6.0,13.2,2100.0
2026-02-08T08:53:50.746515,4.7,13.2,2100.0
2026-02-08T08:53:51.247394,8.8,13.2,2100.0
2026-02-08T08:53:51.749171,6.5,13.2,2100.0
2026-02-08T08:53:52.249736,5.5,13.2,2100.0
2026-02-08T08:53:52.750278,3.8,13.2,2100.0
2026-02-08T08:53:53.250831,8.9,13.2,2100.0
2026-02-08T08:53:53.751765,5.2,13.2,2100.0
2026-02-08T08:53:54.252488,5.6,13.2,2100.0
2026-02-08T08:53:54.753231,6.3,13.2,2100.0
2026-02-08T08:53:55.254834,4.0,13.2,2100.0
2026-02-08T08:53:55.755389,7.7,13.3,2100.0
2026-02-08T08:53:56.256564,46.1,13.6,2100.0
2026-02-08T08:53:56.757651,32.5,13.8,2100.0
2026-02-08T08:53:57.258780,22.3,13.8,2100.0
2026-02-08T08:53:57.759611,14.4,13.9,2100.0
2026-02-08T08:53:58.260052,10.2,13.9,2100.0
2026-02-08T08:53:58.760958,20.1,14.0,2100.0
2026-02-08T08:53:59.262736,36.2,14.0,2100.0
2026-02-08T08:53:59.763227,18.2,14.0,2100.0
2026-02-08T08:54:00.263860,22.0,14.0,2100.0
2026-02-08T08:54:00.764750,16.8,14.0,2100.0
2026-02-08T08:54:01.265354,6.5,14.0,2100.0
2026-02-08T08:54:01.766241,5.4,14.0,2100.0
2026-02-08T08:54:02.266699,6.2,14.0,2100.0
2026-02-08T08:54:02.767323,4.8,14.0,2100.0
2026-02-08T08:54:03.268190,7.0,14.0,2100.0
2026-02-08T08:54:03.769302,4.7,14.0,2100.0
2026-02-08T08:54:04.270464,5.7,14.0,2100.0
2026-02-08T08:54:04.770920,8.8,14.0,2100.0
2026-02-08T08:54:05.271405,6.9,14.0,2100.0
2026-02-08T08:54:05.773969,7.0,14.0,2100.0
2026-02-08T08:54:06.275852,4.0,14.0,2100.0
2026-02-08T08:54:06.776730,4.6,14.0,2100.0
2026-02-08T08:54:07.277666,5.7,14.0,2100.0
2026-02-08T08:54:07.778510,9.0,14.0,2100.0
2026-02-08T08:54:08.279219,10.6,14.0,2100.0
2026-02-08T08:54:08.780043,14.4,14.0,2100.0
2026-02-08T08:54:09.280935,4.6,14.0,2100.0
2026-02-08T08:54:09.781556,14.9,14.0,2100.0
2026-02-08T08:54:10.282076,7.7,14.0,2100.0
2026-02-08T08:54:10.782951,10.4,14.0,2100.0
2026-02-08T08:54:11.283973,7.8,14.0,2100.0
2026-02-08T08:54:11.784584,6.9,14.0,2100.0
2026-02-08T08:54:12.285473,7.2,14.0,2100.0
2026-02-08T08:54:12.785927,12.9,14.0,2100.0
2026-02-08T08:54:13.286999,6.0,14.0,2100.0
2026-02-08T08:54:13.787635,6.1,14.0,2100.0
2026-02-08T08:54:14.288263,6.8,14.0,2100.0
2026-02-08T08:54:14.788780,10.3,14.0,2100.0
2026-02-08T08:54:15.289857,7.7,14.1,2100.0
2026-02-08T08:54:15.790710,10.1,14.1,2100.0
2026-02-08T08:54:16.291256,4.8,14.0,2100.0
2026-02-08T08:54:16.791752,4.4,14.0,2100.0
2026-02-08T08:54:17.293286,4.4,14.0,2100.0
2026-02-08T08:54:17.794655,7.0,14.0,2100.0
2026-02-08T08:54:18.295596,3.1,14.0,2100.0
2026-02-08T08:54:18.796014,4.8,14.0,2100.0
2026-02-08T08:54:19.296616,2.9,14.0,2100.0
2026-02-08T08:54:19.797045,8.6,14.0,2100.0
2026-02-08T08:54:20.297482,5.8,14.0,2100.0
2026-02-08T08:54:20.798240,9.0,14.1,2100.0
2026-02-08T08:54:21.298999,6.1,14.1,2100.0
2026-02-08T08:54:21.799808,12.1,14.1,2100.0
2026-02-08T08:54:22.300607,4.7,14.1,2100.0
2026-02-08T08:54:22.801339,12.4,14.1,2100.0
2026-02-08T08:54:23.302185,4.5,14.1,2100.0
2026-02-08T08:54:23.802741,5.6,14.1,2100.0
2026-02-08T08:54:24.303590,4.6,14.1,2100.0
2026-02-08T08:54:24.804133,5.7,14.1,2100.0
2026-02-08T08:54:25.304938,4.0,14.1,2100.0
2026-02-08T08:54:25.805641,6.2,14.1,2100.0
2026-02-08T08:54:26.306541,9.1,14.1,2100.0
2026-02-08T08:54:26.808400,12.0,14.1,2100.0
2026-02-08T08:54:27.309003,6.8,14.0,2100.0
2026-02-08T08:54:27.809351,6.1,14.0,2100.0
2026-02-08T08:54:28.310083,4.8,14.0,2100.0
2026-02-08T08:54:28.810875,6.7,14.0,2100.0
2026-02-08T08:54:29.311672,4.8,14.0,2100.0
2026-02-08T08:54:29.812277,5.1,14.0,2100.0
2026-02-08T08:54:30.313185,3.1,14.0,2100.0
2026-02-08T08:54:30.813861,6.7,14.0,2100.0
2026-02-08T08:54:31.314314,5.7,14.0,2100.0
2026-02-08T08:54:31.814817,6.0,14.0,2100.0
2026-02-08T08:54:32.315599,4.2,13.9,2100.0
2026-02-08T08:54:32.816391,4.8,13.9,2100.0
2026-02-08T08:54:33.317111,6.4,13.9,2100.0
2026-02-08T08:54:33.817619,4.7,13.9,2100.0
2026-02-08T08:54:34.318532,8.4,14.0,2100.0
2026-02-08T08:54:34.819216,4.9,14.0,2100.0
2026-02-08T08:54:35.320091,6.6,14.0,2100.0
2026-02-08T08:54:35.820653,3.7,13.9,2100.0
2026-02-08T08:54:36.321496,5.0,13.9,2100.0
2026-02-08T08:54:36.823302,4.4,14.0,2100.0
2026-02-08T08:54:37.324265,5.4,14.0,2100.0
2026-02-08T08:54:37.825299,4.7,14.0,2100.0
2026-02-08T08:54:38.326467,5.0,14.0,2100.0
2026-02-08T08:54:38.827031,5.9,14.0,2100.0
2026-02-08T08:54:39.327880,5.7,14.0,2100.0
2026-02-08T08:54:39.828547,7.7,14.0,2100.0
2026-02-08T08:54:40.329635,10.0,14.0,2100.0
2026-02-08T08:54:40.830443,3.2,14.0,2100.0
2026-02-08T08:54:41.331453,4.9,14.0,2100.0
2026-02-08T08:54:41.832004,4.1,14.0,2100.0
2026-02-08T08:54:42.332798,6.1,14.0,2100.0
2026-02-08T08:54:42.833418,4.3,13.9,2100.0
2026-02-08T08:54:43.334346,6.6,14.0,2100.0
2026-02-08T08:54:43.835613,4.5,14.0,2100.0
2026-02-08T08:54:44.336740,5.7,14.0,2100.0
2026-02-08T08:54:44.837880,5.2,14.0,2100.0
2026-02-08T08:54:45.338641,8.2,14.0,2100.0
2026-02-08T08:54:45.839376,4.7,14.0,2100.0
2026-02-08T08:54:46.340172,8.1,14.0,2100.0
2026-02-08T08:54:46.841066,4.4,14.0,2100.0
2026-02-08T08:54:47.341556,8.0,13.9,2100.0
2026-02-08T08:54:47.842582,3.5,13.9,2100.0
2026-02-08T08:54:48.343117,6.4,13.9,2100.0
2026-02-08T08:54:48.843563,3.7,13.9,2100.0
2026-02-08T08:54:49.344070,7.5,13.9,2100.0
2026-02-08T08:54:49.844437,4.9,13.9,2100.0
2026-02-08T08:54:50.346757,7.4,13.9,2100.0
2026-02-08T08:54:50.847437,4.0,13.9,2100.0
2026-02-08T08:54:51.348033,4.7,13.9,2100.0
2026-02-08T08:54:51.848505,7.7,13.9,2100.0
2026-02-08T08:54:52.349062,7.8,13.9,2100.0
2026-02-08T08:54:52.849884,6.0,13.9,2100.0
2026-02-08T08:54:53.350447,5.2,13.9,2100.0
2026-02-08T08:54:53.851849,4.7,13.9,2100.0
2026-02-08T08:54:54.352695,5.5,13.9,2100.0
2026-02-08T08:54:54.853425,7.4,13.9,2100.0
2026-02-08T08:54:55.356201,6.0,14.0,2100.0
2026-02-08T08:54:55.856701,4.8,13.9,2100.0
2026-02-08T08:54:56.357736,9.4,14.0,2100.0
2026-02-08T08:54:56.858903,5.4,14.0,2100.0
2026-02-08T08:54:57.359650,6.3,14.0,2100.0
2026-02-08T08:54:57.860078,2.7,14.0,2100.0
2026-02-08T08:54:58.360629,4.5,14.0,2100.0
2026-02-08T08:54:58.861140,4.0,14.0,2100.0
2026-02-08T08:54:59.361614,3.6,14.0,2100.0
2026-02-08T08:54:59.862490,4.5,14.0,2100.0
2026-02-08T08:55:00.363110,5.9,14.0,2100.0
2026-02-08T08:55:00.864014,6.0,14.0,2100.0
2026-02-08T08:55:01.364457,5.3,14.0,2100.0
2026-02-08T08:55:01.865202,5.1,14.0,2100.0
2026-02-08T08:55:02.366136,5.0,14.0,2100.0
2026-02-08T08:55:02.867277,6.4,14.0,2100.0
2026-02-08T08:55:03.367795,5.0,14.0,2100.0
2026-02-08T08:55:03.868193,5.1,14.0,2100.0
2026-02-08T08:55:04.369227,5.5,14.0,2100.0
2026-02-08T08:55:04.872545,2.8,14.0,2100.0
2026-02-08T08:55:05.373271,5.9,14.0,2100.0
2026-02-08T08:55:05.873744,5.2,14.0,2100.0
2026-02-08T08:55:06.374278,4.4,14.0,2100.0
2026-02-08T08:55:06.875125,5.3,14.0,2100.0
2026-02-08T08:55:07.375859,8.2,14.0,2100.0
2026-02-08T08:55:07.876506,6.7,14.0,2100.0
2026-02-08T08:55:08.377244,4.9,14.0,2100.0
2026-02-08T08:55:08.877764,7.5,14.0,2100.0
2026-02-08T08:55:09.378565,6.7,14.0,2100.0
2026-02-08T08:55:09.892247,7.4,14.0,2100.0
2026-02-08T08:55:10.392771,6.7,14.0,2100.0
2026-02-08T08:55:10.893619,7.8,14.0,2100.0
2026-02-08T08:55:11.394200,4.2,14.0,2100.0
2026-02-08T08:55:11.895050,7.5,14.0,2100.0
2026-02-08T08:55:12.395820,4.9,14.0,2100.0
2026-02-08T08:55:12.896490,4.5,14.0,2100.0
2026-02-08T08:55:13.397006,4.5,14.0,2100.0
2026-02-08T08:55:13.898954,4.7,14.0,2100.0
2026-02-08T08:55:14.399589,4.6,14.0,2100.0
2026-02-08T08:55:14.900222,5.1,14.0,2100.0
2026-02-08T08:55:15.400915,4.4,14.0,2100.0
2026-02-08T08:55:15.901595,7.2,14.0,2100.0
2026-02-08T08:55:16.401988,6.2,14.0,2100.0
2026-02-08T08:55:16.902486,4.8,14.0,2100.0
2026-02-08T08:55:17.403096,3.5,14.0,2100.0
2026-02-08T08:55:17.903777,4.7,14.0,2100.0
2026-02-08T08:55:18.405269,3.3,14.0,2100.0
2026-02-08T08:55:18.906137,5.7,14.0,2100.0
2026-02-08T08:55:19.406774,5.7,14.0,2100.0
2026-02-08T08:55:19.907916,5.8,14.0,2100.0
2026-02-08T08:55:20.409363,6.5,14.0,2100.0
2026-02-08T08:55:20.909835,5.9,14.0,2100.0
2026-02-08T08:55:21.410606,3.8,14.0,2100.0
2026-02-08T08:55:21.911291,5.8,14.0,2100.0
2026-02-08T08:55:22.411732,6.0,14.0,2100.0
2026-02-08T08:55:22.912624,4.4,14.0,2100.0
2026-02-08T08:55:23.413386,5.5,14.0,2100.0
2026-02-08T08:55:23.913799,3.8,14.0,2100.0
2026-02-08T08:55:24.414644,4.3,14.0,2100.0
2026-02-08T08:55:24.915632,5.0,14.0,2100.0
2026-02-08T08:55:25.417383,5.2,14.0,2100.0
2026-02-08T08:55:25.918373,3.6,14.0,2100.0
2026-02-08T08:55:26.420512,4.9,14.0,2100.0
2026-02-08T08:55:26.921131,4.6,14.0,2100.0
2026-02-08T08:55:27.422855,6.5,13.9,2100.0
2026-02-08T08:55:27.924346,4.6,13.9,2100.0
2026-02-08T08:55:28.425702,6.3,13.9,2100.0
2026-02-08T08:55:28.926481,3.4,13.9,2100.0
2026-02-08T08:55:29.427279,3.8,13.9,2100.0
2026-02-08T08:55:29.927998,6.0,13.9,2100.0
2026-02-08T08:55:30.428671,7.1,13.9,2100.0
2026-02-08T08:55:30.929626,5.2,13.9,2100.0
2026-02-08T08:55:31.430556,7.9,13.9,2100.0
2026-02-08T08:55:31.931003,6.7,14.0,2100.0
2026-02-08T08:55:32.431386,6.1,14.0,2100.0
2026-02-08T08:55:32.931944,5.1,14.0,2100.0
2026-02-08T08:55:33.432585,9.3,14.0,2100.0
2026-02-08T08:55:33.933084,3.8,13.9,2100.0
2026-02-08T08:55:34.433782,6.8,13.9,2100.0
2026-02-08T08:55:34.934365,4.3,13.9,2100.0
2026-02-08T08:55:35.435314,6.5,13.9,2100.0
2026-02-08T08:55:35.936201,7.0,14.0,2100.0
2026-02-08T08:55:36.437393,4.8,14.0,2100.0
2026-02-08T08:55:36.938167,6.5,14.0,2100.0
2026-02-08T08:55:37.438727,8.1,14.0,2100.0
2026-02-08T08:55:37.939634,6.1,14.0,2100.0
2026-02-08T08:55:38.440601,4.6,14.0,2100.0
2026-02-08T08:55:38.941384,5.3,14.0,2100.0
2026-02-08T08:55:39.442163,3.2,14.0,2100.0
2026-02-08T08:55:39.942658,3.2,14.0,2100.0
2026-02-08T08:55:40.443534,7.2,14.0,2100.0
2026-02-08T08:55:40.944078,6.3,14.0,2100.0
2026-02-08T08:55:41.444942,4.1,14.0,2100.0
2026-02-08T08:55:41.945718,6.6,14.0,2100.0
2026-02-08T08:55:42.446498,5.3,14.0,2100.0
2026-02-08T08:55:42.947171,3.8,14.0,2100.0
2026-02-08T08:55:43.447863,10.4,14.0,2100.0
2026-02-08T08:55:43.949764,4.5,14.0,2100.0
2026-02-08T08:55:44.450271,7.9,14.0,2100.0
2026-02-08T08:55:44.950978,3.3,14.0,2100.0
2026-02-08T08:55:45.453106,6.4,13.9,2100.0
2026-02-08T08:55:45.953844,5.7,13.9,2100.0
2026-02-08T08:55:46.455736,5.6,14.0,2100.0
2026-02-08T08:55:46.956280,3.9,14.0,2100.0
2026-02-08T08:55:47.457166,5.6,14.0,2100.0
2026-02-08T08:55:47.957887,4.7,14.0,2100.0
2026-02-08T08:55:48.458595,10.6,14.0,2100.0
2026-02-08T08:55:48.959404,6.1,14.0,2100.0
2026-02-08T08:55:49.459808,6.5,14.0,2100.0
2026-02-08T08:55:49.960430,5.6,14.0,2100.0
2026-02-08T08:55:50.460906,7.4,13.9,2100.0
2026-02-08T08:55:50.961708,3.8,13.9,2100.0
2026-02-08T08:55:51.462443,5.9,14.0,2100.0
2026-02-08T08:55:51.963302,5.4,14.0,2100.0
2026-02-08T08:55:52.463825,7.9,14.0,2100.0
2026-02-08T08:55:52.965149,5.2,14.0,2100.0
2026-02-08T08:55:53.466378,6.7,14.0,2100.0
2026-02-08T08:55:53.966845,4.6,13.9,2100.0
2026-02-08T08:55:54.467474,6.6,13.9,2100.0
2026-02-08T08:55:54.968323,6.0,14.0,2100.0
2026-02-08T08:55:55.468994,6.1,14.0,2100.0
2026-02-08T08:55:55.970208,6.4,14.0,2100.0
2026-02-08T08:55:56.471144,9.2,14.0,2100.0
2026-02-08T08:55:56.972543,4.6,14.0,2100.0
2026-02-08T08:55:57.473614,4.8,14.0,2100.0
2026-02-08T08:55:57.974354,5.8,14.0,2100.0
2026-02-08T08:55:58.475154,5.2,14.0,2100.0
2026-02-08T08:55:58.975745,4.8,14.0,2100.0
2026-02-08T08:55:59.476275,4.4,14.0,2100.0
2026-02-08T08:55:59.977227,5.8,14.0,2100.0
2026-02-08T08:56:00.477995,9.1,14.0,2100.0
2026-02-08T08:56:00.978710,4.6,14.0,2100.0
2026-02-08T08:56:01.479526,5.3,13.9,2100.0
2026-02-08T08:56:01.980057,5.0,13.9,2100.0
2026-02-08T08:56:02.480480,4.7,13.9,2100.0
2026-02-08T08:56:02.981521,5.9,13.9,2100.0
2026-02-08T08:56:03.482221,5.0,13.9,2100.0
2026-02-08T08:56:03.982956,3.6,13.9,2100.0
2026-02-08T08:56:04.484824,7.5,13.9,2100.0
2026-02-08T08:56:04.985334,4.1,13.9,2100.0
2026-02-08T08:56:05.487082,5.9,13.9,2100.0
2026-02-08T08:56:05.987924,4.3,13.9,2100.0
2026-02-08T08:56:06.488380,5.2,13.9,2100.0
2026-02-08T08:56:06.989545,5.9,13.9,2100.0
2026-02-08T08:56:07.490543,7.5,13.9,2100.0
2026-02-08T08:56:07.991407,4.4,13.9,2100.0
2026-02-08T08:56:08.492178,5.1,13.9,2100.0
2026-02-08T08:56:08.992761,3.5,13.9,2100.0
2026-02-08T08:56:09.493592,5.0,13.9,2100.0
2026-02-08T08:56:09.994053,4.6,13.9,2100.0
2026-02-08T08:56:10.494837,9.3,13.9,2100.0
2026-02-08T08:56:10.995333,6.7,13.9,2100.0
2026-02-08T08:56:11.495854,8.1,13.9,2100.0
2026-02-08T08:56:11.996520,4.4,13.9,2100.0
2026-02-08T08:56:12.498253,7.3,14.0,2100.0
2026-02-08T08:56:12.998761,4.6,14.0,2100.0
2026-02-08T08:56:13.499136,7.2,14.0,2100.0
2026-02-08T08:56:14.000161,4.8,14.0,2100.0
2026-02-08T08:56:14.500977,5.4,14.0,2100.0
2026-02-08T08:56:15.003003,7.2,13.9,2100.0
2026-02-08T08:56:15.504753,9.3,13.9,2100.0
2026-02-08T08:56:16.005766,4.1,13.9,2100.0
2026-02-08T08:56:16.506586,7.0,13.9,2100.0
2026-02-08T08:56:17.007046,6.9,13.9,2100.0
2026-02-08T08:56:17.507554,7.8,13.9,2100.0
2026-02-08T08:56:18.008214,4.3,13.9,2100.0
2026-02-08T08:56:18.508653,7.8,13.9,2100.0
2026-02-08T08:56:19.009328,3.3,13.9,2100.0
2026-02-08T08:56:19.510034,8.0,13.9,2100.0
2026-02-08T08:56:20.010741,4.6,13.9,2100.0
2026-02-08T08:56:20.511462,6.8,13.9,2100.0
2026-02-08T08:56:21.012389,3.0,13.9,2100.0
2026-02-08T08:56:21.513251,6.6,13.9,2100.0
2026-02-08T08:56:22.013944,4.3,13.9,2100.0
2026-02-08T08:56:22.514662,7.9,13.9,2100.0
2026-02-08T08:56:23.015388,2.1,13.9,2100.0
2026-02-08T08:56:23.516195,13.5,13.9,2100.0
2026-02-08T08:56:24.016745,2.8,13.9,2100.0
2026-02-08T08:56:24.517506,5.8,13.9,2100.0
2026-02-08T08:56:25.017940,4.8,13.9,2100.0
2026-02-08T08:56:25.519699,8.0,13.9,2100.0
2026-02-08T08:56:26.020282,3.5,13.9,2100.0
2026-02-08T08:56:26.522751,5.9,13.9,2100.0
2026-02-08T08:56:27.023306,4.3,13.9,2100.0
2026-02-08T08:56:27.524180,6.7,13.9,2100.0
2026-02-08T08:56:28.024642,5.0,13.9,2100.0
2026-02-08T08:56:28.525096,9.6,13.9,2100.0
2026-02-08T08:56:29.025621,3.6,13.9,2100.0
2026-02-08T08:56:29.526289,5.3,13.9,2100.0
2026-02-08T08:56:30.026915,3.9,13.9,2100.0
2026-02-08T08:56:30.531557,7.3,13.9,2100.0
2026-02-08T08:56:31.032215,4.6,13.9,2100.0
2026-02-08T08:56:31.532651,10.0,13.9,2100.0
2026-02-08T08:56:32.033648,3.4,13.9,2100.0
2026-02-08T08:56:32.534465,3.2,13.9,2100.0
2026-02-08T08:56:33.035080,5.0,13.9,2100.0
2026-02-08T08:56:33.535574,6.6,13.9,2100.0
2026-02-08T08:56:34.038030,3.8,13.9,2100.0
2026-02-08T08:56:34.538635,6.9,13.9,2100.0
2026-02-08T08:56:35.039310,5.4,13.9,2100.0
2026-02-08T08:56:35.540114,4.1,13.9,2100.0
2026-02-08T08:56:36.041157,5.2,13.9,2100.0
2026-02-08T08:56:36.541865,8.5,13.9,2100.0
2026-02-08T08:56:37.042633,5.0,13.9,2100.0
2026-02-08T08:56:37.543488,5.8,13.9,2100.0
2026-02-08T08:56:38.044389,5.8,13.9,2100.0
2026-02-08T08:56:38.544793,9.4,13.9,2100.0
2026-02-08T08:56:39.045658,3.9,14.0,2100.0
2026-02-08T08:56:39.546592,10.0,14.0,2100.0
2026-02-08T08:56:40.047338,22.3,14.0,2100.0
2026-02-08T08:56:40.548355,7.9,14.0,2100.0
2026-02-08T08:56:41.049009,6.3,14.0,2100.0
2026-02-08T08:56:41.549625,7.4,14.0,2100.0
2026-02-08T08:56:42.050417,6.5,14.0,2100.0
2026-02-08T08:56:42.551012,4.5,14.0,2100.0
2026-02-08T08:56:43.052249,4.6,14.0,2100.0
2026-02-08T08:56:43.552960,7.0,14.0,2100.0
2026-02-08T08:56:44.053781,8.4,14.0,2100.0
2026-02-08T08:56:44.554548,3.9,14.0,2100.0
2026-02-08T08:56:45.055165,5.7,14.0,2100.0
2026-02-08T08:56:45.555958,4.2,14.0,2100.0
2026-02-08T08:56:46.056417,4.9,14.0,2100.0
2026-02-08T08:56:46.557149,6.4,14.0,2100.0
2026-02-08T08:56:47.057801,5.3,14.0,2100.0
2026-02-08T08:56:47.558518,2.7,14.0,2100.0
2026-02-08T08:56:48.058929,4.4,14.0,2100.0
2026-02-08T08:56:48.559728,5.0,14.0,2100.0
2026-02-08T08:56:49.060907,6.7,14.0,2100.0
2026-02-08T08:56:49.561724,10.0,14.0,2100.0
2026-02-08T08:56:50.063229,6.5,14.0,2100.0
2026-02-08T08:56:50.563957,11.5,14.0,2100.0
2026-02-08T08:56:51.064484,5.1,14.0,2100.0
2026-02-08T08:56:51.565030,5.9,14.0,2100.0
2026-02-08T08:56:52.065602,3.2,14.0,2100.0
2026-02-08T08:56:52.566486,10.1,14.0,2100.0
2026-02-08T08:56:53.067129,4.4,14.0,2100.0
2026-02-08T08:56:53.568154,6.7,14.0,2100.0
2026-02-08T08:56:54.069554,7.7,14.0,2100.0
2026-02-08T08:56:54.569917,4.7,14.0,2100.0
2026-02-08T08:56:55.070551,9.3,14.0,2100.0
2026-02-08T08:56:55.570915,15.1,14.0,2100.0
2026-02-08T08:56:56.071575,7.7,14.0,2100.0
2026-02-08T08:56:56.572336,7.8,14.0,2100.0
2026-02-08T08:56:57.073188,9.5,14.0,2100.0
2026-02-08T08:56:57.573922,17.0,14.0,2100.0
2026-02-08T08:56:58.074663,17.5,14.1,2100.0
2026-02-08T08:56:58.575369,14.0,14.1,2100.0
2026-02-08T08:56:59.076177,4.4,14.1,2100.0
2026-02-08T08:56:59.581431,8.3,14.1,2100.0
2026-02-08T08:57:00.082299,4.5,14.1,2100.0
2026-02-08T08:57:00.582806,5.6,14.1,2100.0
2026-02-08T08:57:01.085132,5.6,14.1,2100.0
2026-02-08T08:57:01.585929,7.7,14.1,2100.0
2026-02-08T08:57:02.086635,6.5,14.1,2100.0
2026-02-08T08:57:02.587325,9.1,14.1,2100.0
2026-02-08T08:57:03.088186,6.9,14.1,2100.0
2026-02-08T08:57:03.588937,14.0,14.2,2100.0
2026-02-08T08:57:04.090286,9.1,14.2,2100.0
2026-02-08T08:57:04.591128,6.7,14.2,2100.0
2026-02-08T08:57:05.091613,5.3,14.2,2100.0
2026-02-08T08:57:05.592165,7.6,14.2,2100.0
2026-02-08T08:57:06.093062,7.1,14.2,2100.0
2026-02-08T08:57:06.593700,7.3,14.1,2100.0
2026-02-08T08:57:07.094482,8.5,14.1,2100.0
2026-02-08T08:57:07.595201,7.7,14.1,2100.0
2026-02-08T08:57:08.095928,4.7,14.1,2100.0
2026-02-08T08:57:08.596457,7.7,14.2,2100.0
2026-02-08T08:57:09.097552,7.1,14.2,2100.0
2026-02-08T08:57:09.598338,6.9,14.2,2100.0
2026-02-08T08:57:10.099583,6.9,14.2,2100.0
2026-02-08T08:57:10.600036,10.0,14.2,2100.0
2026-02-08T08:57:11.100627,11.2,14.2,2100.0
2026-02-08T08:57:11.601763,13.6,14.3,2100.0
2026-02-08T08:57:12.104083,11.6,14.3,2100.0
2026-02-08T08:57:12.605866,13.4,14.4,2100.0
2026-02-08T08:57:13.106753,10.4,14.4,2100.0
2026-02-08T08:57:13.607274,17.0,14.4,2100.0
2026-02-08T08:57:14.108549,22.9,14.5,2100.0
2026-02-08T08:57:14.609224,13.9,14.5,2100.0
2026-02-08T08:57:15.110246,10.7,14.5,2100.0
2026-02-08T08:57:15.610881,16.0,14.5,2100.0
2026-02-08T08:57:16.111885,10.0,14.5,2100.0
2026-02-08T08:57:16.612965,11.9,14.6,2100.0
2026-02-08T08:57:17.113741,10.0,14.6,2100.0
2026-02-08T08:57:17.614614,10.1,14.6,2100.0
2026-02-08T08:57:18.115198,5.0,14.6,2100.0
2026-02-08T08:57:18.616863,6.7,14.6,2100.0
2026-02-08T08:57:19.117633,5.0,14.6,2100.0
2026-02-08T08:57:19.618317,13.1,14.6,2100.0
2026-02-08T08:57:20.119022,9.8,14.6,2100.0
2026-02-08T08:57:20.619613,8.2,14.6,2100.0
2026-02-08T08:57:21.120166,6.8,14.6,2100.0
2026-02-08T08:57:21.620766,8.4,14.6,2100.0
2026-02-08T08:57:22.121439,4.3,14.6,2100.0
2026-02-08T08:57:22.621904,6.4,14.6,2100.0
2026-02-08T08:57:23.122379,4.7,14.6,2100.0
2026-02-08T08:57:23.623000,7.2,14.6,2100.0
2026-02-08T08:57:24.123967,4.5,14.6,2100.0
2026-02-08T08:57:24.624588,8.4,14.6,2100.0
2026-02-08T08:57:25.125376,5.0,14.6,2100.0
2026-02-08T08:57:25.626581,7.6,14.6,2100.0
2026-02-08T08:57:26.128501,5.0,14.6,2100.0
2026-02-08T08:57:26.628958,5.2,14.6,2100.0
2026-02-08T08:57:27.129556,3.9,14.6,2100.0
2026-02-08T08:57:27.630390,5.3,14.6,2100.0
2026-02-08T08:57:28.131310,7.0,14.6,2100.0
2026-02-08T08:57:28.632506,5.6,14.6,2100.0
2026-02-08T08:57:29.133271,6.8,14.6,2100.0
2026-02-08T08:57:29.633975,5.5,14.6,2100.0
2026-02-08T08:57:30.134864,5.2,14.6,2100.0
2026-02-08T08:57:30.635867,5.2,14.6,2100.0
2026-02-08T08:57:31.136651,5.2,14.6,2100.0
2026-02-08T08:57:31.637394,7.7,14.6,2100.0
2026-02-08T08:57:32.137825,5.1,14.6,2100.0
2026-02-08T08:57:32.638398,6.0,14.6,2100.0
2026-02-08T08:57:33.139416,5.1,14.6,2100.0
2026-02-08T08:57:33.640207,4.0,14.6,2100.0
2026-02-08T08:57:34.140717,6.1,14.6,2100.0
2026-02-08T08:57:34.641612,6.4,14.6,2100.0
2026-02-08T08:57:35.142458,4.0,14.6,2100.0
2026-02-08T08:57:35.643464,8.7,14.6,2100.0
2026-02-08T08:57:36.149379,6.6,14.6,2100.0
2026-02-08T08:57:36.653008,4.8,14.6,2100.0
2026-02-08T08:57:37.153528,6.1,14.6,2100.0
2026-02-08T08:57:37.654311,6.1,14.6,2100.0
2026-02-08T08:57:38.154862,3.7,14.6,2100.0
2026-02-08T08:57:38.655397,10.7,14.6,2100.0
2026-02-08T08:57:39.156091,6.4,14.6,2100.0
2026-02-08T08:57:39.657031,23.2,14.6,2100.0
2026-02-08T08:57:40.157915,8.2,14.6,2100.0
2026-02-08T08:57:40.658845,9.5,14.6,2100.0
2026-02-08T08:57:41.159616,7.8,14.6,2100.0
2026-02-08T08:57:41.660442,7.9,14.6,2100.0
2026-02-08T08:57:42.161228,11.0,14.5,2100.0
2026-02-08T08:57:42.662117,10.4,14.5,2100.0
2026-02-08T08:57:43.163595,5.3,14.5,2100.0
2026-02-08T08:57:43.664394,4.7,14.5,2100.0
2026-02-08T08:57:44.166058,6.5,14.5,2100.0
2026-02-08T08:57:44.667180,11.2,14.5,2100.0
2026-02-08T08:57:45.167686,4.8,14.5,2100.0
2026-02-08T08:57:45.669073,9.7,14.5,2100.0
2026-02-08T08:57:46.169697,13.7,14.5,2100.0
2026-02-08T08:57:46.670198,6.6,14.5,2100.0
2026-02-08T08:57:47.170818,4.3,14.5,2100.0
2026-02-08T08:57:47.671756,5.6,14.5,2100.0
2026-02-08T08:57:48.172487,2.7,14.5,2100.0
2026-02-08T08:57:48.673156,9.3,14.5,2100.0
2026-02-08T08:57:49.174100,6.9,14.5,2100.0
2026-02-08T08:57:49.674961,11.3,14.5,2100.0
2026-02-08T08:57:50.175543,4.5,14.5,2100.0
2026-02-08T08:57:50.676448,6.6,14.5,2100.0
2026-02-08T08:57:51.177105,7.2,14.5,2100.0
2026-02-08T08:57:51.677654,9.0,14.5,2100.0
2026-02-08T08:57:52.178239,4.2,14.5,2100.0
2026-02-08T08:57:52.678709,6.6,14.5,2100.0
2026-02-08T08:57:53.179181,4.3,14.5,2100.0
2026-02-08T08:57:53.680287,5.1,14.5,2100.0
2026-02-08T08:57:54.181313,5.4,14.5,2100.0
2026-02-08T08:57:54.682136,5.0,14.5,2100.0
2026-02-08T08:57:55.183181,5.9,14.5,2100.0
2026-02-08T08:57:55.684591,5.2,14.5,2100.0
2026-02-08T08:57:56.185082,4.6,14.5,2100.0
2026-02-08T08:57:56.685941,7.0,14.5,2100.0
2026-02-08T08:57:57.186503,7.4,14.5,2100.0
2026-02-08T08:57:57.687167,21.2,14.6,2100.0
2026-02-08T08:57:58.187724,17.8,14.6,2100.0
2026-02-08T08:57:58.689204,12.6,14.7,2100.0
2026-02-08T08:57:59.189864,12.3,14.7,2100.0
2026-02-08T08:57:59.690566,7.3,14.7,2100.0
2026-02-08T08:58:00.191262,6.0,14.7,2100.0
2026-02-08T08:58:00.692288,5.9,14.7,2100.0
2026-02-08T08:58:01.193410,7.2,14.7,2100.0
2026-02-08T08:58:01.694013,11.6,14.7,2100.0
2026-02-08T08:58:02.195264,2.9,14.7,2100.0
2026-02-08T08:58:02.696397,7.5,14.7,2100.0
2026-02-08T08:58:03.197904,3.5,14.7,2100.0
2026-02-08T08:58:03.698724,9.2,14.7,2100.0
2026-02-08T08:58:04.200082,15.9,14.8,2100.0
2026-02-08T08:58:04.700867,19.8,14.8,2100.0
2026-02-08T08:58:05.201649,16.0,14.9,2100.0
2026-02-08T08:58:05.702278,8.1,14.9,2100.0
2026-02-08T08:58:06.202940,12.5,14.8,2100.0
2026-02-08T08:58:06.703455,5.5,14.9,2100.0
2026-02-08T08:58:07.204062,7.0,14.8,2100.0
2026-02-08T08:58:07.704726,9.0,14.8,2100.0
2026-02-08T08:58:08.205665,10.5,14.9,2100.0
2026-02-08T08:58:08.706132,5.4,14.8,2100.0
2026-02-08T08:58:09.206616,12.6,14.7,2100.0
2026-02-08T08:58:09.707447,12.8,14.7,2100.0
2026-02-08T08:58:10.208213,14.6,14.7,2100.0
2026-02-08T08:58:10.709240,11.4,14.7,2100.0
2026-02-08T08:58:11.209819,11.4,14.7,2100.0
2026-02-08T08:58:11.710505,7.2,14.7,2100.0
2026-02-08T08:58:12.210930,4.7,14.7,2100.0
2026-02-08T08:58:12.711626,4.8,14.7,2100.0
2026-02-08T08:58:13.212229,4.8,14.7,2100.0
2026-02-08T08:58:13.713812,4.3,14.7,2100.0
2026-02-08T08:58:14.214627,3.4,14.7,2100.0
2026-02-08T08:58:14.715487,9.4,14.7,2100.0
2026-02-08T08:58:15.216391,7.1,14.7,2100.0
2026-02-08T08:58:15.717204,6.3,14.7,2100.0
2026-02-08T08:58:16.218075,4.8,14.7,2100.0
2026-02-08T08:58:16.718870,5.6,14.7,2100.0
2026-02-08T08:58:17.219774,7.0,14.7,2100.0
2026-02-08T08:58:17.720257,4.6,14.7,2100.0
2026-02-08T08:58:18.220684,4.2,14.7,2100.0
2026-02-08T08:58:18.721369,8.4,14.7,2100.0
2026-02-08T08:58:19.223709,6.3,14.7,2100.0
2026-02-08T08:58:19.725528,8.2,14.7,2100.0
2026-02-08T08:58:20.226395,9.1,14.7,2100.0
2026-02-08T08:58:20.727215,7.5,14.7,2100.0
2026-02-08T08:58:21.228152,5.2,14.7,2100.0
2026-02-08T08:58:21.728976,9.7,14.7,2100.0
2026-02-08T08:58:22.230008,5.6,14.7,2100.0
2026-02-08T08:58:22.732426,4.8,14.7,2100.0
2026-02-08T08:58:23.233638,5.0,14.7,2100.0
2026-02-08T08:58:23.734316,6.9,14.7,2100.0
2026-02-08T08:58:24.234696,4.0,14.7,2100.0
2026-02-08T08:58:24.735490,12.6,14.7,2100.0
2026-02-08T08:58:25.236344,19.7,14.7,2100.0
2026-02-08T08:58:25.736854,12.9,14.7,2100.0
2026-02-08T08:58:26.237591,20.9,14.8,2100.0
2026-02-08T08:58:26.738832,16.8,14.8,2100.0
2026-02-08T08:58:27.241482,8.2,14.8,2100.0
2026-02-08T08:58:27.742313,6.6,14.8,2100.0
2026-02-08T08:58:28.243207,5.8,14.8,2100.0
2026-02-08T08:58:28.744156,5.3,14.8,2100.0
2026-02-08T08:58:29.245890,3.7,14.8,2100.0
2026-02-08T08:58:29.746681,6.6,14.8,2100.0
2026-02-08T08:58:30.248463,3.6,14.8,2100.0
2026-02-08T08:58:30.749290,7.2,14.8,2100.0
2026-02-08T08:58:31.255798,4.1,14.8,2100.0
2026-02-08T08:58:31.756255,4.2,14.8,2100.0
2026-02-08T08:58:32.257812,5.8,14.8,2100.0
2026-02-08T08:58:32.758576,9.2,14.8,2100.0
2026-02-08T08:58:33.259165,6.7,14.8,2100.0
2026-02-08T08:58:33.760953,9.7,14.8,2100.0
2026-02-08T08:58:34.261725,4.9,14.8,2100.0
2026-02-08T08:58:34.766591,8.1,14.8,2100.0
2026-02-08T08:58:35.268712,9.8,14.7,2100.0
2026-02-08T08:58:35.769515,9.9,14.7,2100.0
2026-02-08T08:58:36.270150,5.3,14.7,2100.0
2026-02-08T08:58:36.771112,12.2,14.7,2100.0
2026-02-08T08:58:37.271503,4.9,14.7,2100.0
2026-02-08T08:58:37.772319,11.8,14.7,2100.0
2026-02-08T08:58:38.273001,4.9,14.7,2100.0
2026-02-08T08:58:38.774130,10.6,14.7,2100.0
2026-02-08T08:58:39.275150,3.4,14.7,2100.0
2026-02-08T08:58:39.775973,7.7,14.7,2100.0
2026-02-08T08:58:40.276464,5.3,14.7,2100.0
2026-02-08T08:58:40.776973,8.9,14.7,2100.0
2026-02-08T08:58:41.277749,4.7,14.7,2100.0
2026-02-08T08:58:41.778330,5.4,14.7,2100.0
2026-02-08T08:58:42.278984,5.3,14.7,2100.0
2026-02-08T08:58:42.781390,4.9,14.7,2100.0
2026-02-08T08:58:43.282257,3.5,14.7,2100.0
2026-02-08T08:58:43.783097,4.9,14.7,2100.0
2026-02-08T08:58:44.283663,7.2,14.7,2100.0
2026-02-08T08:58:44.784206,6.0,14.7,2100.0
2026-02-08T08:58:45.284929,8.8,14.7,2100.0
2026-02-08T08:58:45.785682,5.6,14.7,2100.0
2026-02-08T08:58:46.286766,8.3,14.7,2100.0
2026-02-08T08:58:46.787701,14.5,14.7,2100.0
2026-02-08T08:58:47.288642,5.9,14.7,2100.0
2026-02-08T08:58:47.789294,6.6,14.7,2100.0
2026-02-08T08:58:48.290718,7.2,14.7,2100.0
2026-02-08T08:58:48.791276,5.2,14.7,2100.0
2026-02-08T08:58:49.292059,5.4,14.7,2100.0
2026-02-08T08:58:49.792913,9.1,14.7,2100.0
2026-02-08T08:58:50.294011,7.3,14.7,2100.0
2026-02-08T08:58:50.794912,7.1,14.7,2100.0
2026-02-08T08:58:51.295892,5.1,14.7,2100.0
2026-02-08T08:58:51.796804,4.6,14.7,2100.0
2026-02-08T08:58:52.297428,3.5,14.7,2100.0
2026-02-08T08:58:52.798205,4.3,14.7,2100.0
2026-02-08T08:58:53.298958,4.4,14.7,2100.0
2026-02-08T08:58:53.799534,4.0,14.7,2100.0
2026-02-08T08:58:54.299954,7.1,14.7,2100.0
2026-02-08T08:58:54.800898,6.8,14.7,2100.0
2026-02-08T08:58:55.301686,4.2,14.7,2100.0
2026-02-08T08:58:55.802070,8.1,14.7,2100.0
2026-02-08T08:58:56.341238,5.3,14.7,2100.0
2026-02-08T08:58:56.842113,5.6,14.6,2100.0
2026-02-08T08:58:57.342677,4.2,14.6,2100.0
2026-02-08T08:58:57.843707,4.5,14.6,2100.0
2026-02-08T08:58:58.344441,5.7,14.6,2100.0
2026-02-08T08:58:58.845274,5.1,14.6,2100.0
2026-02-08T08:58:59.346115,3.5,14.6,2100.0
2026-02-08T08:58:59.846871,8.5,14.6,2100.0
2026-02-08T08:59:00.347334,9.0,14.6,2100.0
2026-02-08T08:59:00.848038,4.9,14.6,2100.0
2026-02-08T08:59:01.348814,4.9,14.6,2100.0
2026-02-08T08:59:01.849439,6.2,14.6,2100.0
2026-02-08T08:59:02.350175,4.6,14.6,2100.0
2026-02-08T08:59:02.850696,5.7,14.6,2100.0
2026-02-08T08:59:03.351160,7.7,14.6,2100.0
2026-02-08T08:59:03.852006,5.2,14.6,2100.0
2026-02-08T08:59:04.352440,7.0,14.6,2100.0
2026-02-08T08:59:04.853198,5.8,14.6,2100.0
2026-02-08T08:59:05.353638,5.5,14.6,2100.0
2026-02-08T08:59:05.854264,4.7,14.6,2100.0
2026-02-08T08:59:06.354731,7.6,14.6,2100.0
2026-02-08T08:59:06.855166,6.4,14.6,2100.0
2026-02-08T08:59:07.355896,9.4,14.6,2100.0
2026-02-08T08:59:07.856548,3.6,14.6,2100.0
2026-02-08T08:59:08.357389,9.0,14.6,2100.0
2026-02-08T08:59:08.858294,10.3,14.6,2100.0
2026-02-08T08:59:09.359229,4.4,14.6,2100.0
2026-02-08T08:59:09.859895,5.6,14.6,2100.0
2026-02-08T08:59:10.360588,4.7,14.6,2100.0
2026-02-08T08:59:10.861951,6.6,14.6,2100.0
2026-02-08T08:59:11.362704,4.9,14.6,2100.0
2026-02-08T08:59:11.863210,10.2,14.6,2100.0
2026-02-08T08:59:12.364111,3.6,14.6,2100.0
2026-02-08T08:59:12.865389,10.4,14.6,2100.0
2026-02-08T08:59:13.366129,4.7,14.6,2100.0
2026-02-08T08:59:13.866865,5.9,14.6,2100.0
2026-02-08T08:59:14.367732,15.6,14.6,2100.0
2026-02-08T08:59:14.868307,15.9,14.7,2100.0
2026-02-08T08:59:15.368754,9.6,14.7,2100.0
2026-02-08T08:59:15.869309,11.4,14.7,2100.0
2026-02-08T08:59:16.370077,11.2,14.7,2100.0
2026-02-08T08:59:16.870483,24.1,14.8,2100.0
2026-02-08T08:59:17.370869,15.9,14.8,2100.0
2026-02-08T08:59:17.872703,11.6,14.8,2100.0
2026-02-08T08:59:18.373210,13.5,14.9,2100.0
2026-02-08T08:59:18.873833,7.7,14.9,2100.0
2026-02-08T08:59:19.374240,3.0,14.9,2100.0
2026-02-08T08:59:19.876055,12.9,14.9,2100.0
2026-02-08T08:59:20.377608,5.1,14.9,2100.0
2026-02-08T08:59:20.879266,10.8,14.9,2100.0
2026-02-08T08:59:21.379807,3.7,14.9,2100.0
2026-02-08T08:59:21.881090,10.0,14.9,2100.0
2026-02-08T08:59:22.381528,6.3,14.9,2100.0
2026-02-08T08:59:22.881964,14.6,14.9,2100.0
2026-02-08T08:59:23.382597,10.0,14.9,2100.0
2026-02-08T08:59:23.883099,9.8,14.9,2100.0
2026-02-08T08:59:24.387311,6.1,14.9,2100.0
2026-02-08T08:59:24.887821,6.6,14.9,2100.0
2026-02-08T08:59:25.388386,3.7,14.9,2100.0
2026-02-08T08:59:25.889037,5.6,14.9,2100.0
2026-02-08T08:59:26.391161,4.1,14.9,2100.0
2026-02-08T08:59:26.891838,5.5,14.9,2100.0
2026-02-08T08:59:27.392341,4.9,14.9,2100.0
2026-02-08T08:59:27.894166,8.4,14.9,2100.0
2026-02-08T08:59:28.394638,4.8,14.9,2100.0
2026-02-08T08:59:28.895539,4.7,14.9,2100.0
2026-02-08T08:59:29.395920,4.2,14.8,2100.0
2026-02-08T08:59:29.896432,5.7,14.8,2100.0
2026-02-08T08:59:30.397179,5.7,14.8,2100.0
2026-02-08T08:59:30.897971,15.5,14.8,2100.0
2026-02-08T08:59:31.398605,9.4,14.7,2100.0
2026-02-08T08:59:31.903604,14.7,14.7,2100.0
2026-02-08T08:59:32.404955,5.2,14.6,2100.0
2026-02-08T08:59:32.905929,5.8,14.6,2100.0
2026-02-08T08:59:33.406829,4.7,14.6,2100.0
2026-02-08T08:59:33.907393,6.8,14.6,2100.0
2026-02-08T08:59:34.408519,6.8,14.6,2100.0
2026-02-08T08:59:34.909435,9.5,14.6,2100.0
2026-02-08T08:59:35.410106,3.7,14.6,2100.0
2026-02-08T08:59:35.912786,5.4,14.6,2100.0
2026-02-08T08:59:36.413844,5.2,14.6,2100.0
2026-02-08T08:59:36.914325,6.9,14.6,2100.0
2026-02-08T08:59:37.414961,6.1,14.6,2100.0
2026-02-08T08:59:37.915805,6.7,14.6,2100.0
2026-02-08T08:59:38.416514,7.2,14.6,2100.0
2026-02-08T08:59:38.916912,6.3,14.6,2100.0
2026-02-08T08:59:39.420036,9.1,14.6,2100.0
2026-02-08T08:59:39.921200,5.9,14.6,2100.0
2026-02-08T08:59:40.421961,5.4,14.6,2100.0
2026-02-08T08:59:40.923184,5.9,14.6,2100.0
2026-02-08T08:59:41.424158,3.4,14.6,2100.0
2026-02-08T08:59:41.924608,10.6,14.6,2100.0
2026-02-08T08:59:42.426028,5.4,14.6,2100.0
2026-02-08T08:59:42.927090,4.3,14.6,2100.0
2026-02-08T08:59:43.427997,4.4,14.6,2100.0
2026-02-08T08:59:43.930065,6.1,14.6,2100.0
2026-02-08T08:59:44.430634,4.8,14.6,2100.0
2026-02-08T08:59:44.931133,3.1,14.6,2100.0
2026-02-08T08:59:45.431544,7.9,14.6,2100.0
2026-02-08T08:59:45.931998,5.6,14.6,2100.0
2026-02-08T08:59:46.432728,5.8,14.6,2100.0
2026-02-08T08:59:46.933125,6.8,14.6,2100.0
2026-02-08T08:59:47.433781,6.3,14.6,2100.0
2026-02-08T08:59:47.934228,7.0,14.6,2100.0
2026-02-08T08:59:48.434718,10.7,14.6,2100.0
2026-02-08T08:59:48.935690,7.3,14.6,2100.0
2026-02-08T08:59:49.436267,7.4,14.6,2100.0
2026-02-08T08:59:49.938985,4.3,14.6,2100.0
2026-02-08T08:59:50.442354,8.5,14.6,2100.0
2026-02-08T08:59:50.945880,8.6,14.6,2100.0
2026-02-08T08:59:51.447284,8.9,14.6,2100.0
2026-02-08T08:59:51.947849,5.4,14.6,2100.0
2026-02-08T08:59:52.448727,8.7,14.6,2100.0
2026-02-08T08:59:52.949273,15.4,14.7,2100.0
2026-02-08T08:59:53.449724,18.0,14.7,2100.0
2026-02-08T08:59:53.950196,13.7,14.8,2100.0
2026-02-08T08:59:54.451072,21.2,14.8,2100.0
2026-02-08T08:59:54.951734,6.1,14.8,2100.0
2026-02-08T08:59:55.453827,13.3,14.8,2100.0
2026-02-08T08:59:55.956957,3.7,14.8,2100.0
2026-02-08T08:59:56.457467,11.8,14.8,2100.0
2026-02-08T08:59:56.958343,15.0,14.8,2100.0
2026-02-08T08:59:57.459456,14.9,14.8,2100.0
2026-02-08T08:59:57.960039,3.7,14.8,2100.0
2026-02-08T08:59:58.462115,9.8,14.8,2100.0
2026-02-08T08:59:58.962880,5.7,14.8,2100.0
2026-02-08T08:59:59.463739,7.5,14.8,2100.0
2026-02-08T08:59:59.964257,3.6,14.8,2100.0
2026-02-08T09:00:00.465258,5.5,14.8,2100.0
2026-02-08T09:00:00.965830,4.6,14.8,2100.0
2026-02-08T09:00:01.466423,7.7,14.8,2100.0
2026-02-08T09:00:01.967123,6.6,14.8,2100.0
2026-02-08T09:00:02.467876,6.8,14.8,2100.0
2026-02-08T09:00:02.968532,5.1,14.8,2100.0
2026-02-08T09:00:03.469062,5.8,14.8,2100.0
2026-02-08T09:00:03.970128,5.4,14.8,2100.0
2026-02-08T09:00:04.470803,5.2,14.8,2100.0
2026-02-08T09:00:04.971471,7.0,14.7,2100.0
2026-02-08T09:00:05.473149,6.6,14.7,2100.0
2026-02-08T09:00:05.974048,6.3,14.7,2100.0
2026-02-08T09:00:06.474809,7.3,14.7,2100.0
2026-02-08T09:00:06.979340,6.2,14.7,2100.0
2026-02-08T09:00:07.479992,5.5,14.7,2100.0
2026-02-08T09:00:07.980721,3.8,14.7,2100.0
2026-02-08T09:00:08.481332,6.7,14.7,2100.0
2026-02-08T09:00:08.982045,4.0,14.7,2100.0
2026-02-08T09:00:09.482639,4.5,14.7,2100.0
2026-02-08T09:00:09.983377,3.2,14.7,2100.0
2026-02-08T09:00:10.483975,5.6,14.7,2100.0
2026-02-08T09:00:10.984900,5.7,14.7,2100.0
2026-02-08T09:00:11.485502,4.0,14.7,2100.0
2026-02-08T09:00:11.986314,6.4,14.7,2100.0
2026-02-08T09:00:12.486759,4.9,14.7,2100.0
2026-02-08T09:00:12.988166,4.4,14.7,2100.0
2026-02-08T09:00:13.489282,7.0,14.7,2100.0
2026-02-08T09:00:13.989810,11.2,14.7,2100.0
2026-02-08T09:00:14.490895,8.0,14.7,2100.0
2026-02-08T09:00:14.991888,5.6,14.7,2100.0
2026-02-08T09:00:15.492546,4.7,14.7,2100.0
2026-02-08T09:00:15.993050,5.8,14.7,2100.0
2026-02-08T09:00:16.493613,5.7,14.7,2100.0
2026-02-08T09:00:16.994299,10.8,14.7,2100.0
2026-02-08T09:00:17.495161,5.2,14.7,2100.0
2026-02-08T09:00:17.996061,6.9,14.7,2100.0
2026-02-08T09:00:18.496944,15.7,14.7,2100.0
2026-02-08T09:00:18.997750,8.1,14.7,2100.0
2026-02-08T09:00:19.498597,10.6,14.7,2100.0
2026-02-08T09:00:19.999449,4.3,14.7,2100.0
2026-02-08T09:00:20.500071,7.8,14.7,2100.0
2026-02-08T09:00:21.000900,7.6,14.7,2100.0
2026-02-08T09:00:21.501587,6.1,14.7,2100.0
2026-02-08T09:00:22.002705,6.5,14.7,2100.0
2026-02-08T09:00:22.503219,9.3,14.7,2100.0
2026-02-08T09:00:23.003813,3.9,14.7,2100.0
2026-02-08T09:00:23.504352,7.5,14.7,2100.0
2026-02-08T09:00:24.004890,3.5,14.7,2100.0
2026-02-08T09:00:24.505666,11.0,14.7,2100.0
2026-02-08T09:00:25.006296,6.0,14.7,2100.0
2026-02-08T09:00:25.506968,8.3,14.7,2100.0
2026-02-08T09:00:26.007979,6.6,14.7,2100.0
2026-02-08T09:00:26.508951,5.1,14.7,2100.0
2026-02-08T09:00:27.010090,11.0,14.7,2100.0
2026-02-08T09:00:27.511043,6.6,14.7,2100.0
2026-02-08T09:00:28.011671,10.4,14.7,2100.0
2026-02-08T09:00:28.512184,6.0,14.7,2100.0
2026-02-08T09:00:29.013116,3.0,14.7,2100.0
2026-02-08T09:00:29.513631,3.7,14.7,2100.0
2026-02-08T09:00:30.014418,3.9,14.7,2100.0
2026-02-08T09:00:30.515133,6.3,14.7,2100.0
2026-02-08T09:00:31.015711,6.2,14.7,2100.0
2026-02-08T09:00:31.516214,6.5,14.7,2100.0
2026-02-08T09:00:32.016666,5.2,14.7,2100.0
2026-02-08T09:00:32.517483,9.2,14.7,2100.0
2026-02-08T09:00:33.018567,6.2,14.7,2100.0
2026-02-08T09:00:33.519415,6.7,14.7,2100.0
2026-02-08T09:00:34.020409,5.2,14.6,2100.0
2026-02-08T09:00:34.521249,12.6,14.6,2100.0
2026-02-08T09:00:35.021813,4.8,14.6,2100.0
2026-02-08T09:00:35.523365,8.4,14.6,2100.0
2026-02-08T09:00:36.023838,6.4,14.6,2100.0
2026-02-08T09:00:36.524642,10.3,14.6,2100.0
2026-02-08T09:00:37.025498,6.6,14.6,2100.0
2026-02-08T09:00:37.526302,10.0,14.6,2100.0
2026-02-08T09:00:38.026917,6.5,14.6,2100.0
2026-02-08T09:00:38.527305,10.8,14.6,2100.0
2026-02-08T09:00:39.027899,4.0,14.6,2100.0
2026-02-08T09:00:39.528516,9.3,14.6,2100.0
2026-02-08T09:00:40.029364,10.8,14.7,2100.0
2026-02-08T09:00:40.530665,12.3,14.7,2100.0
2026-02-08T09:00:41.032042,5.3,14.7,2100.0
2026-02-08T09:00:41.532458,7.0,14.7,2100.0
2026-02-08T09:00:42.033083,3.2,14.7,2100.0
2026-02-08T09:00:42.533567,10.3,14.7,2100.0
2026-02-08T09:00:43.035438,7.2,14.7,2100.0
2026-02-08T09:00:43.536284,7.6,14.7,2100.0
2026-02-08T09:00:44.036650,7.3,14.7,2100.0
2026-02-08T09:00:44.537970,7.6,14.7,2100.0
2026-02-08T09:00:45.040033,6.5,14.7,2100.0
2026-02-08T09:00:45.541077,8.2,14.7,2100.0
2026-02-08T09:00:46.041733,5.6,14.7,2100.0
2026-02-08T09:00:46.542350,8.1,14.7,2100.0
2026-02-08T09:00:47.043148,6.1,14.7,2100.0
2026-02-08T09:00:47.543997,6.9,14.7,2100.0
2026-02-08T09:00:48.044901,5.9,14.7,2100.0
2026-02-08T09:00:48.546979,6.2,14.7,2100.0
2026-02-08T09:00:49.047565,7.6,14.7,2100.0
2026-02-08T09:00:49.548408,7.9,14.7,2100.0
2026-02-08T09:00:50.049127,4.9,14.7,2100.0
2026-02-08T09:00:50.549558,6.3,14.7,2100.0
2026-02-08T09:00:51.050226,4.6,14.7,2100.0
2026-02-08T09:00:51.551776,9.0,14.7,2100.0
2026-02-08T09:00:52.052528,8.1,14.7,2100.0
2026-02-08T09:00:52.553094,8.2,14.7,2100.0
2026-02-08T09:00:53.054091,5.0,14.7,2100.0
2026-02-08T09:00:53.555044,8.6,14.7,2100.0
2026-02-08T09:00:54.056104,9.4,14.6,2100.0
2026-02-08T09:00:54.556812,8.8,14.6,2100.0
2026-02-08T09:00:55.057932,6.3,14.7,2100.0
2026-02-08T09:00:55.559009,8.4,14.6,2100.0
2026-02-08T09:00:56.059718,7.3,14.6,2100.0
2026-02-08T09:00:56.560377,9.7,14.6,2100.0
2026-02-08T09:00:57.061143,10.7,14.7,2100.0
2026-02-08T09:00:57.561773,8.1,14.6,2100.0
2026-02-08T09:00:58.063065,12.7,14.6,2100.0
2026-02-08T09:00:58.563980,8.2,14.6,2100.0
2026-02-08T09:00:59.064454,7.0,14.6,2100.0
2026-02-08T09:00:59.564884,6.6,14.6,2100.0
2026-02-08T09:01:00.065483,7.0,14.6,2100.0
2026-02-08T09:01:00.565891,7.1,14.6,2100.0
2026-02-08T09:01:01.067248,9.0,14.6,2100.0
2026-02-08T09:01:01.568034,5.4,14.6,2100.0
2026-02-08T09:01:02.068745,7.0,14.6,2100.0
2026-02-08T09:01:02.570425,8.5,14.6,2100.0
2026-02-08T09:01:03.072551,6.4,14.6,2100.0
2026-02-08T09:01:03.573324,5.2,14.6,2100.0
2026-02-08T09:01:04.074290,4.5,14.6,2100.0
2026-02-08T09:01:04.575046,7.7,14.6,2100.0
2026-02-08T09:01:05.075879,9.6,14.6,2100.0
2026-02-08T09:01:05.576358,16.3,14.6,2100.0
2026-02-08T09:01:06.077242,12.1,14.6,2100.0
2026-02-08T09:01:06.577976,9.2,14.6,2100.0
2026-02-08T09:01:07.078660,9.6,14.6,2100.0
2026-02-08T09:01:07.579493,7.6,14.6,2100.0
2026-02-08T09:01:08.080255,5.0,14.6,2100.0
2026-02-08T09:01:08.580809,10.4,14.6,2100.0
2026-02-08T09:01:09.081440,6.0,14.6,2100.0
2026-02-08T09:01:09.582009,6.1,14.6,2100.0
2026-02-08T09:01:10.082546,6.1,14.6,2100.0
2026-02-08T09:01:10.583493,7.2,14.6,2100.0
2026-02-08T09:01:11.083894,5.0,14.6,2100.0
2026-02-08T09:01:11.584724,7.5,14.6,2100.0
2026-02-08T09:01:12.085154,6.1,14.6,2100.0
2026-02-08T09:01:12.585804,5.9,14.6,2100.0
2026-02-08T09:01:13.087695,3.4,14.6,2100.0
2026-02-08T09:01:13.588388,6.4,14.6,2100.0
2026-02-08T09:01:14.088985,6.1,14.6,2100.0
2026-02-08T09:01:14.589834,9.5,14.6,2100.0
2026-02-08T09:01:15.090941,11.7,14.6,2100.0
2026-02-08T09:01:15.591965,14.7,14.6,2100.0
2026-02-08T09:01:16.092750,6.8,14.6,2100.0
2026-02-08T09:01:16.593546,9.9,14.6,2100.0
2026-02-08T09:01:17.094383,9.1,14.6,2100.0
2026-02-08T09:01:17.595197,9.3,14.6,2100.0
2026-02-08T09:01:18.096075,7.2,14.6,2100.0
2026-02-08T09:01:18.596713,12.7,14.6,2100.0
2026-02-08T09:01:19.097375,6.8,14.6,2100.0
2026-02-08T09:01:19.597756,10.2,14.6,2100.0
2026-02-08T09:01:20.098563,5.5,14.6,2100.0
2026-02-08T09:01:20.599208,6.9,14.6,2100.0
2026-02-08T09:01:21.100060,5.5,14.6,2100.0
2026-02-08T09:01:21.600851,6.4,14.6,2100.0
2026-02-08T09:01:22.102530,5.7,14.6,2100.0
2026-02-08T09:01:22.603279,8.2,14.6,2100.0
2026-02-08T09:01:23.104042,7.2,14.6,2100.0
2026-02-08T09:01:23.605362,3.5,14.6,2100.0
2026-02-08T09:01:24.105770,5.6,14.6,2100.0
2026-02-08T09:01:24.606895,6.6,14.6,2100.0
2026-02-08T09:01:25.107590,5.3,14.6,2100.0
2026-02-08T09:01:25.608358,10.5,14.6,2100.0
2026-02-08T09:01:26.108897,9.4,14.5,2100.0
2026-02-08T09:01:26.609857,5.8,14.5,2100.0
2026-02-08T09:01:27.110604,8.1,14.5,2100.0
2026-02-08T09:01:27.611101,9.7,14.5,2100.0
2026-02-08T09:01:28.111638,5.4,14.5,2100.0
2026-02-08T09:01:28.612136,12.2,14.5,2100.0
2026-02-08T09:01:29.112593,5.5,14.5,2100.0
2026-02-08T09:01:29.613159,6.6,14.5,2100.0
2026-02-08T09:01:30.113585,4.9,14.5,2100.0
2026-02-08T09:01:30.614489,3.9,14.5,2100.0
2026-02-08T09:01:31.115149,4.0,14.5,2100.0
2026-02-08T09:01:31.616219,3.8,14.5,2100.0
2026-02-08T09:01:32.117094,7.0,14.5,2100.0
2026-02-08T09:01:32.617690,6.4,14.5,2100.0
2026-02-08T09:01:33.118377,6.5,14.5,2100.0
2026-02-08T09:01:33.619605,8.3,14.5,2100.0
2026-02-08T09:01:34.120307,4.7,14.5,2100.0
2026-02-08T09:01:34.620942,5.4,14.5,2100.0
2026-02-08T09:01:35.121939,4.1,14.5,2100.0
2026-02-08T09:01:35.623532,4.4,14.5,2100.0
2026-02-08T09:01:36.124382,8.3,14.5,2100.0
2026-02-08T09:01:36.624880,4.3,14.5,2100.0
2026-02-08T09:01:37.125354,6.1,14.5,2100.0
2026-02-08T09:01:37.625985,7.0,14.5,2100.0
2026-02-08T09:01:38.126683,7.1,14.5,2100.0
2026-02-08T09:01:38.627314,5.2,14.5,2100.0
2026-02-08T09:01:39.127730,8.8,14.5,2100.0
2026-02-08T09:01:39.628707,7.3,14.5,2100.0
2026-02-08T09:01:40.129218,12.1,14.5,2100.0
2026-02-08T09:01:40.629621,4.9,14.5,2100.0
2026-02-08T09:01:41.130138,9.5,14.5,2100.0
2026-02-08T09:01:41.630997,6.2,14.5,2100.0
2026-02-08T09:01:42.132889,5.2,14.5,2100.0
2026-02-08T09:01:42.634627,6.6,14.5,2100.0
2026-02-08T09:01:43.135162,7.5,14.5,2100.0
2026-02-08T09:01:43.635754,3.6,14.5,2100.0
2026-02-08T09:01:44.136196,5.0,14.5,2100.0
2026-02-08T09:01:44.636969,6.1,14.5,2100.0
2026-02-08T09:01:45.137555,5.8,14.5,2100.0
2026-02-08T09:01:45.638004,6.3,14.5,2100.0
2026-02-08T09:01:46.138549,8.2,14.5,2100.0
2026-02-08T09:01:46.639000,8.4,14.5,2100.0
2026-02-08T09:01:47.139441,9.1,14.5,2100.0
2026-02-08T09:01:47.640400,8.0,14.5,2100.0
2026-02-08T09:01:48.141034,6.3,14.5,2100.0
2026-02-08T09:01:48.641966,6.6,14.5,2100.0
2026-02-08T09:01:49.142771,4.4,14.5,2100.0
2026-02-08T09:01:49.643642,8.5,14.5,2100.0
2026-02-08T09:01:50.144114,4.9,14.5,2100.0
2026-02-08T09:01:50.644792,7.6,14.5,2100.0
2026-02-08T09:01:51.145738,4.8,14.5,2100.0
2026-02-08T09:01:51.646354,5.3,14.5,2100.0
2026-02-08T09:01:52.147069,5.2,14.5,2100.0
2026-02-08T09:01:52.647793,7.2,14.5,2100.0
2026-02-08T09:01:53.148643,5.3,14.5,2100.0
2026-02-08T09:01:53.649113,6.8,14.5,2100.0
2026-02-08T09:01:54.149574,5.7,14.5,2100.0
2026-02-08T09:01:54.650162,7.7,14.5,2100.0
2026-02-08T09:01:55.151201,4.5,14.5,2100.0
2026-02-08T09:01:55.652232,8.5,14.5,2100.0
2026-02-08T09:01:56.153025,5.3,14.5,2100.0
2026-02-08T09:01:56.653477,4.6,14.5,2100.0
2026-02-08T09:01:57.155643,6.9,14.5,2100.0
2026-02-08T09:01:57.656213,3.9,14.5,2100.0
2026-02-08T09:01:58.156745,5.2,14.5,2100.0
2026-02-08T09:01:58.657480,6.3,14.5,2100.0
2026-02-08T09:01:59.158261,6.7,14.5,2100.0
2026-02-08T09:01:59.659200,10.2,14.5,2100.0
2026-02-08T09:02:00.160232,5.8,14.5,2100.0
2026-02-08T09:02:00.661216,12.2,14.5,2100.0
2026-02-08T09:02:01.161658,8.0,14.5,2100.0
2026-02-08T09:02:01.662424,6.3,14.5,2100.0
2026-02-08T09:02:02.163447,8.2,14.5,2100.0
2026-02-08T09:02:02.664113,6.2,14.5,2100.0
2026-02-08T09:02:03.164946,6.5,14.5,2100.0
2026-02-08T09:02:03.665394,8.2,14.5,2100.0
2026-02-08T09:02:04.166797,3.8,14.5,2100.0
2026-02-08T09:02:04.667334,8.0,14.5,2100.0
2026-02-08T09:02:05.167768,4.5,14.5,2100.0
2026-02-08T09:02:05.668247,6.3,14.5,2100.0
2026-02-08T09:02:06.169503,5.5,14.5,2100.0
2026-02-08T09:02:06.670237,4.6,14.5,2100.0
2026-02-08T09:02:07.170810,4.2,14.5,2100.0
2026-02-08T09:02:07.671623,5.4,14.5,2100.0
2026-02-08T09:02:08.172281,4.4,14.5,2100.0
2026-02-08T09:02:08.673059,8.7,14.5,2100.0
2026-02-08T09:02:09.173931,4.3,14.5,2100.0
2026-02-08T09:02:09.675089,6.8,14.5,2100.0
2026-02-08T09:02:10.175980,4.2,14.5,2100.0
2026-02-08T09:02:10.677106,10.1,14.5,2100.0
2026-02-08T09:02:11.178029,5.2,14.5,2100.0
2026-02-08T09:02:11.678593,6.9,14.5,2100.0
2026-02-08T09:02:12.179444,5.4,14.5,2100.0
2026-02-08T09:02:12.680498,4.4,14.5,2100.0
2026-02-08T09:02:13.181148,8.0,14.5,2100.0
2026-02-08T09:02:13.682023,18.5,14.5,2100.0
2026-02-08T09:02:14.182613,15.3,14.5,2100.0
2026-02-08T09:02:14.683301,16.9,14.5,2100.0
2026-02-08T09:02:15.183970,8.5,14.5,2100.0
2026-02-08T09:02:15.684852,7.7,14.5,2100.0
2026-02-08T09:02:16.185902,4.6,14.5,2100.0
2026-02-08T09:02:16.687997,6.3,14.5,2100.0
2026-02-08T09:02:17.188885,5.6,14.5,2100.0
2026-02-08T09:02:17.689682,4.6,14.5,2100.0
2026-02-08T09:02:18.190192,4.8,14.5,2100.0
2026-02-08T09:02:18.690732,3.7,14.5,2100.0
2026-02-08T09:02:19.191241,4.2,14.5,2100.0
2026-02-08T09:02:19.692074,6.1,14.5,2100.0
2026-02-08T09:02:20.192801,5.9,14.5,2100.0
2026-02-08T09:02:20.693822,5.4,14.5,2100.0
2026-02-08T09:02:21.194725,4.0,14.5,2100.0
2026-02-08T09:02:21.695132,5.0,14.5,2100.0
2026-02-08T09:02:22.195517,7.5,14.5,2100.0
2026-02-08T09:02:22.696459,5.4,14.5,2100.0
2026-02-08T09:02:23.197169,10.5,14.5,2100.0
2026-02-08T09:02:23.698983,4.6,14.5,2100.0
2026-02-08T09:02:24.199483,5.8,14.5,2100.0
2026-02-08T09:02:24.703412,4.8,14.5,2100.0
2026-02-08T09:02:25.204031,4.3,14.5,2100.0
2026-02-08T09:02:25.704985,5.1,14.5,2100.0
2026-02-08T09:02:26.205755,4.4,14.5,2100.0
2026-02-08T09:02:26.706161,5.3,14.5,2100.0
2026-02-08T09:02:27.206563,6.3,14.5,2100.0
2026-02-08T09:02:27.707306,5.6,14.5,2100.0
2026-02-08T09:02:28.207768,10.9,14.5,2100.0
2026-02-08T09:02:28.708682,3.4,14.5,2100.0
2026-02-08T09:02:29.209308,7.9,14.5,2100.0
2026-02-08T09:02:29.710193,5.7,14.5,2100.0
2026-02-08T09:02:30.210883,9.1,14.5,2100.0
2026-02-08T09:02:30.711460,6.0,14.5,2100.0
2026-02-08T09:02:31.212601,5.1,14.5,2100.0
2026-02-08T09:02:31.713488,4.3,14.5,2100.0
2026-02-08T09:02:32.214379,4.1,14.5,2100.0
2026-02-08T09:02:32.715188,4.8,14.5,2100.0
2026-02-08T09:02:33.215931,5.2,14.5,2100.0
2026-02-08T09:02:33.717096,8.7,14.5,2100.0
2026-02-08T09:02:34.218013,4.9,14.5,2100.0
2026-02-08T09:02:34.719130,5.9,14.5,2100.0
2026-02-08T09:02:35.220048,5.0,14.5,2100.0
2026-02-08T09:02:35.720721,9.9,14.5,2100.0
2026-02-08T09:02:36.221552,4.6,14.5,2100.0
2026-02-08T09:02:36.722073,6.1,14.5,2100.0
2026-02-08T09:02:37.222946,6.3,14.5,2100.0
2026-02-08T09:02:37.723371,7.9,14.5,2100.0
2026-02-08T09:02:38.223834,6.3,14.5,2100.0
2026-02-08T09:02:38.724658,5.7,14.5,2100.0
2026-02-08T09:02:39.225181,3.8,14.5,2100.0
2026-02-08T09:02:39.725864,5.0,14.5,2100.0
2026-02-08T09:02:40.226552,4.4,14.5,2100.0
2026-02-08T09:02:40.727267,5.1,14.5,2100.0
2026-02-08T09:02:41.227928,5.1,14.5,2100.0
2026-02-08T09:02:41.729256,5.8,14.5,2100.0
2026-02-08T09:02:42.230140,8.7,14.5,2100.0
2026-02-08T09:02:42.730681,5.6,14.5,2100.0
2026-02-08T09:02:43.231904,4.9,14.5,2100.0
2026-02-08T09:02:43.732680,4.7,14.5,2100.0
2026-02-08T09:02:44.233520,6.3,14.5,2100.0
2026-02-08T09:02:44.734112,4.3,14.5,2100.0
2026-02-08T09:02:45.237103,6.2,14.5,2100.0
2026-02-08T09:02:45.737727,5.2,14.5,2100.0
2026-02-08T09:02:46.238734,6.2,14.5,2100.0
2026-02-08T09:02:46.739700,6.7,14.5,2100.0
2026-02-08T09:02:47.240447,8.1,14.5,2100.0
2026-02-08T09:02:47.741628,7.1,14.5,2100.0
2026-02-08T09:02:48.242291,8.5,14.5,2100.0
2026-02-08T09:02:48.743130,5.2,14.5,2100.0
2026-02-08T09:02:49.244138,3.8,14.5,2100.0
2026-02-08T09:02:49.744572,6.2,14.5,2100.0
2026-02-08T09:02:50.245507,3.6,14.5,2100.0
2026-02-08T09:02:50.746086,4.1,14.5,2100.0
2026-02-08T09:02:51.246859,5.1,14.5,2100.0
2026-02-08T09:02:51.747310,7.7,14.5,2100.0
2026-02-08T09:02:52.249465,3.6,14.5,2100.0
2026-02-08T09:02:52.751180,6.7,14.5,2100.0
2026-02-08T09:02:53.251807,7.9,14.5,2100.0
2026-02-08T09:02:53.752269,6.8,14.5,2100.0
2026-02-08T09:02:54.253061,5.7,14.5,2100.0
2026-02-08T09:02:54.754019,5.3,14.5,2100.0
2026-02-08T09:02:55.255079,5.3,14.5,2100.0
2026-02-08T09:02:55.755672,4.0,14.5,2100.0
2026-02-08T09:02:56.256089,5.8,14.5,2100.0
2026-02-08T09:02:56.756968,4.7,14.5,2100.0
2026-02-08T09:02:57.257744,5.2,14.5,2100.0
2026-02-08T09:02:57.758577,4.0,14.5,2100.0
2026-02-08T09:02:58.259493,5.0,14.5,2100.0
2026-02-08T09:02:58.760082,5.3,14.5,2100.0
2026-02-08T09:02:59.262002,5.7,14.5,2100.0
2026-02-08T09:02:59.763539,5.3,14.5,2100.0
2026-02-08T09:03:00.264210,4.7,14.5,2100.0
2026-02-08T09:03:00.764837,6.9,14.5,2100.0
2026-02-08T09:03:01.266736,5.6,14.5,2100.0
2026-02-08T09:03:01.767504,7.8,14.5,2100.0
2026-02-08T09:03:02.268578,4.6,14.5,2100.0
2026-02-08T09:03:02.769823,7.6,14.5,2100.0
2026-02-08T09:03:03.270495,6.8,14.5,2100.0
2026-02-08T09:03:03.771008,4.7,14.5,2100.0
2026-02-08T09:03:04.271870,5.3,14.5,2100.0
2026-02-08T09:03:04.772478,4.8,14.5,2100.0
2026-02-08T09:03:05.273459,6.1,14.5,2100.0
2026-02-08T09:03:05.774348,5.2,14.5,2100.0
2026-02-08T09:03:06.275091,9.3,14.5,2100.0
2026-02-08T09:03:06.776172,5.4,14.5,2100.0
2026-02-08T09:03:07.276657,6.8,14.5,2100.0
2026-02-08T09:03:07.777862,5.5,14.5,2100.0
2026-02-08T09:03:08.278202,8.9,14.5,2100.0
2026-02-08T09:03:08.778633,6.7,14.5,2100.0
2026-02-08T09:03:09.279073,5.6,14.5,2100.0
2026-02-08T09:03:09.779707,7.4,14.5,2100.0
2026-02-08T09:03:10.280365,6.4,14.5,2100.0
2026-02-08T09:03:10.781467,4.2,14.5,2100.0
2026-02-08T09:03:11.282225,5.4,14.5,2100.0
2026-02-08T09:03:11.783166,4.8,14.5,2100.0
2026-02-08T09:03:12.284097,7.6,14.5,2100.0
2026-02-08T09:03:12.785152,5.1,14.5,2100.0
2026-02-08T09:03:13.285962,7.4,14.5,2100.0
2026-02-08T09:03:13.786864,6.2,14.5,2100.0
2026-02-08T09:03:14.288064,5.6,14.5,2100.0
2026-02-08T09:03:14.788697,5.4,14.5,2100.0
2026-02-08T09:03:15.289272,8.3,14.5,2100.0
2026-02-08T09:03:15.790074,5.0,14.5,2100.0
2026-02-08T09:03:16.290824,5.6,14.5,2100.0
2026-02-08T09:03:16.791361,3.5,14.5,2100.0
2026-02-08T09:03:17.291984,6.5,14.5,2100.0
2026-02-08T09:03:17.792495,5.2,14.5,2100.0
2026-02-08T09:03:18.292918,5.3,14.5,2100.0
2026-02-08T09:03:18.793718,7.5,14.5,2100.0
2026-02-08T09:03:19.294531,5.7,14.5,2100.0
2026-02-08T09:03:19.795090,5.2,14.5,2100.0
2026-02-08T09:03:20.295523,4.7,14.5,2100.0
2026-02-08T09:03:20.796162,5.1,14.5,2100.0
2026-02-08T09:03:21.296997,6.1,14.5,2100.0
2026-02-08T09:03:21.798709,4.3,14.5,2100.0
2026-02-08T09:03:22.299784,11.0,14.5,2100.0
2026-02-08T09:03:22.801649,6.3,14.5,2100.0
2026-02-08T09:03:23.302124,4.6,14.5,2100.0
2026-02-08T09:03:23.802519,3.9,14.5,2100.0
2026-02-08T09:03:24.303185,7.4,14.5,2100.0
2026-02-08T09:03:24.803889,4.9,14.5,2100.0
2026-02-08T09:03:25.304644,5.6,14.5,2100.0
2026-02-08T09:03:25.805480,4.9,14.5,2100.0
2026-02-08T09:03:26.305931,10.0,14.5,2100.0
2026-02-08T09:03:26.806384,8.6,14.5,2100.0
2026-02-08T09:03:27.307015,5.7,14.5,2100.0
2026-02-08T09:03:27.807938,6.6,14.5,2100.0
2026-02-08T09:03:28.308587,9.1,14.5,2100.0
2026-02-08T09:03:28.809191,6.9,14.5,2100.0
2026-02-08T09:03:29.310542,6.0,14.5,2100.0
2026-02-08T09:03:29.811137,14.3,14.5,2100.0
2026-02-08T09:03:30.311774,9.7,14.5,2100.0
2026-02-08T09:03:30.813242,11.9,14.5,2100.0
2026-02-08T09:03:31.314177,6.3,14.5,2100.0
2026-02-08T09:03:31.814796,7.9,14.5,2100.0
2026-02-08T09:03:32.315513,5.7,14.5,2100.0
2026-02-08T09:03:32.816432,6.9,14.5,2100.0
2026-02-08T09:03:33.317110,6.4,14.5,2100.0
2026-02-08T09:03:33.817547,9.1,14.5,2100.0
2026-02-08T09:03:34.318141,4.7,14.5,2100.0
2026-02-08T09:03:34.818937,10.0,14.5,2100.0
2026-02-08T09:03:35.319520,7.7,14.5,2100.0
2026-02-08T09:03:35.820057,11.3,14.5,2100.0
2026-02-08T09:03:36.320792,6.5,14.5,2100.0
2026-02-08T09:03:36.821632,7.2,14.5,2100.0
2026-02-08T09:03:37.322412,5.4,14.5,2100.0
2026-02-08T09:03:37.824503,10.0,14.5,2100.0
2026-02-08T09:03:38.325419,4.1,14.5,2100.0
2026-02-08T09:03:38.826167,8.1,14.5,2100.0
2026-02-08T09:03:39.326593,7.8,14.5,2100.0
2026-02-08T09:03:39.827226,7.1,14.5,2100.0
2026-02-08T09:03:40.327703,5.1,14.5,2100.0
2026-02-08T09:03:40.828284,8.6,14.5,2100.0
2026-02-08T09:03:41.329317,7.7,14.5,2100.0
2026-02-08T09:03:41.830539,4.6,14.5,2100.0
2026-02-08T09:03:42.331296,3.7,14.5,2100.0
2026-02-08T09:03:42.832311,7.9,14.5,2100.0
2026-02-08T09:03:43.332823,7.6,14.5,2100.0
2026-02-08T09:03:43.833744,7.4,14.5,2100.0
2026-02-08T09:03:44.334087,8.4,14.5,2100.0
2026-02-08T09:03:44.834621,4.2,14.5,2100.0
2026-02-08T09:03:45.335110,4.8,14.5,2100.0
2026-02-08T09:03:45.835607,5.7,14.5,2100.0
2026-02-08T09:03:46.336139,9.3,14.5,2100.0
2026-02-08T09:03:46.836747,4.9,14.5,2100.0
2026-02-08T09:03:47.337288,6.6,14.5,2100.0
2026-02-08T09:03:47.838132,5.2,14.5,2100.0
2026-02-08T09:03:48.338824,10.5,14.5,2100.0
2026-02-08T09:03:48.839696,15.2,14.5,2100.0
2026-02-08T09:03:49.341546,12.9,14.5,2100.0
2026-02-08T09:03:49.847058,11.8,14.5,2100.0
2026-02-08T09:03:50.348038,12.4,14.5,2100.0
2026-02-08T09:03:50.848595,6.7,14.5,2100.0
2026-02-08T09:03:51.349299,16.4,14.5,2100.0
2026-02-08T09:03:51.850106,5.6,14.6,2100.0
2026-02-08T09:03:52.350601,5.3,14.6,2100.0
2026-02-08T09:03:52.851418,5.9,14.6,2100.0
2026-02-08T09:03:53.352044,4.5,14.6,2100.0
2026-02-08T09:03:53.852478,8.9,14.6,2100.0
2026-02-08T09:03:54.353383,5.1,14.6,2100.0
2026-02-08T09:03:54.854632,4.7,14.6,2100.0
2026-02-08T09:03:55.355353,3.4,14.6,2100.0
2026-02-08T09:03:55.856168,7.4,14.6,2100.0
2026-02-08T09:03:56.356553,7.4,14.6,2100.0
2026-02-08T09:03:56.857314,6.2,14.6,2100.0
2026-02-08T09:03:57.357909,7.5,14.6,2100.0
2026-02-08T09:03:57.858978,5.4,14.5,2100.0
2026-02-08T09:03:58.359730,6.7,14.4,2100.0
2026-02-08T09:03:58.860437,5.9,14.4,2100.0
2026-02-08T09:03:59.360870,7.0,14.5,2100.0
2026-02-08T09:03:59.861449,14.2,14.5,2100.0
2026-02-08T09:04:00.363042,9.9,14.5,2100.0
2026-02-08T09:04:00.863622,7.2,14.5,2100.0
2026-02-08T09:04:01.364370,5.6,14.5,2100.0
2026-02-08T09:04:01.865326,7.1,14.5,2100.0
2026-02-08T09:04:02.365902,9.6,14.5,2100.0
2026-02-08T09:04:02.866842,6.4,14.5,2100.0
2026-02-08T09:04:03.367511,2.9,14.5,2100.0
2026-02-08T09:04:03.868030,4.7,14.5,2100.0
2026-02-08T09:04:04.368372,6.6,14.5,2100.0
2026-02-08T09:04:04.868772,8.4,14.5,2100.0
2026-02-08T09:04:05.369438,3.6,14.5,2100.0
2026-02-08T09:04:05.870585,10.6,14.5,2100.0
2026-02-08T09:04:06.371505,5.1,14.5,2100.0
2026-02-08T09:04:06.871973,5.0,14.5,2100.0
2026-02-08T09:04:07.372774,5.6,14.5,2100.0
2026-02-08T09:04:07.873733,6.1,14.5,2100.0
2026-02-08T09:04:08.374554,5.1,14.5,2100.0
2026-02-08T09:04:08.875149,6.7,14.5,2100.0
2026-02-08T09:04:09.375706,3.8,14.4,2100.0
2026-02-08T09:04:09.876855,9.8,14.4,2100.0
2026-02-08T09:04:10.378132,5.5,14.4,2100.0
2026-02-08T09:04:10.878540,5.1,14.4,2100.0
2026-02-08T09:04:11.380095,7.7,14.4,2100.0
2026-02-08T09:04:11.880842,8.4,14.4,2100.0
2026-02-08T09:04:12.381199,7.8,14.4,2100.0
2026-02-08T09:04:12.881818,8.1,14.4,2100.0
2026-02-08T09:04:13.382430,6.7,14.4,2100.0
2026-02-08T09:04:13.883105,7.7,14.4,2100.0
2026-02-08T09:04:14.383843,6.8,14.4,2100.0
2026-02-08T09:04:14.884658,6.3,14.4,2100.0
2026-02-08T09:04:15.385276,8.0,14.4,2100.0
2026-02-08T09:04:15.885855,7.6,14.4,2100.0
2026-02-08T09:04:16.386580,5.0,14.4,2100.0
2026-02-08T09:04:16.887395,6.4,14.4,2100.0
2026-02-08T09:04:17.388271,4.2,14.4,2100.0
2026-02-08T09:04:17.889022,8.8,14.4,2100.0
2026-02-08T09:04:18.389793,7.5,14.4,2100.0
2026-02-08T09:04:18.890884,5.7,14.4,2100.0
2026-02-08T09:04:19.391675,4.3,14.4,2100.0
2026-02-08T09:04:19.892607,8.2,14.4,2100.0
2026-02-08T09:04:20.393084,3.9,14.4,2100.0
2026-02-08T09:04:20.893509,7.3,14.4,2100.0
2026-02-08T09:04:21.394423,4.4,14.4,2100.0
2026-02-08T09:04:21.894932,5.9,14.4,2100.0
2026-02-08T09:04:22.395977,7.1,14.4,2100.0
2026-02-08T09:04:22.896524,4.4,14.4,2100.0
2026-02-08T09:04:23.397521,4.7,14.4,2100.0
2026-02-08T09:04:23.899048,6.0,14.4,2100.0
2026-02-08T09:04:24.402143,6.5,14.4,2100.0
2026-02-08T09:04:24.902810,4.0,14.4,2100.0
2026-02-08T09:04:25.403246,7.3,14.4,2100.0
2026-02-08T09:04:25.903779,9.4,14.4,2100.0
2026-02-08T09:04:26.404495,5.4,14.4,2100.0
2026-02-08T09:04:26.905327,5.7,14.4,2100.0
2026-02-08T09:04:27.406331,5.1,14.4,2100.0
2026-02-08T09:04:27.907520,6.4,14.4,2100.0
2026-02-08T09:04:28.408187,5.9,14.4,2100.0
2026-02-08T09:04:28.911011,6.3,14.4,2100.0
2026-02-08T09:04:29.411953,7.3,14.4,2100.0
2026-02-08T09:04:29.912827,6.0,14.4,2100.0
2026-02-08T09:04:30.413718,4.9,14.4,2100.0
2026-02-08T09:04:30.914217,12.3,14.4,2100.0
2026-02-08T09:04:31.414955,9.4,14.4,2100.0
2026-02-08T09:04:31.915438,7.4,14.5,2100.0
2026-02-08T09:04:32.416356,7.2,14.5,2100.0
2026-02-08T09:04:32.916962,4.6,14.4,2100.0
2026-02-08T09:04:33.418196,4.3,14.4,2100.0
2026-02-08T09:04:33.918694,5.9,14.4,2100.0
2026-02-08T09:04:34.419268,6.0,14.4,2100.0
2026-02-08T09:04:34.920049,5.1,14.4,2100.0
2026-02-08T09:04:35.420943,4.7,14.4,2100.0
2026-02-08T09:04:35.921387,4.3,14.4,2100.0
2026-02-08T09:04:36.422160,8.3,14.4,2100.0
2026-02-08T09:04:36.922895,5.7,14.4,2100.0
2026-02-08T09:04:37.424105,6.2,14.4,2100.0
2026-02-08T09:04:37.924853,5.7,14.4,2100.0
2026-02-08T09:04:38.425429,8.7,14.4,2100.0
2026-02-08T09:04:38.926036,4.6,14.4,2100.0
2026-02-08T09:04:39.426954,5.3,14.4,2100.0
2026-02-08T09:04:39.927616,4.0,14.4,2100.0
2026-02-08T09:04:40.428222,8.2,14.4,2100.0
2026-02-08T09:04:40.929357,4.5,14.4,2100.0
2026-02-08T09:04:41.430201,6.7,14.4,2100.0
2026-02-08T09:04:41.930636,12.8,14.5,2100.0
2026-02-08T09:04:42.431566,14.7,14.5,2100.0
2026-02-08T09:04:42.933794,5.2,14.5,2100.0
2026-02-08T09:04:43.434333,6.8,14.5,2100.0
2026-02-08T09:04:43.934761,3.3,14.5,2100.0
2026-02-08T09:04:44.457769,8.0,14.5,2100.0
2026-02-08T09:04:44.958585,3.4,14.5,2100.0
2026-02-08T09:04:45.459614,7.4,14.5,2100.0
2026-02-08T09:04:45.960008,7.7,14.5,2100.0
2026-02-08T09:04:46.460857,9.2,14.5,2100.0
2026-02-08T09:04:46.961265,5.0,14.5,2100.0
2026-02-08T09:04:47.463191,7.0,14.5,2100.0
2026-02-08T09:04:47.965137,4.7,14.5,2100.0
2026-02-08T09:04:48.465647,13.4,14.5,2100.0
2026-02-08T09:04:48.966408,5.9,14.5,2100.0
2026-02-08T09:04:49.466978,5.6,14.5,2100.0
2026-02-08T09:04:49.967433,5.3,14.5,2100.0
2026-02-08T09:04:50.467912,12.8,14.5,2100.0
2026-02-08T09:04:50.968632,5.0,14.5,2100.0
2026-02-08T09:04:51.469261,6.2,14.5,2100.0
2026-02-08T09:04:51.969918,7.4,14.5,2100.0
2026-02-08T09:04:52.470448,8.0,14.5,2100.0
2026-02-08T09:04:52.971041,8.2,14.5,2100.0
2026-02-08T09:04:53.471746,8.1,14.5,2100.0
2026-02-08T09:04:53.972783,4.6,14.5,2100.0
2026-02-08T09:04:54.474096,9.6,14.5,2100.0
2026-02-08T09:04:54.975048,6.1,14.5,2100.0
2026-02-08T09:04:55.475900,10.7,14.5,2100.0
2026-02-08T09:04:55.976680,10.5,14.5,2100.0
2026-02-08T09:04:56.477653,8.6,14.5,2100.0
2026-02-08T09:04:56.978164,5.0,14.5,2100.0
2026-02-08T09:04:57.478957,6.7,14.5,2100.0
2026-02-08T09:04:57.979704,4.8,14.5,2100.0
2026-02-08T09:04:58.480109,7.9,14.5,2100.0
2026-02-08T09:04:58.980740,4.8,14.5,2100.0
2026-02-08T09:04:59.481750,9.6,14.5,2100.0
2026-02-08T09:04:59.982236,4.8,14.5,2100.0
2026-02-08T09:05:00.483047,6.6,14.5,2100.0
2026-02-08T09:05:00.983789,5.0,14.5,2100.0
2026-02-08T09:05:01.484446,6.8,14.5,2100.0
2026-02-08T09:05:01.985033,6.3,14.5,2100.0
2026-02-08T09:05:02.485602,5.6,14.5,2100.0
2026-02-08T09:05:02.986160,5.8,14.5,2100.0
2026-02-08T09:05:03.486721,8.6,14.5,2100.0
2026-02-08T09:05:03.987189,4.6,14.5,2100.0
2026-02-08T09:05:04.487638,9.8,14.5,2100.0
2026-02-08T09:05:04.988023,5.8,14.5,2100.0
2026-02-08T09:05:05.489320,8.1,14.5,2100.0
2026-02-08T09:05:05.990036,6.5,14.5,2100.0
2026-02-08T09:05:06.490511,8.0,14.5,2100.0
2026-02-08T09:05:06.991412,7.6,14.5,2100.0
2026-02-08T09:05:07.492284,6.0,14.5,2100.0
2026-02-08T09:05:07.992818,5.0,14.5,2100.0
2026-02-08T09:05:08.493690,17.1,14.5,2100.0
2026-02-08T09:05:08.994506,2.7,14.5,2100.0
2026-02-08T09:05:09.495739,12.7,14.5,2100.0
2026-02-08T09:05:09.996489,7.8,14.5,2100.0
2026-02-08T09:05:10.497860,11.0,14.5,2100.0
2026-02-08T09:05:10.999852,9.7,14.5,2100.0
2026-02-08T09:05:11.500369,11.0,14.6,2100.0
2026-02-08T09:05:12.000998,13.3,14.6,2100.0
2026-02-08T09:05:12.501575,11.3,14.6,2100.0
2026-02-08T09:05:13.002036,2.5,14.6,2100.0
2026-02-08T09:05:13.502818,6.2,14.6,2100.0
2026-02-08T09:05:14.003637,3.1,14.6,2100.0
2026-02-08T09:05:14.504225,8.0,14.6,2100.0
2026-02-08T09:05:15.005311,4.0,14.6,2100.0
2026-02-08T09:05:15.505996,10.6,14.6,2100.0
2026-02-08T09:05:16.006665,6.3,14.6,2100.0
2026-02-08T09:05:16.507513,7.4,14.6,2100.0
2026-02-08T09:05:17.008007,5.4,14.6,2100.0
2026-02-08T09:05:17.508664,9.8,14.6,2100.0
2026-02-08T09:05:18.009913,5.7,14.6,2100.0
2026-02-08T09:05:18.510450,7.9,14.6,2100.0
2026-02-08T09:05:19.011383,6.7,14.6,2100.0
2026-02-08T09:05:19.513234,8.5,14.6,2100.0
2026-02-08T09:05:20.013950,4.6,14.6,2100.0
2026-02-08T09:05:20.514903,12.0,14.6,2100.0
2026-02-08T09:05:21.015751,5.9,14.6,2100.0
2026-02-08T09:05:21.516510,6.7,14.6,2100.0
2026-02-08T09:05:22.017153,5.2,14.6,2100.0
2026-02-08T09:05:22.517840,6.6,14.6,2100.0
2026-02-08T09:05:23.018359,6.1,14.6,2100.0
2026-02-08T09:05:23.519055,17.4,14.6,2100.0
2026-02-08T09:05:24.019511,6.9,14.6,2100.0
2026-02-08T09:05:24.520053,5.4,14.6,2100.0
2026-02-08T09:05:25.021259,3.9,14.6,2100.0
2026-02-08T09:05:25.522009,6.7,14.6,2100.0
2026-02-08T09:05:26.023257,5.2,14.6,2100.0
2026-02-08T09:05:26.525082,6.5,14.6,2100.0
2026-02-08T09:05:27.025566,7.1,14.6,2100.0
2026-02-08T09:05:27.527687,6.0,14.6,2100.0
2026-02-08T09:05:28.028540,6.8,14.6,2100.0
2026-02-08T09:05:28.529337,4.8,14.6,2100.0
2026-02-08T09:05:29.030100,3.8,14.6,2100.0
2026-02-08T09:05:29.530747,9.5,14.6,2100.0
2026-02-08T09:05:30.031247,5.1,14.6,2100.0
2026-02-08T09:05:30.533492,6.6,14.6,2100.0
2026-02-08T09:05:31.034182,4.2,14.6,2100.0
2026-02-08T09:05:31.534970,6.3,14.6,2100.0
2026-02-08T09:05:32.035672,6.9,14.4,2100.0
2026-02-08T09:05:32.536377,10.0,14.4,2100.0
2026-02-08T09:05:33.037413,6.3,14.4,2100.0
2026-02-08T09:05:33.538193,5.7,14.4,2100.0
2026-02-08T09:05:34.038887,4.1,14.4,2100.0
2026-02-08T09:05:34.539647,8.3,14.4,2100.0
2026-02-08T09:05:35.040145,5.4,14.4,2100.0
2026-02-08T09:05:35.540653,10.8,14.4,2100.0
2026-02-08T09:05:36.041890,4.4,14.4,2100.0
2026-02-08T09:05:36.542804,5.2,14.4,2100.0
2026-02-08T09:05:37.043571,5.0,14.4,2100.0
2026-02-08T09:05:37.544329,11.0,14.4,2100.0
2026-02-08T09:05:38.045339,12.0,14.4,2100.0
2026-02-08T09:05:38.546113,18.4,14.5,2100.0
2026-02-08T09:05:39.047215,8.2,14.5,2100.0
2026-02-08T09:05:39.548015,7.4,14.5,2100.0
2026-02-08T09:05:40.048642,6.8,14.5,2100.0
2026-02-08T09:05:40.549458,9.9,14.5,2100.0
2026-02-08T09:05:41.050666,4.1,14.5,2100.0
2026-02-08T09:05:41.551433,6.6,14.5,2100.0
2026-02-08T09:05:42.052063,12.7,14.5,2100.0
2026-02-08T09:05:42.552767,9.5,14.5,2100.0
2026-02-08T09:05:43.054384,6.3,14.5,2100.0
2026-02-08T09:05:43.554811,14.4,14.5,2100.0
2026-02-08T09:05:44.055277,14.6,14.5,2100.0
2026-02-08T09:05:44.556059,12.5,14.5,2100.0
2026-02-08T09:05:45.056825,5.2,14.5,2100.0
2026-02-08T09:05:45.557658,7.2,14.5,2100.0
2026-02-08T09:05:46.058317,4.9,14.5,2100.0
2026-02-08T09:05:46.559926,6.2,14.5,2100.0
2026-02-08T09:05:47.060477,5.2,14.5,2100.0
2026-02-08T09:05:47.561023,12.1,14.5,2100.0
2026-02-08T09:05:48.061714,10.1,14.5,2100.0
2026-02-08T09:05:48.562351,13.1,14.5,2100.0
2026-02-08T09:05:49.063550,5.6,14.5,2100.0
2026-02-08T09:05:49.564378,6.7,14.5,2100.0
2026-02-08T09:05:50.065145,9.0,14.5,2100.0
2026-02-08T09:05:50.566488,11.1,14.5,2100.0
2026-02-08T09:05:51.067345,7.0,14.5,2100.0
2026-02-08T09:05:51.567869,6.5,14.5,2100.0
2026-02-08T09:05:52.068440,6.4,14.5,2100.0
2026-02-08T09:05:52.569435,6.3,14.5,2100.0
2026-02-08T09:05:53.071898,5.1,14.5,2100.0
2026-02-08T09:05:53.572531,8.9,14.5,2100.0
2026-02-08T09:05:54.073408,4.8,14.5,2100.0
2026-02-08T09:05:54.573927,3.9,14.5,2100.0
2026-02-08T09:05:55.077620,8.0,14.5,2100.0
2026-02-08T09:05:55.578398,7.7,14.5,2100.0
2026-02-08T09:05:56.078994,6.0,14.5,2100.0
2026-02-08T09:05:56.579487,9.0,14.5,2100.0
2026-02-08T09:05:57.080025,6.5,14.5,2100.0
2026-02-08T09:05:57.580776,8.2,14.5,2100.0
2026-02-08T09:05:58.081576,5.5,14.5,2100.0
2026-02-08T09:05:58.582031,11.4,14.5,2100.0
2026-02-08T09:05:59.082943,6.6,14.5,2100.0
2026-02-08T09:05:59.583636,7.8,14.5,2100.0
2026-02-08T09:06:00.084268,7.8,14.5,2100.0
2026-02-08T09:06:00.584830,9.9,14.5,2100.0
2026-02-08T09:06:01.085810,6.1,14.5,2100.0
2026-02-08T09:06:01.586270,10.6,14.4,2100.0
2026-02-08T09:06:02.086733,8.9,14.4,2100.0
2026-02-08T09:06:02.587280,8.0,14.4,2100.0
2026-02-08T09:06:03.087695,6.6,14.4,2100.0
2026-02-08T09:06:03.589923,12.2,14.5,2100.0
2026-02-08T09:06:04.090750,7.2,14.5,2100.0
2026-02-08T09:06:04.592197,10.6,14.5,2100.0
2026-02-08T09:06:05.093499,5.1,14.5,2100.0
2026-02-08T09:06:05.593986,6.2,14.5,2100.0
2026-02-08T09:06:06.094461,6.3,14.5,2100.0
2026-02-08T09:06:06.595130,7.7,14.4,2100.0
2026-02-08T09:06:07.095890,9.9,14.4,2100.0
2026-02-08T09:06:07.596342,9.6,14.4,2100.0
2026-02-08T09:06:08.097166,5.3,14.4,2100.0
2026-02-08T09:06:08.597746,6.5,14.5,2100.0
2026-02-08T09:06:09.098550,4.9,14.5,2100.0
2026-02-08T09:06:09.598978,3.8,14.4,2100.0
2026-02-08T09:06:10.099766,4.0,14.4,2100.0
2026-02-08T09:06:10.600423,10.5,14.4,2100.0
2026-02-08T09:06:11.100829,5.7,14.4,2100.0
2026-02-08T09:06:11.601494,7.7,14.4,2100.0
2026-02-08T09:06:12.102311,8.3,14.4,2100.0
2026-02-08T09:06:12.602965,6.3,14.4,2100.0
2026-02-08T09:06:13.103786,5.5,14.4,2100.0
2026-02-08T09:06:13.604576,5.6,14.4,2100.0
2026-02-08T09:06:14.105534,6.6,14.4,2100.0
2026-02-08T09:06:14.606683,7.8,14.4,2100.0
2026-02-08T09:06:15.107216,6.4,14.4,2100.0
2026-02-08T09:06:15.608200,8.3,14.4,2100.0
2026-02-08T09:06:16.110026,5.2,14.4,2100.0
2026-02-08T09:06:16.611129,6.0,14.4,2100.0
2026-02-08T09:06:17.111905,4.8,14.4,2100.0
2026-02-08T09:06:17.612826,8.4,14.5,2100.0
2026-02-08T09:06:18.113768,5.5,14.5,2100.0
2026-02-08T09:06:18.614356,7.7,14.5,2100.0
2026-02-08T09:06:19.115395,9.1,14.5,2100.0
2026-02-08T09:06:19.616157,5.7,14.5,2100.0
2026-02-08T09:06:20.116975,7.2,14.5,2100.0
2026-02-08T09:06:20.617733,6.8,14.5,2100.0
2026-02-08T09:06:21.118737,9.5,14.5,2100.0
2026-02-08T09:06:21.619651,7.5,14.5,2100.0
2026-02-08T09:06:22.121793,8.7,14.5,2100.0
2026-02-08T09:06:22.622429,5.7,14.5,2100.0
2026-02-08T09:06:23.122986,7.5,14.5,2100.0
2026-02-08T09:06:23.624686,8.5,14.5,2100.0
2026-02-08T09:06:24.125148,4.9,14.5,2100.0
2026-02-08T09:06:24.625803,6.9,14.5,2100.0
2026-02-08T09:06:25.126777,6.5,14.5,2100.0
2026-02-08T09:06:25.627548,5.4,14.5,2100.0
2026-02-08T09:06:26.128056,4.8,14.5,2100.0
2026-02-08T09:06:26.628552,5.9,14.5,2100.0
2026-02-08T09:06:27.129232,7.0,14.5,2100.0
2026-02-08T09:06:27.629846,10.9,14.5,2100.0
2026-02-08T09:06:28.130480,9.6,14.5,2100.0
2026-02-08T09:06:28.631454,10.7,14.5,2100.0
2026-02-08T09:06:29.132390,12.1,14.5,2100.0
2026-02-08T09:06:29.634611,10.4,14.5,2100.0
2026-02-08T09:06:30.135379,11.3,14.5,2100.0
2026-02-08T09:06:30.636851,10.7,14.5,2100.0
2026-02-08T09:06:31.138128,9.6,14.5,2100.0
2026-02-08T09:06:31.639799,10.4,14.5,2100.0
2026-02-08T09:06:32.141589,7.3,14.5,2100.0
2026-02-08T09:06:32.643422,11.7,14.5,2100.0
2026-02-08T09:06:33.144539,8.7,14.5,2100.0
2026-02-08T09:06:33.645817,14.4,14.5,2100.0
2026-02-08T09:06:34.148728,12.6,14.5,2100.0
2026-02-08T09:06:34.650969,16.6,14.5,2100.0
2026-02-08T09:06:35.151988,13.5,14.5,2100.0
2026-02-08T09:06:35.653304,9.0,14.5,2100.0
2026-02-08T09:06:36.153963,9.5,14.5,2100.0
2026-02-08T09:06:36.655299,11.4,14.5,2100.0
2026-02-08T09:06:37.156019,12.2,14.5,2100.0
2026-02-08T09:06:37.656874,16.0,14.5,2100.0
2026-02-08T09:06:38.157424,9.8,14.5,2100.0
2026-02-08T09:06:38.659144,16.5,14.5,2100.0
2026-02-08T09:06:39.160988,14.9,14.5,2100.0
2026-02-08T09:06:39.662627,23.2,14.5,2100.0
2026-02-08T09:06:40.165002,10.3,14.5,2100.0
2026-02-08T09:06:40.665565,17.5,14.5,2100.0
2026-02-08T09:06:41.166033,7.0,14.5,2100.0
2026-02-08T09:06:41.667197,10.8,14.5,2100.0
2026-02-08T09:06:42.168999,10.2,14.5,2100.0
2026-02-08T09:06:42.670844,12.1,14.5,2100.0
2026-02-08T09:06:43.172256,7.6,14.5,2100.0
2026-02-08T09:06:43.673441,12.7,14.5,2100.0
2026-02-08T09:06:44.174614,10.9,14.5,2100.0
2026-02-08T09:06:44.675589,10.7,14.5,2100.0
2026-02-08T09:06:45.176120,11.8,14.5,2100.0
2026-02-08T09:06:45.677843,9.5,14.5,2100.0
2026-02-08T09:06:46.180784,11.5,14.5,2100.0
2026-02-08T09:06:46.681430,13.2,14.5,2100.0
2026-02-08T09:06:47.183135,12.0,14.5,2100.0
2026-02-08T09:06:47.684524,14.6,14.5,2100.0
2026-02-08T09:06:48.186130,9.6,14.5,2100.0
2026-02-08T09:06:48.688754,21.6,14.5,2100.0
2026-02-08T09:06:49.189737,8.2,14.5,2100.0
2026-02-08T09:06:49.690505,23.1,14.5,2100.0
2026-02-08T09:06:50.191320,10.5,14.5,2100.0
2026-02-08T09:06:50.692007,20.9,14.5,2100.0
2026-02-08T09:06:51.193451,10.0,14.5,2100.0
2026-02-08T09:06:51.694277,11.4,14.5,2100.0
2026-02-08T09:06:52.196339,9.0,14.5,2100.0
2026-02-08T09:06:52.697965,13.6,14.5,2100.0
2026-02-08T09:06:53.200008,8.6,14.5,2100.0
2026-02-08T09:06:53.700952,12.4,14.5,2100.0
2026-02-08T09:06:54.201678,5.1,14.5,2100.0
2026-02-08T09:06:54.702133,8.2,14.5,2100.0
2026-02-08T09:06:55.202838,7.7,14.5,2100.0
2026-02-08T09:06:55.703317,9.5,14.5,2100.0
2026-02-08T09:06:56.204403,4.4,14.5,2100.0
2026-02-08T09:06:56.708512,7.3,14.5,2100.0
2026-02-08T09:06:57.209233,7.6,14.5,2100.0
2026-02-08T09:06:57.710051,12.5,14.5,2100.0
2026-02-08T09:06:58.210528,9.5,14.5,2100.0
2026-02-08T09:06:58.711152,8.3,14.5,2100.0
2026-02-08T09:06:59.211958,7.8,14.5,2100.0
2026-02-08T09:06:59.712829,5.7,14.5,2100.0
2026-02-08T09:07:00.213533,6.3,14.5,2100.0
2026-02-08T09:07:00.714187,7.4,14.5,2100.0
2026-02-08T09:07:01.214585,6.0,14.5,2100.0
2026-02-08T09:07:01.715114,6.8,14.5,2100.0
2026-02-08T09:07:02.215716,6.3,14.5,2100.0
2026-02-08T09:07:02.717098,8.6,14.5,2100.0
2026-02-08T09:07:03.219848,6.3,14.5,2100.0
2026-02-08T09:07:03.723546,7.0,14.5,2100.0
2026-02-08T09:07:04.224100,8.0,14.5,2100.0
2026-02-08T09:07:04.724877,6.4,14.5,2100.0
2026-02-08T09:07:05.225508,8.2,14.5,2100.0
2026-02-08T09:07:05.726281,8.5,14.5,2100.0
2026-02-08T09:07:06.226941,5.6,14.5,2100.0
2026-02-08T09:07:06.727762,9.0,14.5,2100.0
2026-02-08T09:07:07.228649,4.4,14.5,2100.0
2026-02-08T09:07:07.729359,8.6,14.5,2100.0
2026-02-08T09:07:08.229908,5.1,14.5,2100.0
2026-02-08T09:07:08.730598,8.5,14.5,2100.0
2026-02-08T09:07:09.231255,6.9,14.5,2100.0
2026-02-08T09:07:09.732286,5.8,14.5,2100.0
2026-02-08T09:07:10.233380,4.9,14.5,2100.0
2026-02-08T09:07:10.733900,6.5,14.5,2100.0
2026-02-08T09:07:11.234730,5.2,14.5,2100.0
2026-02-08T09:07:11.737370,6.4,14.5,2100.0
2026-02-08T09:07:12.237889,5.6,14.5,2100.0
2026-02-08T09:07:12.739745,4.4,14.5,2100.0
2026-02-08T09:07:13.240378,4.0,14.4,2100.0
2026-02-08T09:07:13.740804,5.1,14.4,2100.0
2026-02-08T09:07:14.241637,5.1,14.4,2100.0
2026-02-08T09:07:14.742492,6.5,14.4,2100.0
2026-02-08T09:07:15.243006,8.1,14.4,2100.0
2026-02-08T09:07:15.743484,6.7,14.4,2100.0
2026-02-08T09:07:16.243851,4.4,14.4,2100.0
2026-02-08T09:07:16.744761,4.0,14.4,2100.0
2026-02-08T09:07:17.245149,4.4,14.4,2100.0
2026-02-08T09:07:17.745813,6.4,14.4,2100.0
2026-02-08T09:07:18.246318,6.8,14.4,2100.0
2026-02-08T09:07:18.747044,4.6,14.4,2100.0
2026-02-08T09:07:19.248957,3.9,14.4,2100.0
2026-02-08T09:07:19.749311,6.4,14.4,2100.0
2026-02-08T09:07:20.250053,3.8,14.4,2100.0
2026-02-08T09:07:20.752628,3.9,14.4,2100.0
2026-02-08T09:07:21.253999,5.7,14.4,2100.0
2026-02-08T09:07:21.754541,3.9,14.4,2100.0
2026-02-08T09:07:22.259962,7.4,14.4,2100.0
2026-02-08T09:07:22.760847,11.0,14.4,2100.0
2026-02-08T09:07:23.261452,6.0,14.4,2100.0
2026-02-08T09:07:23.761944,5.0,14.4,2100.0
2026-02-08T09:07:24.262938,6.8,14.4,2100.0
2026-02-08T09:07:24.763951,7.2,14.4,2100.0
2026-02-08T09:07:25.264317,4.0,14.4,2100.0
2026-02-08T09:07:25.764807,6.8,14.4,2100.0
2026-02-08T09:07:26.265718,6.3,14.4,2100.0
2026-02-08T09:07:26.766573,4.0,14.4,2100.0
2026-02-08T09:07:27.267079,4.9,14.4,2100.0
2026-02-08T09:07:27.768841,7.4,14.4,2100.0
2026-02-08T09:07:28.269504,5.9,14.4,2100.0
2026-02-08T09:07:28.769936,9.1,14.4,2100.0
2026-02-08T09:07:29.270597,3.5,14.4,2100.0
2026-02-08T09:07:29.772260,5.7,14.4,2100.0
2026-02-08T09:07:30.273083,5.2,14.4,2100.0
2026-02-08T09:07:30.773683,8.3,14.4,2100.0
2026-02-08T09:07:31.274808,4.7,14.4,2100.0
2026-02-08T09:07:31.775641,4.7,14.4,2100.0
2026-02-08T09:07:32.276007,5.5,14.4,2100.0
2026-02-08T09:07:32.777706,6.6,14.4,2100.0
2026-02-08T09:07:33.278508,5.6,14.4,2100.0
2026-02-08T09:07:33.779087,7.6,14.4,2100.0
2026-02-08T09:07:34.279849,3.7,14.4,2100.0
2026-02-08T09:07:34.781208,5.2,14.4,2100.0
2026-02-08T09:07:35.281789,3.2,14.4,2100.0
2026-02-08T09:07:35.782255,5.7,14.4,2100.0
2026-02-08T09:07:36.283239,5.3,14.4,2100.0
2026-02-08T09:07:36.784266,6.9,14.4,2100.0
2026-02-08T09:07:37.284822,5.0,14.4,2100.0
2026-02-08T09:07:37.785386,5.1,14.4,2100.0
2026-02-08T09:07:38.287456,4.0,14.4,2100.0
2026-02-08T09:07:38.788221,5.8,14.4,2100.0
2026-02-08T09:07:39.288726,3.2,14.4,2100.0
2026-02-08T09:07:39.790108,6.7,14.4,2100.0
2026-02-08T09:07:40.290581,3.6,14.4,2100.0
2026-02-08T09:07:40.791547,6.1,14.4,2100.0
2026-02-08T09:07:41.292605,4.6,14.4,2100.0
2026-02-08T09:07:41.793087,5.9,14.4,2100.0
2026-02-08T09:07:42.293555,5.8,14.4,2100.0
2026-02-08T09:07:42.794129,6.3,14.4,2100.0
2026-02-08T09:07:43.294826,5.6,14.3,2100.0
2026-02-08T09:07:43.795299,5.7,14.3,2100.0
2026-02-08T09:07:44.295860,5.0,14.3,2100.0
2026-02-08T09:07:44.796304,4.9,14.3,2100.0
2026-02-08T09:07:45.296878,3.0,14.3,2100.0
2026-02-08T09:07:45.797885,5.0,14.3,2100.0
2026-02-08T09:07:46.298630,4.8,14.3,2100.0
2026-02-08T09:07:46.801114,6.7,14.3,2100.0
2026-02-08T09:07:47.301785,7.0,14.3,2100.0
2026-02-08T09:07:47.802446,9.2,14.3,2100.0
2026-02-08T09:07:48.303263,8.7,14.3,2100.0
2026-02-08T09:07:48.804481,6.3,14.3,2100.0
2026-02-08T09:07:49.305161,4.2,14.3,2100.0
2026-02-08T09:07:49.805594,5.8,14.3,2100.0
2026-02-08T09:07:50.306451,4.8,14.3,2100.0
2026-02-08T09:07:50.807123,7.9,14.3,2100.0
2026-02-08T09:07:51.307737,7.2,14.3,2100.0
2026-02-08T09:07:51.808433,5.1,14.3,2100.0
2026-02-08T09:07:52.309283,4.7,14.3,2100.0
2026-02-08T09:07:52.810089,5.8,14.3,2100.0
2026-02-08T09:07:53.310598,3.4,14.3,2100.0
2026-02-08T09:07:53.811068,5.4,14.3,2100.0
2026-02-08T09:07:54.311694,5.5,14.3,2100.0
2026-02-08T09:07:54.812594,4.3,14.3,2100.0
2026-02-08T09:07:55.313328,6.6,14.3,2100.0
2026-02-08T09:07:55.814044,6.1,14.3,2100.0
2026-02-08T09:07:56.314509,4.2,14.3,2100.0
2026-02-08T09:07:56.814895,5.1,14.3,2100.0
2026-02-08T09:07:57.315359,4.6,14.3,2100.0
2026-02-08T09:07:57.815912,5.2,14.3,2100.0
2026-02-08T09:07:58.316677,4.4,14.3,2100.0
2026-02-08T09:07:58.817600,3.9,14.3,2100.0
2026-02-08T09:07:59.318671,6.0,14.3,2100.0
2026-02-08T09:07:59.819368,3.6,14.3,2100.0
2026-02-08T09:08:00.320196,7.1,14.3,2100.0
2026-02-08T09:08:00.820849,6.4,14.3,2100.0
2026-02-08T09:08:01.322195,5.1,14.3,2100.0
2026-02-08T09:08:01.826108,4.6,14.3,2100.0
2026-02-08T09:08:02.327221,6.1,14.3,2100.0
2026-02-08T09:08:02.828233,2.8,14.3,2100.0
2026-02-08T09:08:03.328740,5.1,14.3,2100.0
2026-02-08T09:08:03.829542,2.3,14.3,2100.0
2026-02-08T09:08:04.330054,5.4,14.3,2100.0
2026-02-08T09:08:04.831253,7.3,14.3,2100.0
2026-02-08T09:08:05.332087,9.6,14.3,2100.0
2026-02-08T09:08:05.832689,3.8,14.3,2100.0
2026-02-08T09:08:06.333895,10.1,14.3,2100.0
2026-02-08T09:08:06.834635,7.4,14.3,2100.0
2026-02-08T09:08:07.335387,3.5,14.3,2100.0
2026-02-08T09:08:07.836965,5.7,14.3,2100.0
2026-02-08T09:08:08.337634,3.2,14.3,2100.0
2026-02-08T09:08:08.838330,5.0,14.3,2100.0
2026-02-08T09:08:09.339273,4.3,14.3,2100.0
2026-02-08T09:08:09.840116,5.8,14.3,2100.0
2026-02-08T09:08:10.340948,3.4,14.3,2100.0
2026-02-08T09:08:10.841899,4.9,14.3,2100.0
2026-02-08T09:08:11.342590,6.3,14.3,2100.0
2026-02-08T09:08:11.843401,6.8,14.3,2100.0
2026-02-08T09:08:12.343861,5.1,14.3,2100.0
2026-02-08T09:08:12.844458,6.4,14.3,2100.0
2026-02-08T09:08:13.344933,4.9,14.3,2100.0
2026-02-08T09:08:13.845749,5.6,14.3,2100.0
2026-02-08T09:08:14.346708,8.6,14.3,2100.0
2026-02-08T09:08:14.847504,6.8,14.3,2100.0
2026-02-08T09:08:15.348321,4.1,14.3,2100.0
2026-02-08T09:08:15.848862,3.6,14.3,2100.0
2026-02-08T09:08:16.349292,6.6,14.3,2100.0
2026-02-08T09:08:16.849983,7.0,14.3,2100.0
2026-02-08T09:08:17.351390,4.4,14.3,2100.0
2026-02-08T09:08:17.852599,4.8,14.3,2100.0
2026-02-08T09:08:18.354058,3.7,14.3,2100.0
2026-02-08T09:08:18.854829,6.0,14.3,2100.0
2026-02-08T09:08:19.355550,5.8,14.3,2100.0
2026-02-08T09:08:19.855997,6.0,14.3,2100.0
2026-02-08T09:08:20.356811,4.4,14.3,2100.0
2026-02-08T09:08:20.857429,5.3,14.3,2100.0
2026-02-08T09:08:21.357902,4.4,14.3,2100.0
2026-02-08T09:08:21.862943,6.0,14.3,2100.0
2026-02-08T09:08:22.363447,6.4,14.3,2100.0
2026-02-08T09:08:22.864283,11.1,14.3,2100.0
2026-02-08T09:08:23.365581,3.9,14.3,2100.0
2026-02-08T09:08:23.866415,4.1,14.3,2100.0
2026-02-08T09:08:24.366920,5.0,14.3,2100.0
2026-02-08T09:08:24.868041,6.8,14.3,2100.0
2026-02-08T09:08:25.368953,3.1,14.3,2100.0
2026-02-08T09:08:25.869477,3.4,14.3,2100.0
2026-02-08T09:08:26.370283,4.5,14.3,2100.0
2026-02-08T09:08:26.871775,7.3,14.3,2100.0
2026-02-08T09:08:27.372214,4.1,14.3,2100.0
2026-02-08T09:08:27.874296,6.1,14.3,2100.0
2026-02-08T09:08:28.375146,5.9,14.3,2100.0
2026-02-08T09:08:28.875812,5.8,14.3,2100.0
2026-02-08T09:08:29.376980,5.0,14.3,2100.0
2026-02-08T09:08:29.881029,5.5,14.3,2100.0
2026-02-08T09:08:30.381817,3.0,14.3,2100.0
2026-02-08T09:08:30.882719,6.3,14.3,2100.0
2026-02-08T09:08:31.387092,6.6,14.3,2100.0
2026-02-08T09:08:31.888131,4.3,14.3,2100.0
2026-02-08T09:08:32.388695,5.0,14.3,2100.0
2026-02-08T09:08:32.889180,9.3,14.3,2100.0
2026-02-08T09:08:33.390580,5.7,14.3,2100.0
2026-02-08T09:08:33.893433,5.5,14.3,2100.0
2026-02-08T09:08:34.395282,3.9,14.3,2100.0
2026-02-08T09:08:34.896390,5.7,14.3,2100.0
2026-02-08T09:08:35.396824,3.9,14.3,2100.0
2026-02-08T09:08:35.897353,7.9,14.3,2100.0
2026-02-08T09:08:36.398860,6.0,14.3,2100.0
2026-02-08T09:08:36.899353,5.1,14.3,2100.0
2026-02-08T09:08:37.400826,5.9,14.3,2100.0
2026-02-08T09:08:37.901839,6.2,14.3,2100.0
2026-02-08T09:08:38.402769,5.4,14.3,2100.0
2026-02-08T09:08:38.903276,4.6,14.3,2100.0
2026-02-08T09:08:39.403963,5.6,14.3,2100.0
2026-02-08T09:08:39.904690,4.7,14.3,2100.0
2026-02-08T09:08:40.405151,6.3,14.3,2100.0
2026-02-08T09:08:40.905614,5.7,14.3,2100.0
2026-02-08T09:08:41.406057,8.7,14.3,2100.0
2026-02-08T09:08:41.906912,4.0,14.3,2100.0
2026-02-08T09:08:42.407581,4.2,14.3,2100.0
2026-02-08T09:08:42.908244,5.8,14.3,2100.0
2026-02-08T09:08:43.409125,4.2,14.3,2100.0
2026-02-08T09:08:43.909722,5.7,14.3,2100.0
2026-02-08T09:08:44.410259,4.4,14.3,2100.0
2026-02-08T09:08:44.910718,6.5,14.3,2100.0
2026-02-08T09:08:45.411343,5.5,14.3,2100.0
2026-02-08T09:08:45.912093,5.0,14.3,2100.0
2026-02-08T09:08:46.412800,7.1,14.3,2100.0
2026-02-08T09:08:46.913682,9.2,14.3,2100.0
2026-02-08T09:08:47.414246,5.4,14.3,2100.0
2026-02-08T09:08:47.914853,4.1,14.3,2100.0
2026-02-08T09:08:48.416308,5.4,14.3,2100.0
2026-02-08T09:08:48.916823,3.4,14.3,2100.0
2026-02-08T09:08:49.417649,8.7,14.3,2100.0
2026-02-08T09:08:49.919092,3.4,14.3,2100.0
2026-02-08T09:08:50.419803,3.6,14.3,2100.0
2026-02-08T09:08:50.920254,3.7,14.3,2100.0
2026-02-08T09:08:51.420857,6.4,14.3,2100.0
2026-02-08T09:08:51.921704,4.2,14.3,2100.0
2026-02-08T09:08:52.422376,7.7,14.3,2100.0
2026-02-08T09:08:52.923363,5.9,14.3,2100.0
2026-02-08T09:08:53.424309,5.0,14.3,2100.0
2026-02-08T09:08:53.925119,5.4,14.3,2100.0
2026-02-08T09:08:54.426127,5.1,14.3,2100.0
2026-02-08T09:08:54.926825,4.4,14.3,2100.0
2026-02-08T09:08:55.427969,8.6,14.3,2100.0
2026-02-08T09:08:55.928721,7.8,14.3,2100.0
2026-02-08T09:08:56.429578,5.2,14.3,2100.0
2026-02-08T09:08:56.930721,6.3,14.3,2100.0
2026-02-08T09:08:57.431267,3.2,14.3,2100.0
2026-02-08T09:08:57.931703,4.5,14.3,2100.0
2026-02-08T09:08:58.432216,4.3,14.3,2100.0
2026-02-08T09:08:58.933202,5.4,14.3,2100.0
2026-02-08T09:08:59.434072,4.6,14.3,2100.0
2026-02-08T09:08:59.934508,8.4,14.3,2100.0
2026-02-08T09:09:00.435305,3.7,14.3,2100.0
2026-02-08T09:09:00.935949,5.6,14.3,2100.0
2026-02-08T09:09:01.436472,4.1,14.3,2100.0
2026-02-08T09:09:01.937762,7.8,14.3,2100.0
2026-02-08T09:09:02.438434,4.1,14.3,2100.0
2026-02-08T09:09:02.938934,9.6,14.3,2100.0
2026-02-08T09:09:03.439745,4.0,14.3,2100.0
2026-02-08T09:09:03.940536,5.6,14.3,2100.0
2026-02-08T09:09:04.440973,4.6,14.3,2100.0
2026-02-08T09:09:04.942004,5.2,14.3,2100.0
2026-02-08T09:09:05.442946,6.0,14.3,2100.0
2026-02-08T09:09:05.944135,5.3,14.3,2100.0
2026-02-08T09:09:06.444672,4.3,14.3,2100.0
2026-02-08T09:09:06.945555,4.9,14.3,2100.0
2026-02-08T09:09:07.446192,3.5,14.3,2100.0
2026-02-08T09:09:07.948448,3.8,14.3,2100.0
2026-02-08T09:09:08.449207,4.0,14.3,2100.0
2026-02-08T09:09:08.949591,3.0,14.3,2100.0
2026-02-08T09:09:09.451616,4.0,14.3,2100.0
2026-02-08T09:09:09.952448,4.4,14.3,2100.0
2026-02-08T09:09:10.452915,6.0,14.3,2100.0
2026-02-08T09:09:10.953629,3.8,14.3,2100.0
2026-02-08T09:09:11.454302,7.7,14.3,2100.0
2026-02-08T09:09:11.955013,3.6,14.3,2100.0
2026-02-08T09:09:12.455803,5.0,14.3,2100.0
2026-02-08T09:09:12.956524,5.8,14.3,2100.0
2026-02-08T09:09:13.457112,7.7,14.3,2100.0
2026-02-08T09:09:13.960517,5.3,14.3,2100.0
2026-02-08T09:09:14.461276,4.5,14.3,2100.0
2026-02-08T09:09:14.961695,3.3,14.3,2100.0
2026-02-08T09:09:15.463322,6.2,14.3,2100.0
2026-02-08T09:09:15.963922,5.5,14.3,2100.0
2026-02-08T09:09:16.464542,7.1,14.3,2100.0
2026-02-08T09:09:16.966805,6.0,14.3,2100.0
2026-02-08T09:09:17.467499,7.5,14.3,2100.0
2026-02-08T09:09:17.968053,4.9,14.3,2100.0
2026-02-08T09:09:18.468414,4.0,14.3,2100.0
2026-02-08T09:09:18.969009,5.3,14.3,2100.0
2026-02-08T09:09:19.469729,5.8,14.3,2100.0
2026-02-08T09:09:19.970221,5.6,14.3,2100.0
2026-02-08T09:09:20.470589,6.1,14.3,2100.0
2026-02-08T09:09:20.971312,5.1,14.3,2100.0
2026-02-08T09:09:21.472191,5.4,14.3,2100.0
2026-02-08T09:09:21.972661,7.3,14.3,2100.0
2026-02-08T09:09:22.473597,8.1,14.3,2100.0
2026-02-08T09:09:22.974543,5.7,14.3,2100.0
2026-02-08T09:09:23.475020,6.8,14.3,2100.0
2026-02-08T09:09:23.975685,3.2,14.3,2100.0
2026-02-08T09:09:24.476233,5.1,14.3,2100.0
2026-02-08T09:09:24.977078,5.2,14.3,2100.0
2026-02-08T09:09:25.477896,7.5,14.3,2100.0
2026-02-08T09:09:25.978359,6.3,14.3,2100.0
2026-02-08T09:09:26.479009,6.3,14.3,2100.0
2026-02-08T09:09:26.980145,4.6,14.3,2100.0
2026-02-08T09:09:27.480888,7.3,14.3,2100.0
2026-02-08T09:09:27.981475,4.0,14.3,2100.0
2026-02-08T09:09:28.482391,5.2,14.3,2100.0
2026-02-08T09:09:28.983512,4.8,14.3,2100.0
2026-02-08T09:09:29.483915,9.4,14.3,2100.0
2026-02-08T09:09:29.984714,2.9,14.3,2100.0
2026-02-08T09:09:30.485841,3.4,14.3,2100.0
2026-02-08T09:09:30.986289,2.8,14.3,2100.0
2026-02-08T09:09:31.486885,5.5,14.3,2100.0
2026-02-08T09:09:31.992783,3.6,14.3,2100.0
2026-02-08T09:09:32.493290,4.0,14.3,2100.0
2026-02-08T09:09:32.993822,6.3,14.3,2100.0
2026-02-08T09:09:33.494980,7.8,14.3,2100.0
2026-02-08T09:09:33.996092,3.5,14.3,2100.0
2026-02-08T09:09:34.496948,5.4,14.3,2100.0
2026-02-08T09:09:34.999327,3.3,14.3,2100.0
2026-02-08T09:09:35.500197,5.8,14.3,2100.0
2026-02-08T09:09:36.001078,5.1,14.3,2100.0
2026-02-08T09:09:36.501615,7.5,14.3,2100.0
2026-02-08T09:09:37.002377,4.6,14.3,2100.0
2026-02-08T09:09:37.502955,5.8,14.3,2100.0
2026-02-08T09:09:38.003446,3.0,14.3,2100.0
2026-02-08T09:09:38.504447,5.7,14.3,2100.0
2026-02-08T09:09:39.005467,5.6,14.3,2100.0
2026-02-08T09:09:39.505992,9.0,14.3,2100.0
2026-02-08T09:09:40.006716,4.9,14.3,2100.0
2026-02-08T09:09:40.507388,6.2,14.3,2100.0
2026-02-08T09:09:41.008113,6.0,14.3,2100.0
2026-02-08T09:09:41.508704,5.7,14.3,2100.0
2026-02-08T09:09:42.016133,5.1,14.3,2100.0
2026-02-08T09:09:42.517183,5.3,14.3,2100.0
2026-02-08T09:09:43.017660,4.9,14.3,2100.0
2026-02-08T09:09:43.518432,7.1,14.3,2100.0
2026-02-08T09:09:44.018832,4.0,14.3,2100.0
2026-02-08T09:09:44.519310,5.7,14.3,2100.0
2026-02-08T09:09:45.019805,3.5,14.3,2100.0
2026-02-08T09:09:45.520595,8.5,14.3,2100.0
2026-02-08T09:09:46.021305,5.1,14.3,2100.0
2026-02-08T09:09:46.522057,5.5,14.3,2100.0
2026-02-08T09:09:47.022817,5.4,14.3,2100.0
2026-02-08T09:09:47.523532,5.8,14.3,2100.0
2026-02-08T09:09:48.024444,6.6,14.3,2100.0
2026-02-08T09:09:48.525175,3.6,14.3,2100.0
2026-02-08T09:09:49.025788,3.8,14.3,2100.0
2026-02-08T09:09:49.526396,7.7,14.3,2100.0
2026-02-08T09:09:50.027430,5.8,14.3,2100.0
2026-02-08T09:09:50.528617,5.6,14.3,2100.0
2026-02-08T09:09:51.029405,3.5,14.3,2100.0
2026-02-08T09:09:51.530150,7.1,14.3,2100.0
2026-02-08T09:09:52.031170,4.8,14.3,2100.0
2026-02-08T09:09:52.531922,3.6,14.3,2100.0
2026-02-08T09:09:53.032445,8.0,14.3,2100.0
2026-02-08T09:09:53.533288,7.9,14.4,2100.0
2026-02-08T09:09:54.033707,4.6,14.4,2100.0
2026-02-08T09:09:54.534453,4.1,14.4,2100.0
2026-02-08T09:09:55.035850,4.2,14.4,2100.0
2026-02-08T09:09:55.536534,5.1,14.4,2100.0
2026-02-08T09:09:56.037314,5.3,14.4,2100.0
2026-02-08T09:09:56.538103,7.3,14.4,2100.0
2026-02-08T09:09:57.040799,6.3,14.4,2100.0
2026-02-08T09:09:57.541688,4.8,14.4,2100.0
2026-02-08T09:09:58.042236,3.9,14.4,2100.0
2026-02-08T09:09:58.542802,6.0,14.4,2100.0
2026-02-08T09:09:59.043798,5.5,14.4,2100.0
2026-02-08T09:09:59.545120,5.2,14.4,2100.0
2026-02-08T09:10:00.046002,4.5,14.4,2100.0
2026-02-08T09:10:00.546774,5.0,14.4,2100.0
2026-02-08T09:10:01.049079,6.8,14.4,2100.0
2026-02-08T09:10:01.549993,11.9,14.3,2100.0
2026-02-08T09:10:02.050574,8.7,14.3,2100.0
2026-02-08T09:10:02.550963,6.4,14.3,2100.0
2026-02-08T09:10:03.052786,6.6,14.3,2100.0
2026-02-08T09:10:03.553608,4.2,14.3,2100.0
2026-02-08T09:10:04.057443,5.5,14.3,2100.0
2026-02-08T09:10:04.557982,4.4,14.3,2100.0
2026-02-08T09:10:05.060283,6.0,14.3,2100.0
2026-02-08T09:10:05.560658,7.5,14.3,2100.0
2026-02-08T09:10:06.061392,3.7,14.3,2100.0
2026-02-08T09:10:06.564110,5.4,14.3,2100.0
2026-02-08T09:10:07.070273,4.4,14.3,2100.0
2026-02-08T09:10:07.571036,6.2,14.3,2100.0
2026-02-08T09:10:08.072123,2.9,14.3,2100.0
2026-02-08T09:10:08.572586,4.5,14.3,2100.0
2026-02-08T09:10:09.073449,4.8,14.3,2100.0
2026-02-08T09:10:09.574417,5.6,14.3,2100.0
2026-02-08T09:10:10.074843,3.9,14.3,2100.0
2026-02-08T09:10:10.575413,4.6,14.3,2100.0
2026-02-08T09:10:11.076304,3.5,14.3,2100.0
2026-02-08T09:10:11.577575,3.2,14.3,2100.0
2026-02-08T09:10:12.078595,5.0,14.3,2100.0
2026-02-08T09:10:12.579112,6.4,14.3,2100.0
2026-02-08T09:10:13.080078,4.5,14.3,2100.0
2026-02-08T09:10:13.581167,7.6,14.3,2100.0
2026-02-08T09:10:14.081646,3.1,14.3,2100.0
2026-02-08T09:10:14.582126,6.2,14.3,2100.0
2026-02-08T09:10:15.082633,3.8,14.3,2100.0
2026-02-08T09:10:15.583072,5.5,14.3,2100.0
2026-02-08T09:10:16.083917,3.0,14.3,2100.0
2026-02-08T09:10:16.584500,4.2,14.3,2100.0
2026-02-08T09:10:17.085154,4.5,14.3,2100.0
2026-02-08T09:10:17.586659,8.1,14.3,2100.0
2026-02-08T09:10:18.087066,4.4,14.3,2100.0
2026-02-08T09:10:18.587970,6.1,14.3,2100.0
2026-02-08T09:10:19.088984,4.9,14.3,2100.0
2026-02-08T09:10:19.589606,5.2,14.3,2100.0
2026-02-08T09:10:20.090310,5.8,14.3,2100.0
2026-02-08T09:10:20.591002,5.6,14.3,2100.0
2026-02-08T09:10:21.091559,4.1,14.3,2100.0
2026-02-08T09:10:21.592791,5.1,14.3,2100.0
2026-02-08T09:10:22.093393,4.9,14.3,2100.0
2026-02-08T09:10:22.593882,6.1,14.3,2100.0
2026-02-08T09:10:23.096130,6.1,14.3,2100.0
2026-02-08T09:10:23.596608,6.2,14.3,2100.0
2026-02-08T09:10:24.097103,5.1,14.3,2100.0
2026-02-08T09:10:24.598859,9.9,14.3,2100.0
2026-02-08T09:10:25.099533,4.4,14.3,2100.0
2026-02-08T09:10:25.600049,6.6,14.3,2100.0
2026-02-08T09:10:26.100723,2.8,14.3,2100.0
2026-02-08T09:10:26.601725,6.9,14.3,2100.0
2026-02-08T09:10:27.102125,3.9,14.3,2100.0
2026-02-08T09:10:27.602481,5.8,14.3,2100.0
2026-02-08T09:10:28.103008,4.4,14.3,2100.0
2026-02-08T09:10:28.603523,6.6,14.3,2100.0
2026-02-08T09:10:29.104003,3.4,14.3,2100.0
2026-02-08T09:10:29.604485,4.9,14.3,2100.0
2026-02-08T09:10:30.105388,4.3,14.3,2100.0
2026-02-08T09:10:30.607120,7.1,14.3,2100.0
2026-02-08T09:10:31.107698,3.4,14.3,2100.0
2026-02-08T09:10:31.608351,6.1,14.3,2100.0
2026-02-08T09:10:32.109107,4.5,14.3,2100.0
2026-02-08T09:10:32.610330,5.5,14.3,2100.0
2026-02-08T09:10:33.110951,3.7,14.3,2100.0
2026-02-08T09:10:33.612057,5.0,14.3,2100.0
2026-02-08T09:10:34.113342,2.9,14.3,2100.0
2026-02-08T09:10:34.613952,10.3,14.3,2100.0
2026-02-08T09:10:35.114565,4.6,14.3,2100.0
2026-02-08T09:10:35.615464,3.3,14.3,2100.0
2026-02-08T09:10:36.116285,3.7,14.3,2100.0
2026-02-08T09:10:36.616780,8.1,14.3,2100.0
2026-02-08T09:10:37.117287,6.4,14.3,2100.0
2026-02-08T09:10:37.618266,3.9,14.3,2100.0
2026-02-08T09:10:38.118962,4.3,14.3,2100.0
2026-02-08T09:10:38.619781,3.9,14.3,2100.0
2026-02-08T09:10:39.120323,3.4,14.3,2100.0
2026-02-08T09:10:39.621149,4.2,14.3,2100.0
2026-02-08T09:10:40.122196,4.3,14.3,2100.0
2026-02-08T09:10:40.622979,4.7,14.3,2100.0
2026-02-08T09:10:41.123321,3.5,14.3,2100.0
2026-02-08T09:10:41.623989,6.2,14.3,2100.0
2026-02-08T09:10:42.124816,5.5,14.3,2100.0
2026-02-08T09:10:42.625637,4.5,14.3,2100.0
2026-02-08T09:10:43.128001,8.5,14.3,2100.0
2026-02-08T09:10:43.628733,5.1,14.3,2100.0
2026-02-08T09:10:44.129570,4.6,14.3,2100.0
2026-02-08T09:10:44.630371,6.3,14.3,2100.0
2026-02-08T09:10:45.130959,3.4,14.3,2100.0
2026-02-08T09:10:45.631415,5.6,14.3,2100.0
2026-02-08T09:10:46.132038,5.4,14.3,2100.0
2026-02-08T09:10:46.633046,7.2,14.3,2100.0
2026-02-08T09:10:47.133830,4.1,14.3,2100.0
2026-02-08T09:10:47.634642,4.7,14.3,2100.0
2026-02-08T09:10:48.135904,4.4,14.3,2100.0
2026-02-08T09:10:48.636796,3.8,14.3,2100.0
2026-02-08T09:10:49.137621,5.8,14.3,2100.0
2026-02-08T09:10:49.639586,7.7,14.3,2100.0
2026-02-08T09:10:50.140287,4.1,14.3,2100.0
2026-02-08T09:10:50.640933,3.7,14.3,2100.0
2026-02-08T09:10:51.142383,4.7,14.3,2100.0
2026-02-08T09:10:51.642974,5.7,14.3,2100.0
2026-02-08T09:10:52.143495,5.0,14.3,2100.0
2026-02-08T09:10:52.645082,4.7,14.3,2100.0
2026-02-08T09:10:53.147444,3.7,14.3,2100.0
2026-02-08T09:10:53.648319,7.8,14.3,2100.0
2026-02-08T09:10:54.149207,4.4,14.3,2100.0
2026-02-08T09:10:54.649928,6.6,14.3,2100.0
2026-02-08T09:10:55.150572,2.8,14.3,2100.0
2026-02-08T09:10:55.651226,3.7,14.3,2100.0
2026-02-08T09:10:56.152061,5.7,14.3,2100.0
2026-02-08T09:10:56.652605,6.1,14.3,2100.0
2026-02-08T09:10:57.153210,5.1,14.3,2100.0
2026-02-08T09:10:57.653999,4.9,14.3,2100.0
2026-02-08T09:10:58.154581,7.7,14.3,2100.0
2026-02-08T09:10:58.655157,6.7,14.3,2100.0
2026-02-08T09:10:59.155775,4.0,14.3,2100.0
2026-02-08T09:10:59.656442,5.5,14.3,2100.0
2026-02-08T09:11:00.157034,3.3,14.3,2100.0
2026-02-08T09:11:00.657907,3.1,14.3,2100.0
2026-02-08T09:11:01.158260,3.4,14.3,2100.0
2026-02-08T09:11:01.658947,6.1,14.3,2100.0
2026-02-08T09:11:02.160184,5.2,14.3,2100.0
2026-02-08T09:11:02.660652,6.0,14.3,2100.0
2026-02-08T09:11:03.161300,5.4,14.3,2100.0
2026-02-08T09:11:03.662869,6.0,14.3,2100.0
2026-02-08T09:11:04.163417,4.2,14.3,2100.0
2026-02-08T09:11:04.664295,8.5,14.3,2100.0
2026-02-08T09:11:05.165215,6.5,14.3,2100.0
2026-02-08T09:11:05.666165,5.7,14.3,2100.0
2026-02-08T09:11:06.167255,5.9,14.3,2100.0
2026-02-08T09:11:06.668103,4.9,14.3,2100.0
2026-02-08T09:11:07.168521,6.2,14.3,2100.0
2026-02-08T09:11:07.669101,9.0,14.3,2100.0
2026-02-08T09:11:08.169993,4.5,14.3,2100.0
2026-02-08T09:11:08.670708,3.9,14.3,2100.0
2026-02-08T09:11:09.171274,5.4,14.3,2100.0
2026-02-08T09:11:09.672077,6.6,14.3,2100.0
2026-02-08T09:11:10.172948,3.4,14.3,2100.0
2026-02-08T09:11:10.675052,9.9,14.3,2100.0
2026-02-08T09:11:11.175890,14.3,14.3,2100.0
2026-02-08T09:11:11.676981,11.5,14.3,2100.0
2026-02-08T09:11:12.177980,8.5,14.3,2100.0
2026-02-08T09:11:12.678385,10.6,14.3,2100.0
2026-02-08T09:11:13.179303,3.3,14.3,2100.0
2026-02-08T09:11:13.679867,7.6,14.3,2100.0
2026-02-08T09:11:14.180863,4.5,14.3,2100.0
2026-02-08T09:11:14.681304,6.2,14.3,2100.0
2026-02-08T09:11:15.181871,2.9,14.3,2100.0
2026-02-08T09:11:15.682363,6.2,14.3,2100.0
2026-02-08T09:11:16.182699,3.2,14.3,2100.0
2026-02-08T09:11:16.683207,6.5,14.3,2100.0
2026-02-08T09:11:17.185139,5.5,14.3,2100.0
2026-02-08T09:11:17.685580,8.3,14.3,2100.0
2026-02-08T09:11:18.186244,2.9,14.3,2100.0
2026-02-08T09:11:18.686873,6.5,14.3,2100.0
2026-02-08T09:11:19.187579,3.3,14.3,2100.0
2026-02-08T09:11:19.688019,3.7,14.3,2100.0
2026-02-08T09:11:20.188465,4.7,14.3,2100.0
2026-02-08T09:11:20.689333,6.3,14.3,2100.0
2026-02-08T09:11:21.190337,7.1,14.3,2100.0
2026-02-08T09:11:21.692764,5.5,14.3,2100.0
2026-02-08T09:11:22.197030,5.7,14.3,2100.0
2026-02-08T09:11:22.697677,5.4,14.3,2100.0
2026-02-08T09:11:23.198203,6.4,14.3,2100.0
2026-02-08T09:11:23.698946,4.8,14.3,2100.0
2026-02-08T09:11:24.199750,6.4,14.3,2100.0
2026-02-08T09:11:24.700350,8.4,14.3,2100.0
2026-02-08T09:11:25.200998,6.6,14.3,2100.0
2026-02-08T09:11:25.701687,4.6,14.3,2100.0
2026-02-08T09:11:26.202129,4.7,14.3,2100.0
2026-02-08T09:11:26.702847,4.9,14.3,2100.0
2026-02-08T09:11:27.203623,6.7,14.3,2100.0
2026-02-08T09:11:27.705377,6.2,14.3,2100.0
2026-02-08T09:11:28.209790,5.3,14.3,2100.0
2026-02-08T09:11:28.710808,3.7,14.3,2100.0
2026-02-08T09:11:29.211336,4.4,14.3,2100.0
2026-02-08T09:11:29.712053,3.6,14.3,2100.0
2026-02-08T09:11:30.212990,5.0,14.3,2100.0
2026-02-08T09:11:30.713860,3.6,14.3,2100.0
2026-02-08T09:11:31.214663,5.3,14.3,2100.0
2026-02-08T09:11:31.715546,4.7,14.3,2100.0
2026-02-08T09:11:32.216079,6.4,14.3,2100.0
2026-02-08T09:11:32.716905,5.9,14.3,2100.0
2026-02-08T09:11:33.217875,5.9,14.3,2100.0
2026-02-08T09:11:33.718655,3.4,14.3,2100.0
2026-02-08T09:11:34.220251,5.5,14.3,2100.0
2026-02-08T09:11:34.720767,3.4,14.3,2100.0
2026-02-08T09:11:35.221282,5.2,14.3,2100.0
2026-02-08T09:11:35.721731,4.0,14.3,2100.0
2026-02-08T09:11:36.222480,4.7,14.3,2100.0
2026-02-08T09:11:36.723099,6.3,14.3,2100.0
2026-02-08T09:11:37.224166,6.7,14.3,2100.0
2026-02-08T09:11:37.724891,5.5,14.3,2100.0
2026-02-08T09:11:38.225834,4.4,14.3,2100.0
2026-02-08T09:11:38.728664,5.2,14.3,2100.0
2026-02-08T09:11:39.229220,4.9,14.3,2100.0
2026-02-08T09:11:39.729615,4.2,14.3,2100.0
2026-02-08T09:11:40.230389,3.3,14.3,2100.0
2026-02-08T09:11:40.730801,6.8,14.3,2100.0
2026-02-08T09:11:41.231655,3.2,14.3,2100.0
2026-02-08T09:11:41.732540,5.9,14.3,2100.0
2026-02-08T09:11:42.233253,4.0,14.3,2100.0
2026-02-08T09:11:42.733832,7.1,14.3,2100.0
2026-02-08T09:11:43.234309,4.6,14.3,2100.0
2026-02-08T09:11:43.735125,5.6,14.3,2100.0
2026-02-08T09:11:44.235897,7.8,14.3,2100.0
2026-02-08T09:11:44.736422,9.2,14.3,2100.0
2026-02-08T09:11:45.237289,3.1,14.3,2100.0
2026-02-08T09:11:45.739255,4.2,14.3,2100.0
2026-02-08T09:11:46.239868,6.5,14.3,2100.0
2026-02-08T09:11:46.741803,4.5,14.3,2100.0
2026-02-08T09:11:47.243638,3.2,14.3,2100.0
2026-02-08T09:11:47.744728,9.1,14.3,2100.0
2026-02-08T09:11:48.245499,5.9,14.3,2100.0
2026-02-08T09:11:48.745982,7.2,14.3,2100.0
2026-02-08T09:11:49.247180,4.0,14.3,2100.0
2026-02-08T09:11:49.747827,6.0,14.3,2100.0
2026-02-08T09:11:50.248405,4.6,14.3,2100.0
2026-02-08T09:11:50.748998,6.5,14.3,2100.0
2026-02-08T09:11:51.249456,4.3,14.3,2100.0
2026-02-08T09:11:51.749890,5.0,14.3,2100.0
2026-02-08T09:11:52.250788,6.9,14.3,2100.0
2026-02-08T09:11:52.751420,9.3,14.3,2100.0
2026-02-08T09:11:53.252488,5.8,14.3,2100.0
2026-02-08T09:11:53.753853,6.1,14.3,2100.0
2026-02-08T09:11:54.254421,3.1,14.3,2100.0
2026-02-08T09:11:54.755277,5.3,14.3,2100.0
2026-02-08T09:11:55.256228,6.7,14.3,2100.0
2026-02-08T09:11:55.757249,6.3,14.3,2100.0
2026-02-08T09:11:56.257837,4.7,14.3,2100.0
2026-02-08T09:11:56.758334,5.3,14.3,2100.0
2026-02-08T09:11:57.259883,4.7,14.3,2100.0
2026-02-08T09:11:57.760628,4.0,14.3,2100.0
2026-02-08T09:11:58.261420,3.7,14.3,2100.0
2026-02-08T09:11:58.762330,5.7,14.3,2100.0
2026-02-08T09:11:59.262967,4.6,14.3,2100.0
2026-02-08T09:11:59.763463,5.4,14.3,2100.0
2026-02-08T09:12:00.264077,4.8,14.3,2100.0
2026-02-08T09:12:00.764722,8.4,14.3,2100.0
2026-02-08T09:12:01.265209,3.1,14.3,2100.0
2026-02-08T09:12:01.765798,6.5,14.3,2100.0
2026-02-08T09:12:02.266666,4.2,14.3,2100.0
2026-02-08T09:12:02.767537,6.2,14.3,2100.0
2026-02-08T09:12:03.267977,6.2,14.3,2100.0
2026-02-08T09:12:03.769227,8.9,14.3,2100.0
2026-02-08T09:12:04.269723,4.3,14.3,2100.0
2026-02-08T09:12:04.771063,6.2,14.3,2100.0
2026-02-08T09:12:05.272036,3.7,14.3,2100.0
2026-02-08T09:12:05.772656,5.2,14.3,2100.0
2026-02-08T09:12:06.274940,3.1,14.3,2100.0
2026-02-08T09:12:06.776378,7.0,14.3,2100.0
2026-02-08T09:12:07.277212,2.9,14.3,2100.0
2026-02-08T09:12:07.777936,6.7,14.3,2100.0
2026-02-08T09:12:08.278652,4.2,14.3,2100.0
2026-02-08T09:12:08.779353,11.2,14.3,2100.0
2026-02-08T09:12:09.280160,6.4,14.3,2100.0
2026-02-08T09:12:09.781004,7.3,14.3,2100.0
2026-02-08T09:12:10.281948,6.3,14.3,2100.0
2026-02-08T09:12:10.782412,4.3,14.3,2100.0
2026-02-08T09:12:11.283123,5.5,14.3,2100.0
2026-02-08T09:12:11.783481,7.1,14.3,2100.0
2026-02-08T09:12:12.285245,5.3,14.3,2100.0
2026-02-08T09:12:12.787811,7.4,14.3,2100.0
2026-02-08T09:12:13.289179,5.6,14.3,2100.0
2026-02-08T09:12:13.789969,3.7,14.3,2100.0
2026-02-08T09:12:14.291133,5.7,14.3,2100.0
2026-02-08T09:12:14.792236,3.7,14.3,2100.0
2026-02-08T09:12:15.293010,5.6,14.3,2100.0
2026-02-08T09:12:15.793931,4.0,14.3,2100.0
2026-02-08T09:12:16.294471,6.6,14.3,2100.0
2026-02-08T09:12:16.794844,6.5,14.3,2100.0
2026-02-08T09:12:17.296827,8.2,14.3,2100.0
2026-02-08T09:12:17.797469,4.9,14.3,2100.0
2026-02-08T09:12:18.298321,8.2,14.3,2100.0
2026-02-08T09:12:18.798847,3.9,14.3,2100.0
2026-02-08T09:12:19.299803,6.8,14.3,2100.0
2026-02-08T09:12:19.801587,4.3,14.3,2100.0
2026-02-08T09:12:20.303008,6.5,14.3,2100.0
2026-02-08T09:12:20.803751,3.4,14.3,2100.0
2026-02-08T09:12:21.304732,6.4,14.3,2100.0
2026-02-08T09:12:21.805566,4.1,14.3,2100.0
2026-02-08T09:12:22.310127,6.5,14.3,2100.0
2026-02-08T09:12:22.810891,7.1,14.3,2100.0
2026-02-08T09:12:23.311833,7.4,14.3,2100.0
2026-02-08T09:12:23.812547,3.3,14.3,2100.0
2026-02-08T09:12:24.313137,5.3,14.3,2100.0
2026-02-08T09:12:24.813738,4.7,14.3,2100.0
2026-02-08T09:12:25.314643,9.3,14.3,2100.0
2026-02-08T09:12:25.815481,3.1,14.3,2100.0
2026-02-08T09:12:26.315890,5.5,14.3,2100.0
2026-02-08T09:12:26.816221,3.6,14.3,2100.0
2026-02-08T09:12:27.317430,7.4,14.3,2100.0
2026-02-08T09:12:27.818447,4.8,14.3,2100.0
2026-02-08T09:12:28.319134,5.7,14.3,2100.0
2026-02-08T09:12:28.819765,5.2,14.3,2100.0
2026-02-08T09:12:29.320957,4.0,14.3,2100.0
2026-02-08T09:12:29.825723,10.8,14.3,2100.0
2026-02-08T09:12:30.326122,4.1,14.3,2100.0
2026-02-08T09:12:30.826588,6.9,14.3,2100.0
2026-02-08T09:12:31.327063,4.4,14.3,2100.0
2026-02-08T09:12:31.827639,7.0,14.3,2100.0
2026-02-08T09:12:32.328282,4.1,14.3,2100.0
2026-02-08T09:12:32.828811,5.3,14.3,2100.0
2026-02-08T09:12:33.333177,6.6,14.3,2100.0
2026-02-08T09:12:33.833781,10.6,14.3,2100.0
2026-02-08T09:12:34.334327,3.1,14.3,2100.0
2026-02-08T09:12:34.835642,5.4,14.3,2100.0
2026-02-08T09:12:35.336565,3.3,14.3,2100.0
2026-02-08T09:12:35.837172,5.4,14.3,2100.0
2026-02-08T09:12:36.337826,2.4,14.3,2100.0
2026-02-08T09:12:36.839644,5.8,14.3,2100.0
2026-02-08T09:12:37.340086,4.9,14.3,2100.0
2026-02-08T09:12:37.840762,5.1,14.3,2100.0
2026-02-08T09:12:38.341548,5.7,14.3,2100.0
2026-02-08T09:12:38.841965,10.0,14.3,2100.0
2026-02-08T09:12:39.342713,4.1,14.4,2100.0
2026-02-08T09:12:39.843530,16.9,14.4,2100.0
2026-02-08T09:12:40.344418,3.5,14.4,2100.0
2026-02-08T09:12:40.844999,6.9,14.4,2100.0
2026-02-08T09:12:41.345880,4.2,14.4,2100.0
2026-02-08T09:12:41.846505,5.7,14.4,2100.0
2026-02-08T09:12:42.347277,4.0,14.4,2100.0
2026-02-08T09:12:42.847880,4.0,14.4,2100.0
2026-02-08T09:12:43.348720,6.0,14.4,2100.0
2026-02-08T09:12:43.849188,7.0,14.4,2100.0
2026-02-08T09:12:44.350202,5.4,14.4,2100.0
2026-02-08T09:12:44.850678,5.0,14.4,2100.0
2026-02-08T09:12:45.351500,6.1,14.4,2100.0
2026-02-08T09:12:45.852295,4.9,14.4,2100.0
2026-02-08T09:12:46.354131,3.9,14.4,2100.0
2026-02-08T09:12:46.854581,6.6,14.4,2100.0
2026-02-08T09:12:47.355014,4.3,14.4,2100.0
2026-02-08T09:12:47.856999,5.9,14.4,2100.0
2026-02-08T09:12:48.357476,4.0,14.4,2100.0
2026-02-08T09:12:48.858449,4.2,14.4,2100.0
2026-02-08T09:12:49.361570,2.8,14.4,2100.0
2026-02-08T09:12:49.862137,6.0,14.4,2100.0
2026-02-08T09:12:50.362538,4.0,14.4,2100.0
2026-02-08T09:12:50.863128,4.7,14.4,2100.0
2026-02-08T09:12:51.363608,4.4,14.4,2100.0
2026-02-08T09:12:51.864124,5.4,14.4,2100.0
2026-02-08T09:12:52.365032,5.1,14.4,2100.0
2026-02-08T09:12:52.865816,8.8,14.4,2100.0
2026-02-08T09:12:53.367154,8.8,14.4,2100.0
2026-02-08T09:12:53.868080,6.6,14.4,2100.0
2026-02-08T09:12:54.368684,5.9,14.4,2100.0
2026-02-08T09:12:54.869446,6.1,14.4,2100.0
2026-02-08T09:12:55.369950,4.4,14.4,2100.0
2026-02-08T09:12:55.870728,4.9,14.4,2100.0
2026-02-08T09:12:56.371492,4.6,14.4,2100.0
2026-02-08T09:12:56.871992,4.0,14.4,2100.0
2026-02-08T09:12:57.372887,4.1,14.4,2100.0
2026-02-08T09:12:57.874820,5.0,14.4,2100.0
2026-02-08T09:12:58.375587,4.5,14.4,2100.0
2026-02-08T09:12:58.876182,4.1,14.4,2100.0
2026-02-08T09:12:59.377017,6.2,14.4,2100.0
2026-02-08T09:12:59.877829,5.4,14.4,2100.0
2026-02-08T09:13:00.378376,4.1,14.4,2100.0
2026-02-08T09:13:00.879200,3.7,14.4,2100.0
2026-02-08T09:13:01.379628,3.6,14.4,2100.0
2026-02-08T09:13:01.880035,7.5,14.4,2100.0
2026-02-08T09:13:02.380477,7.9,14.4,2100.0
2026-02-08T09:13:02.881578,6.1,14.4,2100.0
2026-02-08T09:13:03.383204,5.9,14.4,2100.0
2026-02-08T09:13:03.883990,5.7,14.4,2100.0
2026-02-08T09:13:04.384645,7.3,14.4,2100.0
2026-02-08T09:13:04.885678,4.2,14.4,2100.0
2026-02-08T09:13:05.386300,3.0,14.4,2100.0
2026-02-08T09:13:05.887309,3.8,14.4,2100.0
2026-02-08T09:13:06.388990,3.9,14.4,2100.0
2026-02-08T09:13:06.889869,5.0,14.4,2100.0
2026-02-08T09:13:07.390605,3.9,14.4,2100.0
2026-02-08T09:13:07.891411,2.7,14.4,2100.0
2026-02-08T09:13:08.391983,5.3,14.4,2100.0
2026-02-08T09:13:08.892571,4.5,14.4,2100.0
2026-02-08T09:13:09.394225,5.6,14.4,2100.0
2026-02-08T09:13:09.895351,3.7,14.4,2100.0
2026-02-08T09:13:10.395739,4.1,14.4,2100.0
2026-02-08T09:13:10.896381,3.5,14.4,2100.0
2026-02-08T09:13:11.398470,11.6,14.4,2100.0
2026-02-08T09:13:11.899081,8.0,14.4,2100.0
2026-02-08T09:13:12.399419,6.3,14.4,2100.0
2026-02-08T09:13:12.900288,9.6,14.4,2100.0
2026-02-08T09:13:13.400838,4.9,14.4,2100.0
2026-02-08T09:13:13.901432,5.5,14.4,2100.0
2026-02-08T09:13:14.403558,7.0,14.4,2100.0
2026-02-08T09:13:14.904103,5.4,14.4,2100.0
2026-02-08T09:13:15.404603,4.7,14.4,2100.0
2026-02-08T09:13:15.905818,7.2,14.4,2100.0
2026-02-08T09:13:16.406843,5.1,14.4,2100.0
2026-02-08T09:13:16.907533,5.1,14.4,2100.0
2026-02-08T09:13:17.407957,5.3,14.4,2100.0
2026-02-08T09:13:17.909064,4.6,14.4,2100.0
2026-02-08T09:13:18.409553,3.7,14.4,2100.0
2026-02-08T09:13:18.910069,7.0,14.4,2100.0
2026-02-08T09:13:19.410811,3.4,14.4,2100.0
2026-02-08T09:13:19.911453,5.7,14.4,2100.0
2026-02-08T09:13:20.412388,4.5,14.4,2100.0
2026-02-08T09:13:20.913117,7.5,14.4,2100.0
2026-02-08T09:13:21.413571,3.4,14.4,2100.0
2026-02-08T09:13:21.914078,8.5,14.4,2100.0
2026-02-08T09:13:22.414986,4.4,14.4,2100.0
2026-02-08T09:13:22.915599,7.1,14.4,2100.0
2026-02-08T09:13:23.416130,4.0,14.4,2100.0
2026-02-08T09:13:23.916610,7.5,14.4,2100.0
2026-02-08T09:13:24.418098,4.5,14.4,2100.0
2026-02-08T09:13:24.918924,3.5,14.4,2100.0
2026-02-08T09:13:25.419607,5.1,14.4,2100.0
2026-02-08T09:13:25.921989,6.4,14.4,2100.0
2026-02-08T09:13:26.422880,5.6,14.4,2100.0
2026-02-08T09:13:26.923969,7.2,14.4,2100.0
2026-02-08T09:13:27.424810,5.7,14.4,2100.0
2026-02-08T09:13:27.925252,6.8,14.4,2100.0
2026-02-08T09:13:28.426021,4.5,14.4,2100.0
2026-02-08T09:13:28.926851,6.8,14.4,2100.0
2026-02-08T09:13:29.427296,3.2,14.4,2100.0
2026-02-08T09:13:29.927979,3.0,14.4,2100.0
2026-02-08T09:13:30.428427,3.6,14.4,2100.0
2026-02-08T09:13:30.929326,4.6,14.4,2100.0
2026-02-08T09:13:31.429886,7.6,14.4,2100.0
2026-02-08T09:13:31.930278,14.5,14.4,2100.0
2026-02-08T09:13:32.430935,6.0,14.4,2100.0
2026-02-08T09:13:32.932304,8.9,14.4,2100.0
2026-02-08T09:13:33.433146,5.1,14.4,2100.0
2026-02-08T09:13:33.933722,5.8,14.4,2100.0
2026-02-08T09:13:34.434228,5.8,14.4,2100.0
2026-02-08T09:13:34.935132,4.8,14.4,2100.0
2026-02-08T09:13:35.435614,4.3,14.4,2100.0
2026-02-08T09:13:35.935966,7.0,14.4,2100.0
2026-02-08T09:13:36.436705,3.6,14.4,2100.0
2026-02-08T09:13:36.937275,8.4,14.4,2100.0
2026-02-08T09:13:37.438998,7.1,14.4,2100.0
2026-02-08T09:13:37.939487,8.5,14.4,2100.0
2026-02-08T09:13:38.439872,7.3,14.4,2100.0
2026-02-08T09:13:38.940303,10.2,14.4,2100.0
2026-02-08T09:13:39.441161,4.9,14.4,2100.0
2026-02-08T09:13:39.941802,4.7,14.4,2100.0
2026-02-08T09:13:40.442570,4.1,14.4,2100.0
2026-02-08T09:13:40.943151,4.0,14.4,2100.0
2026-02-08T09:13:41.443829,2.8,14.4,2100.0
2026-02-08T09:13:41.944651,4.4,14.4,2100.0
2026-02-08T09:13:42.445259,6.4,14.4,2100.0
2026-02-08T09:13:42.945681,4.9,14.4,2100.0
2026-02-08T09:13:43.446559,5.8,14.4,2100.0
2026-02-08T09:13:43.947578,5.4,14.4,2100.0
2026-02-08T09:13:44.448400,4.5,14.4,2100.0
2026-02-08T09:13:44.949213,3.2,14.4,2100.0
2026-02-08T09:13:45.449848,6.0,14.4,2100.0
2026-02-08T09:13:45.950620,3.0,14.4,2100.0
2026-02-08T09:13:46.451141,8.7,14.4,2100.0
2026-02-08T09:13:46.951808,5.9,14.4,2100.0
2026-02-08T09:13:47.453665,6.4,14.4,2100.0
2026-02-08T09:13:47.954120,4.4,14.4,2100.0
2026-02-08T09:13:48.454771,4.7,14.4,2100.0
2026-02-08T09:13:48.955651,4.3,14.4,2100.0
2026-02-08T09:13:49.456169,4.3,14.4,2100.0
2026-02-08T09:13:49.956753,3.5,14.4,2100.0
2026-02-08T09:13:50.457593,7.0,14.4,2100.0
2026-02-08T09:13:50.958101,3.6,14.4,2100.0
2026-02-08T09:13:51.458843,6.3,14.4,2100.0
2026-02-08T09:13:51.959602,4.2,14.4,2100.0
2026-02-08T09:13:52.460267,6.7,14.4,2100.0
2026-02-08T09:13:52.960663,3.4,14.4,2100.0
2026-02-08T09:13:53.461524,4.8,14.4,2100.0
2026-02-08T09:13:53.962354,5.6,14.4,2100.0
2026-02-08T09:13:54.463030,4.8,14.4,2100.0
2026-02-08T09:13:54.963808,3.0,14.4,2100.0
2026-02-08T09:13:55.464295,4.5,14.4,2100.0
2026-02-08T09:13:55.964721,5.3,14.4,2100.0
2026-02-08T09:13:56.465470,5.9,14.4,2100.0
2026-02-08T09:13:56.966104,6.5,14.4,2100.0
2026-02-08T09:13:57.469277,5.2,14.4,2100.0
2026-02-08T09:13:57.969838,4.7,14.3,2100.0
2026-02-08T09:13:58.470754,6.0,14.3,2100.0
2026-02-08T09:13:58.971387,4.2,14.3,2100.0
2026-02-08T09:13:59.474870,9.0,14.3,2100.0
2026-02-08T09:13:59.975398,4.2,14.3,2100.0
2026-02-08T09:14:00.476126,8.7,14.3,2100.0
2026-02-08T09:14:00.976608,4.4,14.3,2100.0
2026-02-08T09:14:01.477144,7.5,14.3,2100.0
2026-02-08T09:14:01.977682,5.7,14.3,2100.0
2026-02-08T09:14:02.478324,4.6,14.3,2100.0
2026-02-08T09:14:02.979009,5.3,14.3,2100.0
2026-02-08T09:14:03.479644,9.0,14.3,2100.0
2026-02-08T09:14:03.980566,10.4,14.3,2100.0
2026-02-08T09:14:04.481084,7.7,14.3,2100.0
2026-02-08T09:14:04.982405,4.1,14.3,2100.0
2026-02-08T09:14:05.483403,6.0,14.3,2100.0
2026-02-08T09:14:05.983962,2.6,14.3,2100.0
2026-02-08T09:14:06.485360,7.8,14.3,2100.0
2026-02-08T09:14:06.986572,5.5,14.3,2100.0
2026-02-08T09:14:07.487191,4.4,14.3,2100.0
2026-02-08T09:14:07.987880,3.1,14.3,2100.0
2026-02-08T09:14:08.488271,4.4,14.3,2100.0
2026-02-08T09:14:08.989066,5.3,14.3,2100.0
2026-02-08T09:14:09.490070,6.5,14.3,2100.0
2026-02-08T09:14:09.990635,3.4,14.3,2100.0
2026-02-08T09:14:10.491291,5.7,14.3,2100.0
2026-02-08T09:14:10.991707,5.5,14.3,2100.0
2026-02-08T09:14:11.492163,5.0,14.3,2100.0
2026-02-08T09:14:11.992751,3.9,14.3,2100.0
2026-02-08T09:14:12.493208,5.8,14.3,2100.0
2026-02-08T09:14:12.993670,4.3,14.3,2100.0
2026-02-08T09:14:13.494129,4.6,14.3,2100.0
2026-02-08T09:14:13.994746,2.8,14.3,2100.0
2026-02-08T09:14:14.495377,7.6,14.3,2100.0
2026-02-08T09:14:14.996038,3.4,14.3,2100.0
2026-02-08T09:14:15.496785,6.7,14.3,2100.0
2026-02-08T09:14:15.997208,5.2,14.3,2100.0
2026-02-08T09:14:16.497971,3.4,14.3,2100.0
2026-02-08T09:14:16.998788,4.6,14.3,2100.0
2026-02-08T09:14:17.503016,5.9,14.3,2100.0
2026-02-08T09:14:18.003774,3.5,14.3,2100.0
2026-02-08T09:14:18.504706,6.2,14.3,2100.0
2026-02-08T09:14:19.005502,7.8,14.3,2100.0
2026-02-08T09:14:19.506306,6.9,14.3,2100.0
2026-02-08T09:14:20.006765,3.8,14.3,2100.0
2026-02-08T09:14:20.507672,6.3,14.3,2100.0
2026-02-08T09:14:21.008213,5.3,14.3,2100.0
2026-02-08T09:14:21.508705,4.7,14.3,2100.0
2026-02-08T09:14:22.009225,5.6,14.3,2100.0
2026-02-08T09:14:22.511199,6.5,14.3,2100.0
2026-02-08T09:14:23.012350,4.5,14.3,2100.0
2026-02-08T09:14:23.512887,7.3,14.3,2100.0
2026-02-08T09:14:24.013671,7.3,14.3,2100.0
2026-02-08T09:14:24.514080,5.9,14.3,2100.0
2026-02-08T09:14:25.015074,3.7,14.3,2100.0
2026-02-08T09:14:25.515593,6.8,14.3,2100.0
2026-02-08T09:14:26.016510,5.2,14.3,2100.0
2026-02-08T09:14:26.518035,6.0,14.3,2100.0
2026-02-08T09:14:27.018610,4.9,14.3,2100.0
2026-02-08T09:14:27.519509,5.3,14.3,2100.0
2026-02-08T09:14:28.020392,3.6,14.3,2100.0
2026-02-08T09:14:28.522269,5.1,14.3,2100.0
2026-02-08T09:14:29.023328,5.0,14.3,2100.0
2026-02-08T09:14:29.523964,8.7,14.3,2100.0
2026-02-08T09:14:30.024583,4.3,14.3,2100.0
2026-02-08T09:14:30.525135,5.3,14.3,2100.0
2026-02-08T09:14:31.025568,5.8,14.3,2100.0
2026-02-08T09:14:31.526323,6.9,14.3,2100.0
2026-02-08T09:14:32.026996,5.3,14.3,2100.0
2026-02-08T09:14:32.527469,6.1,14.3,2100.0
2026-02-08T09:14:33.028542,3.0,14.3,2100.0
2026-02-08T09:14:33.529629,4.3,14.3,2100.0
2026-02-08T09:14:34.030307,4.3,14.3,2100.0
2026-02-08T09:14:34.531688,8.5,14.3,2100.0
2026-02-08T09:14:35.032548,3.7,14.3,2100.0
2026-02-08T09:14:35.533345,4.4,14.3,2100.0
2026-02-08T09:14:36.034723,3.7,14.3,2100.0
2026-02-08T09:14:36.535720,4.1,14.3,2100.0
2026-02-08T09:14:37.036174,3.8,14.3,2100.0
2026-02-08T09:14:37.536903,7.0,14.3,2100.0
2026-02-08T09:14:38.037661,4.8,14.3,2100.0
2026-02-08T09:14:38.538112,9.5,14.3,2100.0
2026-02-08T09:14:39.038669,4.3,14.3,2100.0
2026-02-08T09:14:39.539242,4.8,14.3,2100.0
2026-02-08T09:14:40.040020,3.7,14.3,2100.0
2026-02-08T09:14:40.540846,9.9,14.3,2100.0
2026-02-08T09:14:41.041568,4.2,14.3,2100.0
2026-02-08T09:14:41.542007,4.4,14.3,2100.0
2026-02-08T09:14:42.042940,7.3,14.3,2100.0
2026-02-08T09:14:42.543276,5.2,14.3,2100.0
2026-02-08T09:14:43.044699,8.4,14.3,2100.0
2026-02-08T09:14:43.545399,6.2,14.3,2100.0
2026-02-08T09:14:44.046331,5.7,14.3,2100.0
2026-02-08T09:14:44.547094,8.7,14.3,2100.0
2026-02-08T09:14:45.047856,5.7,14.3,2100.0
2026-02-08T09:14:45.548373,4.5,14.3,2100.0
2026-02-08T09:14:46.049896,4.0,14.3,2100.0
2026-02-08T09:14:46.550954,5.9,14.3,2100.0
2026-02-08T09:14:47.051607,4.6,14.3,2100.0
2026-02-08T09:14:47.552259,5.4,14.3,2100.0
2026-02-08T09:14:48.053027,3.9,14.3,2100.0
2026-02-08T09:14:48.555450,7.6,14.3,2100.0
2026-02-08T09:14:49.056022,3.9,14.3,2100.0
2026-02-08T09:14:49.556925,6.8,14.3,2100.0
2026-02-08T09:14:50.057545,3.6,14.3,2100.0
2026-02-08T09:14:50.559220,4.4,14.3,2100.0
2026-02-08T09:14:51.060541,3.9,14.3,2100.0
2026-02-08T09:14:51.561310,5.0,14.3,2100.0
2026-02-08T09:14:52.061707,3.3,14.3,2100.0
2026-02-08T09:14:52.562628,7.1,14.3,2100.0
2026-02-08T09:14:53.063107,7.6,14.4,2100.0
2026-02-08T09:14:53.564327,12.1,14.4,2100.0
2026-02-08T09:14:54.064921,7.3,14.4,2100.0
2026-02-08T09:14:54.565699,11.8,14.4,2100.0
2026-02-08T09:14:55.067981,3.4,14.4,2100.0
2026-02-08T09:14:55.568687,7.7,14.4,2100.0
2026-02-08T09:14:56.069285,4.9,14.4,2100.0
2026-02-08T09:14:56.570020,5.0,14.4,2100.0
2026-02-08T09:14:57.070633,5.9,14.4,2100.0
2026-02-08T09:14:57.571342,5.2,14.4,2100.0
2026-02-08T09:14:58.072021,5.2,14.4,2100.0
2026-02-08T09:14:58.572390,3.3,14.4,2100.0
2026-02-08T09:14:59.073520,3.9,14.4,2100.0
2026-02-08T09:14:59.574118,4.6,14.4,2100.0
2026-02-08T09:15:00.074904,5.1,14.4,2100.0
2026-02-08T09:15:00.576052,3.2,14.4,2100.0
2026-02-08T09:15:01.076974,5.8,14.4,2100.0
2026-02-08T09:15:01.577522,4.1,14.4,2100.0
2026-02-08T09:15:02.079674,3.9,14.4,2100.0
2026-02-08T09:15:02.580518,6.6,14.4,2100.0
2026-02-08T09:15:03.081542,8.9,14.4,2100.0
2026-02-08T09:15:03.582311,5.8,14.4,2100.0
2026-02-08T09:15:04.083019,6.3,14.4,2100.0
2026-02-08T09:15:04.583722,7.4,14.4,2100.0
2026-02-08T09:15:05.084124,4.9,14.4,2100.0
2026-02-08T09:15:05.584831,5.8,14.4,2100.0
2026-02-08T09:15:06.085360,5.6,14.4,2100.0
2026-02-08T09:15:06.586115,3.8,14.4,2100.0
2026-02-08T09:15:07.086599,4.0,14.4,2100.0
2026-02-08T09:15:07.587600,4.6,14.4,2100.0
2026-02-08T09:15:08.088089,5.2,14.4,2100.0
2026-02-08T09:15:08.588756,5.9,14.4,2100.0
2026-02-08T09:15:09.089364,3.9,14.4,2100.0
2026-02-08T09:15:09.589957,6.1,14.4,2100.0
2026-02-08T09:15:10.090554,4.9,14.4,2100.0
2026-02-08T09:15:10.590962,4.3,14.4,2100.0
2026-02-08T09:15:11.091910,4.3,14.4,2100.0
2026-02-08T09:15:11.593995,4.2,14.4,2100.0
2026-02-08T09:15:12.094943,5.8,14.4,2100.0
2026-02-08T09:15:12.595425,4.2,14.4,2100.0
2026-02-08T09:15:13.096600,9.3,14.4,2100.0
2026-02-08T09:15:13.597212,5.4,14.4,2100.0
2026-02-08T09:15:14.098461,7.0,14.4,2100.0
2026-02-08T09:15:14.600042,5.3,14.4,2100.0
2026-02-08T09:15:15.100832,7.0,14.4,2100.0
2026-02-08T09:15:15.601569,6.5,14.4,2100.0
2026-02-08T09:15:16.102237,4.9,14.4,2100.0
2026-02-08T09:15:16.602687,3.6,14.4,2100.0
2026-02-08T09:15:17.103231,6.5,14.4,2100.0
2026-02-08T09:15:17.603944,4.3,14.4,2100.0
2026-02-08T09:15:18.104506,4.9,14.4,2100.0
2026-02-08T09:15:18.605319,3.8,14.4,2100.0
2026-02-08T09:15:19.106104,3.7,14.4,2100.0
2026-02-08T09:15:19.609995,4.4,14.3,2100.0
2026-02-08T09:15:20.110720,9.1,14.4,2100.0
2026-02-08T09:15:20.611685,9.1,14.3,2100.0
2026-02-08T09:15:21.112046,4.3,14.4,2100.0
2026-02-08T09:15:21.612526,3.1,14.4,2100.0
2026-02-08T09:15:22.113192,5.9,14.4,2100.0
2026-02-08T09:15:22.615603,6.6,14.4,2100.0
2026-02-08T09:15:23.116469,6.0,14.3,2100.0
2026-02-08T09:15:23.617929,9.2,14.3,2100.0
2026-02-08T09:15:24.118616,4.6,14.3,2100.0
2026-02-08T09:15:24.619190,7.2,14.3,2100.0
2026-02-08T09:15:25.119782,6.0,14.3,2100.0
2026-02-08T09:15:25.620801,9.0,14.3,2100.0
2026-02-08T09:15:26.121484,3.9,14.3,2100.0
2026-02-08T09:15:26.622504,5.1,14.3,2100.0
2026-02-08T09:15:27.123220,3.9,14.3,2100.0
2026-02-08T09:15:27.623619,4.7,14.3,2100.0
2026-02-08T09:15:28.124146,5.7,14.3,2100.0
2026-02-08T09:15:28.624967,6.3,14.3,2100.0
2026-02-08T09:15:29.126285,3.7,14.3,2100.0
2026-02-08T09:15:29.626795,5.0,14.3,2100.0
2026-02-08T09:15:30.127354,3.5,14.3,2100.0
2026-02-08T09:15:30.629349,6.6,14.3,2100.0
2026-02-08T09:15:31.130159,5.8,14.3,2100.0
2026-02-08T09:15:31.631260,6.0,14.3,2100.0
2026-02-08T09:15:32.133039,6.0,14.3,2100.0
2026-02-08T09:15:32.633593,4.0,14.3,2100.0
2026-02-08T09:15:33.134562,5.0,14.3,2100.0
2026-02-08T09:15:33.635583,6.2,14.3,2100.0
2026-02-08T09:15:34.136328,4.9,14.3,2100.0
2026-02-08T09:15:34.637250,6.3,14.4,2100.0
2026-02-08T09:15:35.137871,4.0,14.3,2100.0
2026-02-08T09:15:35.638517,6.0,14.4,2100.0
2026-02-08T09:15:36.138920,3.6,14.3,2100.0
2026-02-08T09:15:36.639458,7.1,14.3,2100.0
2026-02-08T09:15:37.140289,7.3,14.4,2100.0
2026-02-08T09:15:37.641212,5.9,14.4,2100.0
2026-02-08T09:15:38.142092,3.7,14.3,2100.0
2026-02-08T09:15:38.643198,5.0,14.4,2100.0
2026-02-08T09:15:39.143687,4.9,14.3,2100.0
2026-02-08T09:15:39.644563,5.2,14.3,2100.0
2026-02-08T09:15:40.146336,5.0,14.3,2100.0
2026-02-08T09:15:40.647211,5.6,14.3,2100.0
2026-02-08T09:15:41.147624,2.6,14.3,2100.0
2026-02-08T09:15:41.649132,3.9,14.3,2100.0
2026-02-08T09:15:42.150060,6.2,14.3,2100.0
2026-02-08T09:15:42.650532,8.9,14.3,2100.0
2026-02-08T09:15:43.151347,6.9,14.3,2100.0
2026-02-08T09:15:43.664862,7.1,14.3,2100.0
2026-02-08T09:15:44.165745,5.6,14.3,2100.0
2026-02-08T09:15:44.666668,7.6,14.3,2100.0
2026-02-08T09:15:45.167499,6.5,14.3,2100.0
2026-02-08T09:15:45.668061,6.8,14.3,2100.0
2026-02-08T09:15:46.168569,5.0,14.3,2100.0
2026-02-08T09:15:46.669091,4.8,14.3,2100.0
2026-02-08T09:15:47.169850,6.0,14.3,2100.0
2026-02-08T09:15:47.670391,5.2,14.3,2100.0
2026-02-08T09:15:48.170899,5.3,14.3,2100.0
2026-02-08T09:15:48.671489,4.0,14.3,2100.0
2026-02-08T09:15:49.171933,5.4,14.3,2100.0
2026-02-08T09:15:49.672538,7.5,14.3,2100.0
2026-02-08T09:15:50.173092,4.4,14.3,2100.0
2026-02-08T09:15:50.673911,5.3,14.3,2100.0
2026-02-08T09:15:51.174591,4.1,14.3,2100.0
2026-02-08T09:15:51.675450,5.6,14.3,2100.0
2026-02-08T09:15:52.175921,6.8,14.3,2100.0
2026-02-08T09:15:52.676793,4.0,14.3,2100.0
2026-02-08T09:15:53.177486,4.4,14.3,2100.0
2026-02-08T09:15:53.678366,6.6,14.3,2100.0
2026-02-08T09:15:54.180004,4.0,14.3,2100.0
2026-02-08T09:15:54.680818,5.9,14.3,2100.0
2026-02-08T09:15:55.181953,4.2,14.3,2100.0
2026-02-08T09:15:55.682856,5.7,14.3,2100.0
2026-02-08T09:15:56.183584,4.7,14.3,2100.0
2026-02-08T09:15:56.684389,5.4,14.3,2100.0
2026-02-08T09:15:57.184849,6.1,14.3,2100.0
2026-02-08T09:15:57.685689,2.6,14.3,2100.0
2026-02-08T09:15:58.186336,4.2,14.3,2100.0
2026-02-08T09:15:58.687542,3.6,14.3,2100.0
2026-02-08T09:15:59.188059,5.7,14.3,2100.0
2026-02-08T09:15:59.689008,8.7,14.3,2100.0
2026-02-08T09:16:00.189616,6.4,14.3,2100.0
2026-02-08T09:16:00.690907,3.6,14.3,2100.0
2026-02-08T09:16:01.191480,5.0,14.3,2100.0
2026-02-08T09:16:01.691930,5.3,14.3,2100.0
2026-02-08T09:16:02.192939,7.1,14.3,2100.0
2026-02-08T09:16:02.694026,3.3,14.3,2100.0
2026-02-08T09:16:03.194813,5.9,14.3,2100.0
2026-02-08T09:16:03.696426,5.3,14.3,2100.0
2026-02-08T09:16:04.197522,5.0,14.3,2100.0
2026-02-08T09:16:04.698149,4.0,14.3,2100.0
2026-02-08T09:16:05.198819,7.2,14.3,2100.0
2026-02-08T09:16:05.699263,5.2,14.3,2100.0
2026-02-08T09:16:06.200074,3.3,14.3,2100.0
2026-02-08T09:16:06.700568,5.1,14.3,2100.0
2026-02-08T09:16:07.201035,6.7,14.3,2100.0
2026-02-08T09:16:07.701664,6.6,14.3,2100.0
2026-02-08T09:16:08.202230,6.1,14.3,2100.0
2026-02-08T09:16:08.703041,4.3,14.3,2100.0
2026-02-08T09:16:09.203778,5.1,14.3,2100.0
2026-02-08T09:16:09.704619,8.7,14.3,2100.0
2026-02-08T09:16:10.205488,3.9,14.3,2100.0
2026-02-08T09:16:10.705934,4.7,14.3,2100.0
2026-02-08T09:16:11.207031,6.8,14.3,2100.0
2026-02-08T09:16:11.707498,6.6,14.3,2100.0
2026-02-08T09:16:12.208249,7.4,14.3,2100.0
2026-02-08T09:16:12.708772,6.5,14.3,2100.0
2026-02-08T09:16:13.209431,4.4,14.3,2100.0
2026-02-08T09:16:13.710047,6.8,14.3,2100.0
2026-02-08T09:16:14.210825,6.4,14.3,2100.0
2026-02-08T09:16:14.711397,5.5,14.3,2100.0
2026-02-08T09:16:15.211940,4.7,14.3,2100.0
2026-02-08T09:16:15.712498,6.0,14.3,2100.0
2026-02-08T09:16:16.213223,5.3,14.3,2100.0
2026-02-08T09:16:16.714095,5.1,14.3,2100.0
2026-02-08T09:16:17.214745,5.9,14.3,2100.0
2026-02-08T09:16:17.715292,8.1,14.3,2100.0
2026-02-08T09:16:18.216190,6.0,14.3,2100.0
2026-02-08T09:16:18.716841,6.2,14.3,2100.0
2026-02-08T09:16:19.217325,3.9,14.3,2100.0
2026-02-08T09:16:19.718378,5.3,14.3,2100.0
2026-02-08T09:16:20.219461,3.7,14.3,2100.0
2026-02-08T09:16:20.720272,5.9,14.3,2100.0
2026-02-08T09:16:21.220941,4.6,14.3,2100.0
2026-02-08T09:16:21.721472,4.9,14.3,2100.0
2026-02-08T09:16:22.222310,5.4,14.3,2100.0
2026-02-08T09:16:22.722774,6.6,14.3,2100.0
2026-02-08T09:16:23.223728,3.6,14.3,2100.0
2026-02-08T09:16:23.724608,5.3,14.3,2100.0
2026-02-08T09:16:24.226729,2.9,14.3,2100.0
2026-02-08T09:16:24.727346,8.3,14.3,2100.0
2026-02-08T09:16:25.228097,3.7,14.3,2100.0
2026-02-08T09:16:25.729405,6.8,14.4,2100.0
2026-02-08T09:16:26.230324,4.2,14.3,2100.0
2026-02-08T09:16:26.731129,4.8,14.3,2100.0
2026-02-08T09:16:27.231546,6.3,14.3,2100.0
2026-02-08T09:16:27.732331,5.4,14.3,2100.0
2026-02-08T09:16:28.233194,4.2,14.3,2100.0
2026-02-08T09:16:28.733989,6.0,14.3,2100.0
2026-02-08T09:16:29.234874,5.5,14.3,2100.0
2026-02-08T09:16:29.735343,6.2,14.3,2100.0
2026-02-08T09:16:30.236115,6.2,14.3,2100.0
2026-02-08T09:16:30.736713,5.6,14.3,2100.0
2026-02-08T09:16:31.237173,4.4,14.3,2100.0
2026-02-08T09:16:31.737865,5.9,14.3,2100.0
2026-02-08T09:16:32.238563,5.7,14.4,2100.0
2026-02-08T09:16:32.739321,4.2,14.4,2100.0
2026-02-08T09:16:33.240021,4.4,14.3,2100.0
2026-02-08T09:16:33.740943,7.1,14.3,2100.0
2026-02-08T09:16:34.241572,7.4,14.3,2100.0
2026-02-08T09:16:34.743506,5.3,14.3,2100.0
2026-02-08T09:16:35.244370,5.0,14.3,2100.0
2026-02-08T09:16:35.744938,5.3,14.3,2100.0
2026-02-08T09:16:36.245879,4.7,14.3,2100.0
2026-02-08T09:16:36.747002,5.3,14.3,2100.0
2026-02-08T09:16:37.247825,5.1,14.4,2100.0
2026-02-08T09:16:37.748321,4.9,14.3,2100.0
2026-02-08T09:16:38.248959,6.2,14.3,2100.0
2026-02-08T09:16:38.749655,5.2,14.3,2100.0
2026-02-08T09:16:39.250383,4.1,14.3,2100.0
2026-02-08T09:16:39.751189,6.6,14.3,2100.0
2026-02-08T09:16:40.251575,2.6,14.3,2100.0
2026-02-08T09:16:40.752296,3.7,14.3,2100.0
2026-02-08T09:16:41.252864,5.5,14.3,2100.0
2026-02-08T09:16:41.753643,4.8,14.3,2100.0
2026-02-08T09:16:42.254713,8.3,14.3,2100.0
2026-02-08T09:16:42.755351,3.8,14.3,2100.0
2026-02-08T09:16:43.263739,4.6,14.3,2100.0
2026-02-08T09:16:43.764595,4.8,14.3,2100.0
2026-02-08T09:16:44.265224,7.0,14.3,2100.0
2026-02-08T09:16:44.765735,5.4,14.3,2100.0
2026-02-08T09:16:45.266735,4.3,14.3,2100.0
2026-02-08T09:16:45.767725,3.6,14.3,2100.0
2026-02-08T09:16:46.268112,5.9,14.3,2100.0
2026-02-08T09:16:46.768616,4.5,14.3,2100.0
2026-02-08T09:16:47.270683,6.2,14.3,2100.0
2026-02-08T09:16:47.772069,5.2,14.3,2100.0
2026-02-08T09:16:48.273174,3.2,14.3,2100.0
2026-02-08T09:16:48.773955,5.9,14.3,2100.0
2026-02-08T09:16:49.275933,3.9,14.3,2100.0
2026-02-08T09:16:49.776880,4.8,14.3,2100.0
2026-02-08T09:16:50.277422,7.1,14.3,2100.0
2026-02-08T09:16:50.778710,8.5,14.3,2100.0
2026-02-08T09:16:51.279810,3.9,14.3,2100.0
2026-02-08T09:16:51.780656,5.7,14.3,2100.0
2026-02-08T09:16:52.281498,6.5,14.3,2100.0
2026-02-08T09:16:52.782688,6.6,14.3,2100.0
2026-02-08T09:16:53.283399,4.8,14.3,2100.0
2026-02-08T09:16:53.783975,6.4,14.3,2100.0
2026-02-08T09:16:54.284930,4.7,14.3,2100.0
2026-02-08T09:16:54.785654,8.7,14.3,2100.0
2026-02-08T09:16:55.286130,5.7,14.3,2100.0
2026-02-08T09:16:55.786897,10.6,14.3,2100.0
2026-02-08T09:16:56.287588,3.6,14.3,2100.0
2026-02-08T09:16:56.788108,3.3,14.3,2100.0
2026-02-08T09:16:57.288554,4.6,14.3,2100.0
2026-02-08T09:16:57.790117,6.5,14.3,2100.0
2026-02-08T09:16:58.291141,6.1,14.3,2100.0
2026-02-08T09:16:58.791754,2.9,14.3,2100.0
2026-02-08T09:16:59.292927,2.7,14.3,2100.0
2026-02-08T09:16:59.793992,7.2,14.3,2100.0
2026-02-08T09:17:00.294464,4.6,14.3,2100.0
2026-02-08T09:17:00.795130,4.4,14.3,2100.0
2026-02-08T09:17:01.295966,4.7,14.3,2100.0
2026-02-08T09:17:01.796664,5.9,14.3,2100.0
2026-02-08T09:17:02.297228,5.0,14.3,2100.0
2026-02-08T09:17:02.798070,5.5,14.3,2100.0
2026-02-08T09:17:03.298652,4.8,14.3,2100.0
2026-02-08T09:17:03.799203,8.6,14.3,2100.0
2026-02-08T09:17:04.300062,5.1,14.3,2100.0
2026-02-08T09:17:04.800913,5.8,14.3,2100.0
2026-02-08T09:17:05.301838,3.8,14.3,2100.0
2026-02-08T09:17:05.802418,4.8,14.3,2100.0
2026-02-08T09:17:06.303211,4.9,14.3,2100.0
2026-02-08T09:17:06.804262,4.6,14.3,2100.0
2026-02-08T09:17:07.304776,3.1,14.3,2100.0
2026-02-08T09:17:07.805577,4.4,14.3,2100.0
2026-02-08T09:17:08.306214,4.6,14.3,2100.0
2026-02-08T09:17:08.807824,8.7,14.3,2100.0
2026-02-08T09:17:09.308531,7.2,14.3,2100.0
2026-02-08T09:17:09.809047,4.7,14.3,2100.0
2026-02-08T09:17:10.309544,4.0,14.3,2100.0
2026-02-08T09:17:10.811249,5.3,14.3,2100.0
2026-02-08T09:17:11.312065,3.9,14.3,2100.0
2026-02-08T09:17:11.812497,7.3,14.3,2100.0
2026-02-08T09:17:12.313326,8.7,14.3,2100.0
2026-02-08T09:17:12.818148,5.1,14.3,2100.0
2026-02-08T09:17:13.318915,7.2,14.3,2100.0
2026-02-08T09:17:13.819477,7.6,14.3,2100.0
2026-02-08T09:17:14.320308,10.1,14.3,2100.0
2026-02-08T09:17:14.821174,3.5,14.3,2100.0
2026-02-08T09:17:15.322758,7.2,14.3,2100.0
2026-02-08T09:17:15.823404,5.6,14.3,2100.0
2026-02-08T09:17:16.323974,7.0,14.3,2100.0
2026-02-08T09:17:16.825709,6.3,14.3,2100.0
2026-02-08T09:17:17.326442,5.3,14.3,2100.0
2026-02-08T09:17:17.827083,7.6,14.3,2100.0
2026-02-08T09:17:18.327652,6.0,14.3,2100.0
2026-02-08T09:17:18.828313,3.8,14.3,2100.0
2026-02-08T09:17:19.329308,4.4,14.3,2100.0
2026-02-08T09:17:19.830210,3.4,14.3,2100.0
2026-02-08T09:17:20.330985,4.6,14.3,2100.0
2026-02-08T09:17:20.831550,3.5,14.3,2100.0
2026-02-08T09:17:21.331995,3.6,14.3,2100.0
2026-02-08T09:17:21.832610,4.4,14.3,2100.0
2026-02-08T09:17:22.333284,7.4,14.3,2100.0
2026-02-08T09:17:22.834177,4.1,14.3,2100.0
2026-02-08T09:17:23.334549,4.5,14.3,2100.0
2026-02-08T09:17:23.835219,3.4,14.3,2100.0
2026-02-08T09:17:24.335774,7.7,14.3,2100.0
2026-02-08T09:17:24.836757,5.0,14.3,2100.0
2026-02-08T09:17:25.401255,12.2,14.3,2100.0
2026-02-08T09:17:25.902092,2.8,14.3,2100.0
2026-02-08T09:17:26.403895,6.1,14.3,2100.0
2026-02-08T09:17:26.904650,4.5,14.3,2100.0
2026-02-08T09:17:27.405457,5.9,14.3,2100.0
2026-02-08T09:17:27.907853,2.7,14.3,2100.0
2026-02-08T09:17:28.408688,5.2,14.3,2100.0
2026-02-08T09:17:28.910163,5.5,14.3,2100.0
2026-02-08T09:17:29.411051,3.6,14.3,2100.0
2026-02-08T09:17:29.911774,5.6,14.3,2100.0
2026-02-08T09:17:30.412508,3.8,14.3,2100.0
2026-02-08T09:17:30.913107,4.6,14.3,2100.0
2026-02-08T09:17:31.413872,4.2,14.3,2100.0
2026-02-08T09:17:31.914483,6.0,14.3,2100.0
2026-02-08T09:17:32.415582,6.7,14.3,2100.0
2026-02-08T09:17:32.916418,4.9,14.3,2100.0
2026-02-08T09:17:33.417255,6.4,14.3,2100.0
2026-02-08T09:17:33.918127,5.4,14.3,2100.0
2026-02-08T09:17:34.419512,6.1,14.3,2100.0
2026-02-08T09:17:34.920519,3.4,14.3,2100.0
2026-02-08T09:17:35.423165,8.9,14.3,2100.0
2026-02-08T09:17:35.925209,3.2,14.3,2100.0
2026-02-08T09:17:36.426108,5.8,14.3,2100.0
2026-02-08T09:17:36.926883,8.0,14.3,2100.0
2026-02-08T09:17:37.427488,9.6,14.3,2100.0
2026-02-08T09:17:37.927984,4.8,14.3,2100.0
2026-02-08T09:17:38.428831,10.1,14.3,2100.0
2026-02-08T09:17:38.929736,4.6,14.3,2100.0
2026-02-08T09:17:39.430728,8.3,14.3,2100.0
2026-02-08T09:17:39.931142,7.5,14.3,2100.0
2026-02-08T09:17:40.431984,4.1,14.3,2100.0
2026-02-08T09:17:40.932874,8.0,14.3,2100.0
2026-02-08T09:17:41.433342,4.1,14.3,2100.0
2026-02-08T09:17:41.933912,5.4,14.4,2100.0
2026-02-08T09:17:42.434360,6.4,14.4,2100.0
2026-02-08T09:17:42.934995,7.4,14.4,2100.0
2026-02-08T09:17:43.436423,4.5,14.3,2100.0
2026-02-08T09:17:43.937326,4.3,14.3,2100.0
2026-02-08T09:17:44.438275,4.5,14.3,2100.0
2026-02-08T09:17:44.938983,6.8,14.3,2100.0
2026-02-08T09:17:45.440071,4.3,14.3,2100.0
2026-02-08T09:17:45.941183,5.1,14.3,2100.0
2026-02-08T09:17:46.442664,6.4,14.4,2100.0
2026-02-08T09:17:46.943242,8.9,14.4,2100.0
2026-02-08T09:17:47.443819,4.5,14.4,2100.0
2026-02-08T09:17:47.944245,4.1,14.3,2100.0
2026-02-08T09:17:48.445161,3.5,14.3,2100.0
2026-02-08T09:17:48.945773,4.0,14.3,2100.0
2026-02-08T09:17:49.446584,5.7,14.3,2100.0
2026-02-08T09:17:49.947324,4.0,14.3,2100.0
2026-02-08T09:17:50.448275,8.3,14.3,2100.0
2026-02-08T09:17:50.948707,3.3,14.3,2100.0
2026-02-08T09:17:51.449577,4.4,14.3,2100.0
2026-02-08T09:17:51.950470,4.1,14.3,2100.0
2026-02-08T09:17:52.451222,9.2,14.3,2100.0
2026-02-08T09:17:52.952259,6.7,14.3,2100.0
2026-02-08T09:17:53.453659,3.4,14.3,2100.0
2026-02-08T09:17:53.954560,4.9,14.3,2100.0
2026-02-08T09:17:54.455480,5.3,14.3,2100.0
2026-02-08T09:17:54.956781,3.5,14.3,2100.0
2026-02-08T09:17:55.458587,10.9,14.3,2100.0
2026-02-08T09:17:55.960747,6.2,14.3,2100.0
2026-02-08T09:17:56.461469,6.3,14.3,2100.0
2026-02-08T09:17:56.962018,4.7,14.3,2100.0
2026-02-08T09:17:57.462399,6.5,14.3,2100.0
2026-02-08T09:17:57.963052,4.5,14.3,2100.0
2026-02-08T09:17:58.463550,6.3,14.3,2100.0
2026-02-08T09:17:58.963989,4.3,14.3,2100.0
2026-02-08T09:17:59.464625,5.8,14.3,2100.0
2026-02-08T09:17:59.965063,6.0,14.3,2100.0
2026-02-08T09:18:00.468089,6.5,14.3,2100.0
2026-02-08T09:18:00.969262,4.1,14.3,2100.0
2026-02-08T09:18:01.470137,5.4,14.3,2100.0
2026-02-08T09:18:01.972074,5.0,14.3,2100.0
2026-02-08T09:18:02.476485,5.4,14.3,2100.0
2026-02-08T09:18:02.977422,4.7,14.3,2100.0
2026-02-08T09:18:03.478293,8.1,14.3,2100.0
2026-02-08T09:18:03.978792,4.5,14.3,2100.0
2026-02-08T09:18:04.479636,5.4,14.3,2100.0
2026-02-08T09:18:04.980516,2.7,14.3,2100.0
2026-02-08T09:18:05.481244,7.1,14.3,2100.0
2026-02-08T09:18:05.982038,6.7,14.3,2100.0
2026-02-08T09:18:06.482621,7.3,14.3,2100.0
2026-02-08T09:18:06.983267,5.7,14.3,2100.0
2026-02-08T09:18:07.483829,8.3,14.3,2100.0
2026-02-08T09:18:07.984524,2.9,14.3,2100.0
2026-02-08T09:18:08.485183,4.4,14.3,2100.0
2026-02-08T09:18:08.986128,6.5,14.3,2100.0
2026-02-08T09:18:09.487002,5.7,14.3,2100.0
2026-02-08T09:18:09.987833,3.1,14.3,2100.0
2026-02-08T09:18:10.489418,5.3,14.3,2100.0
2026-02-08T09:18:10.990360,6.4,14.3,2100.0
2026-02-08T09:18:11.490862,5.7,14.3,2100.0
2026-02-08T09:18:11.992039,4.9,14.3,2100.0
2026-02-08T09:18:12.493188,6.9,14.3,2100.0
2026-02-08T09:18:12.993709,3.1,14.3,2100.0
2026-02-08T09:18:13.494494,15.4,14.3,2100.0
2026-02-08T09:18:13.995282,3.8,14.3,2100.0
2026-02-08T09:18:14.496189,6.2,14.3,2100.0
2026-02-08T09:18:14.996934,2.5,14.3,2100.0
2026-02-08T09:18:15.497814,4.8,14.3,2100.0
2026-02-08T09:18:15.998699,5.4,14.3,2100.0
2026-02-08T09:18:16.499529,6.8,14.3,2100.0
2026-02-08T09:18:17.000802,5.3,14.3,2100.0
2026-02-08T09:18:17.501724,9.8,14.3,2100.0
2026-02-08T09:18:18.002458,3.4,14.3,2100.0
2026-02-08T09:18:18.504586,6.4,14.3,2100.0
2026-02-08T09:18:19.005198,4.2,14.3,2100.0
2026-02-08T09:18:19.506646,10.3,14.3,2100.0
2026-02-08T09:18:20.007519,3.6,14.3,2100.0
2026-02-08T09:18:20.508202,4.7,14.3,2100.0
2026-02-08T09:18:21.010215,5.1,14.3,2100.0
2026-02-08T09:18:21.511203,7.4,14.3,2100.0
2026-02-08T09:18:22.013111,4.1,14.3,2100.0
2026-02-08T09:18:22.513505,10.0,14.3,2100.0
2026-02-08T09:18:23.014134,4.8,14.3,2100.0
2026-02-08T09:18:23.514923,7.9,14.3,2100.0
2026-02-08T09:18:24.016393,4.8,14.3,2100.0
2026-02-08T09:18:24.517867,8.7,14.3,2100.0
2026-02-08T09:18:25.018790,3.7,14.3,2100.0
2026-02-08T09:18:25.519372,7.8,14.3,2100.0
2026-02-08T09:18:26.019844,5.8,14.3,2100.0
2026-02-08T09:18:26.520349,5.1,14.3,2100.0
2026-02-08T09:18:27.021303,3.6,14.3,2100.0
2026-02-08T09:18:27.522288,3.4,14.3,2100.0
2026-02-08T09:18:28.022706,5.2,14.3,2100.0
2026-02-08T09:18:28.524325,5.1,14.3,2100.0
2026-02-08T09:18:29.025454,3.6,14.3,2100.0
2026-02-08T09:18:29.526589,7.4,14.3,2100.0
2026-02-08T09:18:30.027235,4.2,14.3,2100.0
2026-02-08T09:18:30.528083,4.1,14.3,2100.0
2026-02-08T09:18:31.028668,4.1,14.3,2100.0
2026-02-08T09:18:31.529847,3.7,14.3,2100.0
2026-02-08T09:18:32.030866,3.4,14.3,2100.0
2026-02-08T09:18:32.531472,4.3,14.3,2100.0
2026-02-08T09:18:33.031904,6.2,14.3,2100.0
2026-02-08T09:18:33.532673,5.0,14.3,2100.0
2026-02-08T09:18:34.033831,3.8,14.3,2100.0
2026-02-08T09:18:34.534763,4.8,14.3,2100.0
2026-02-08T09:18:35.035479,6.0,14.3,2100.0
2026-02-08T09:18:35.537411,7.5,14.3,2100.0
2026-02-08T09:18:36.040066,7.8,14.3,2100.0
2026-02-08T09:18:36.540686,6.3,14.3,2100.0
2026-02-08T09:18:37.041724,2.7,14.3,2100.0
2026-02-08T09:18:37.542532,5.9,14.3,2100.0
2026-02-08T09:18:38.042937,3.9,14.3,2100.0
2026-02-08T09:18:38.543699,4.8,14.3,2100.0
2026-02-08T09:18:39.044496,3.7,14.3,2100.0
2026-02-08T09:18:39.545320,5.5,14.3,2100.0
2026-02-08T09:18:40.046015,5.9,14.3,2100.0
2026-02-08T09:18:40.546672,4.8,14.3,2100.0
2026-02-08T09:18:41.047580,4.6,14.3,2100.0
2026-02-08T09:18:41.548063,7.8,14.3,2100.0
2026-02-08T09:18:42.048476,5.2,14.3,2100.0
2026-02-08T09:18:42.549495,5.4,14.3,2100.0
2026-02-08T09:18:43.050403,4.0,14.3,2100.0
2026-02-08T09:18:43.551289,6.0,14.3,2100.0
2026-02-08T09:18:44.052210,4.9,14.3,2100.0
2026-02-08T09:18:44.553520,6.6,14.3,2100.0
2026-02-08T09:18:45.054027,6.2,14.3,2100.0
2026-02-08T09:18:45.554846,5.2,14.3,2100.0
2026-02-08T09:18:46.055511,6.3,14.3,2100.0
2026-02-08T09:18:46.558888,4.2,14.3,2100.0
2026-02-08T09:18:47.059601,8.6,14.3,2100.0
2026-02-08T09:18:47.560085,5.3,14.3,2100.0
2026-02-08T09:18:48.060748,5.2,14.3,2100.0
2026-02-08T09:18:48.561473,8.3,14.3,2100.0
2026-02-08T09:18:49.061969,3.1,14.3,2100.0
2026-02-08T09:18:49.562902,5.5,14.3,2100.0
2026-02-08T09:18:50.063541,4.1,14.3,2100.0
2026-02-08T09:18:50.564118,4.1,14.3,2100.0
2026-02-08T09:18:51.064839,4.1,14.3,2100.0
2026-02-08T09:18:51.566084,9.4,14.3,2100.0
2026-02-08T09:18:52.066979,5.0,14.3,2100.0
2026-02-08T09:18:52.567972,10.9,14.3,2100.0
2026-02-08T09:18:53.068928,5.4,14.3,2100.0
2026-02-08T09:18:53.569429,4.9,14.3,2100.0
2026-02-08T09:18:54.070169,4.7,14.3,2100.0
2026-02-08T09:18:54.572115,5.1,14.3,2100.0
2026-02-08T09:18:55.073159,4.1,14.3,2100.0
2026-02-08T09:18:55.574276,6.2,14.3,2100.0
2026-02-08T09:18:56.074946,3.6,14.3,2100.0
2026-02-08T09:18:56.575449,5.4,14.3,2100.0
2026-02-08T09:18:57.076256,4.3,14.3,2100.0
2026-02-08T09:18:57.576630,11.6,14.3,2100.0
2026-02-08T09:18:58.077135,3.9,14.3,2100.0
2026-02-08T09:18:58.577689,6.9,14.3,2100.0
2026-02-08T09:18:59.078578,3.8,14.3,2100.0
2026-02-08T09:18:59.579126,8.1,14.3,2100.0
2026-02-08T09:19:00.079909,6.5,14.3,2100.0
2026-02-08T09:19:00.580399,6.5,14.3,2100.0
2026-02-08T09:19:01.081146,6.3,14.3,2100.0
2026-02-08T09:19:01.581865,5.1,14.3,2100.0
2026-02-08T09:19:02.082360,6.3,14.3,2100.0
2026-02-08T09:19:02.583072,7.3,14.3,2100.0
2026-02-08T09:19:03.083475,3.4,14.3,2100.0
2026-02-08T09:19:03.584388,5.3,14.3,2100.0
2026-02-08T09:19:04.085758,3.7,14.3,2100.0
2026-02-08T09:19:04.586664,7.4,14.3,2100.0
2026-02-08T09:19:05.087269,4.4,14.3,2100.0
2026-02-08T09:19:05.587729,6.1,14.3,2100.0
2026-02-08T09:19:06.089862,5.8,14.3,2100.0
2026-02-08T09:19:06.590456,7.6,14.3,2100.0
2026-02-08T09:19:07.091025,5.4,14.3,2100.0
2026-02-08T09:19:07.591474,12.0,14.3,2100.0
2026-02-08T09:19:08.091973,6.9,14.3,2100.0
2026-02-08T09:19:08.592753,4.0,14.3,2100.0
2026-02-08T09:19:09.093154,3.9,14.3,2100.0
2026-02-08T09:19:09.593688,4.3,14.3,2100.0
2026-02-08T09:19:10.094579,4.6,14.3,2100.0
2026-02-08T09:19:10.595306,6.1,14.3,2100.0
2026-02-08T09:19:11.096059,7.8,14.3,2100.0
2026-02-08T09:19:11.596856,9.5,14.3,2100.0
2026-02-08T09:19:12.097562,4.6,14.3,2100.0
2026-02-08T09:19:12.598263,8.4,14.3,2100.0
2026-02-08T09:19:13.099082,2.9,14.3,2100.0
2026-02-08T09:19:13.600408,5.8,14.3,2100.0
2026-02-08T09:19:14.101719,6.9,14.3,2100.0
2026-02-08T09:19:14.602617,7.1,14.3,2100.0
2026-02-08T09:19:15.103952,5.4,14.3,2100.0
2026-02-08T09:19:15.604871,5.8,14.3,2100.0
2026-02-08T09:19:16.105446,3.3,14.3,2100.0
2026-02-08T09:19:16.605967,6.1,14.3,2100.0
2026-02-08T09:19:17.107973,4.6,14.3,2100.0
2026-02-08T09:19:17.610268,7.3,14.3,2100.0
2026-02-08T09:19:18.110886,2.8,14.3,2100.0
2026-02-08T09:19:18.611370,4.7,14.3,2100.0
2026-02-08T09:19:19.111966,4.5,14.3,2100.0
2026-02-08T09:19:19.612724,6.3,14.3,2100.0
2026-02-08T09:19:20.113732,3.8,14.3,2100.0
2026-02-08T09:19:20.614188,3.7,14.3,2100.0
2026-02-08T09:19:21.114859,4.9,14.3,2100.0
2026-02-08T09:19:21.615599,4.4,14.3,2100.0
2026-02-08T09:19:22.116028,6.1,14.3,2100.0
2026-02-08T09:19:22.616602,8.9,14.3,2100.0
2026-02-08T09:19:23.117269,3.8,14.3,2100.0
2026-02-08T09:19:23.617992,6.3,14.3,2100.0
2026-02-08T09:19:24.119005,5.6,14.3,2100.0
2026-02-08T09:19:24.619467,7.1,14.3,2100.0
2026-02-08T09:19:25.119960,6.6,14.3,2100.0
2026-02-08T09:19:25.622308,7.3,14.3,2100.0
2026-02-08T09:19:26.123156,4.2,14.3,2100.0
2026-02-08T09:19:26.624137,5.0,14.3,2100.0
2026-02-08T09:19:27.124899,4.8,14.3,2100.0
2026-02-08T09:19:27.625617,6.7,14.3,2100.0
2026-02-08T09:19:28.126363,5.8,14.3,2100.0
2026-02-08T09:19:28.626980,5.5,14.3,2100.0
2026-02-08T09:19:29.127384,4.1,14.3,2100.0
2026-02-08T09:19:29.628089,5.3,14.3,2100.0
2026-02-08T09:19:30.128923,4.3,14.3,2100.0
2026-02-08T09:19:30.630027,4.8,14.3,2100.0
2026-02-08T09:19:31.130849,7.8,14.3,2100.0
2026-02-08T09:19:31.631244,6.0,14.3,2100.0
2026-02-08T09:19:32.131823,4.8,14.3,2100.0
2026-02-08T09:19:32.633301,6.1,14.3,2100.0
2026-02-08T09:19:33.134031,5.0,14.3,2100.0
2026-02-08T09:19:33.634470,9.2,14.3,2100.0
2026-02-08T09:19:34.136535,6.0,14.3,2100.0
2026-02-08T09:19:34.637327,6.1,14.3,2100.0
2026-02-08T09:19:35.137841,3.4,14.3,2100.0
2026-02-08T09:19:35.638516,4.2,14.3,2100.0
2026-02-08T09:19:36.139046,4.3,14.3,2100.0
2026-02-08T09:19:36.639808,4.5,14.3,2100.0
2026-02-08T09:19:37.140257,3.9,14.3,2100.0
2026-02-08T09:19:37.641010,7.8,14.3,2100.0
2026-02-08T09:19:38.141674,6.0,14.3,2100.0
2026-02-08T09:19:38.642540,5.5,14.3,2100.0
2026-02-08T09:19:39.142930,3.3,14.3,2100.0
2026-02-08T09:19:39.643753,4.5,14.3,2100.0
2026-02-08T09:19:40.144452,3.7,14.3,2100.0
2026-02-08T09:19:40.645021,4.2,14.3,2100.0
2026-02-08T09:19:41.145736,2.5,14.3,2100.0
2026-02-08T09:19:41.646761,8.1,14.3,2100.0
2026-02-08T09:19:42.147423,4.4,14.3,2100.0
2026-02-08T09:19:42.647966,13.4,14.3,2100.0
2026-02-08T09:19:43.148963,4.0,14.4,2100.0
2026-02-08T09:19:43.651278,6.1,14.4,2100.0
2026-02-08T09:19:44.151939,5.2,14.3,2100.0
2026-02-08T09:19:44.653313,8.2,14.3,2100.0
2026-02-08T09:19:45.154329,5.3,14.4,2100.0
2026-02-08T09:19:45.655042,9.3,14.3,2100.0
2026-02-08T09:19:46.155647,4.3,14.3,2100.0
2026-02-08T09:19:46.656377,6.7,14.3,2100.0
2026-02-08T09:19:47.156971,3.3,14.3,2100.0
2026-02-08T09:19:47.657792,5.9,14.3,2100.0
2026-02-08T09:19:48.159149,4.2,14.3,2100.0
2026-02-08T09:19:48.659631,13.1,14.3,2100.0
2026-02-08T09:19:49.160115,4.3,14.3,2100.0
2026-02-08T09:19:49.660695,6.5,14.3,2100.0
2026-02-08T09:19:50.161595,5.6,14.3,2100.0
2026-02-08T09:19:50.662620,5.6,14.3,2100.0
2026-02-08T09:19:51.163382,4.1,14.3,2100.0
2026-02-08T09:19:51.664021,6.3,14.3,2100.0
2026-02-08T09:19:52.165916,4.9,14.3,2100.0
2026-02-08T09:19:52.666451,14.6,14.3,2100.0
2026-02-08T09:19:53.167332,10.6,14.4,2100.0
2026-02-08T09:19:53.669215,12.7,14.4,2100.0
2026-02-08T09:19:54.170399,8.9,14.4,2100.0
2026-02-08T09:19:54.670972,6.1,14.4,2100.0
2026-02-08T09:19:55.171421,4.9,14.4,2100.0
2026-02-08T09:19:55.672192,6.8,14.4,2100.0
2026-02-08T09:19:56.172933,2.6,14.4,2100.0
2026-02-08T09:19:56.674092,8.7,14.4,2100.0
2026-02-08T09:19:57.174616,4.1,14.4,2100.0
2026-02-08T09:19:57.675021,6.6,14.4,2100.0
2026-02-08T09:19:58.175724,4.3,14.4,2100.0
2026-02-08T09:19:58.676265,4.7,14.4,2100.0
2026-02-08T09:19:59.176939,4.4,14.4,2100.0
2026-02-08T09:19:59.677662,3.7,14.4,2100.0
2026-02-08T09:20:00.179107,2.9,14.4,2100.0
2026-02-08T09:20:00.679515,7.1,14.4,2100.0
2026-02-08T09:20:01.179951,5.3,14.4,2100.0
2026-02-08T09:20:01.680556,5.7,14.4,2100.0
2026-02-08T09:20:02.181127,4.5,14.4,2100.0
2026-02-08T09:20:02.681973,3.6,14.4,2100.0
2026-02-08T09:20:03.183342,4.8,14.4,2100.0
2026-02-08T09:20:03.683885,8.7,14.4,2100.0
2026-02-08T09:20:04.186975,5.5,14.4,2100.0
2026-02-08T09:20:04.688458,5.4,14.4,2100.0
2026-02-08T09:20:05.189171,4.2,14.4,2100.0
2026-02-08T09:20:05.693899,5.9,14.4,2100.0
2026-02-08T09:20:06.194673,5.7,14.4,2100.0
2026-02-08T09:20:06.695357,8.1,14.4,2100.0
2026-02-08T09:20:07.195814,5.5,14.4,2100.0
2026-02-08T09:20:07.696285,7.5,14.4,2100.0
2026-02-08T09:20:08.196689,4.4,14.4,2100.0
2026-02-08T09:20:08.698425,3.6,14.4,2100.0
2026-02-08T09:20:09.199207,4.8,14.4,2100.0
2026-02-08T09:20:09.700437,5.9,14.4,2100.0
2026-02-08T09:20:10.201413,4.3,14.4,2100.0
2026-02-08T09:20:10.702470,4.5,14.4,2100.0
2026-02-08T09:20:11.202906,5.0,14.4,2100.0
2026-02-08T09:20:11.703359,6.2,14.4,2100.0
2026-02-08T09:20:12.204131,4.3,14.4,2100.0
2026-02-08T09:20:12.704845,6.2,14.4,2100.0
2026-02-08T09:20:13.205845,5.9,14.4,2100.0
2026-02-08T09:20:13.706387,4.4,14.4,2100.0
2026-02-08T09:20:14.207006,4.7,14.4,2100.0
2026-02-08T09:20:14.708024,4.7,14.4,2100.0
2026-02-08T09:20:15.208802,6.5,14.4,2100.0
2026-02-08T09:20:15.709539,3.3,14.3,2100.0
2026-02-08T09:20:16.210078,5.9,14.3,2100.0
2026-02-08T09:20:16.711026,4.9,14.3,2100.0
2026-02-08T09:20:17.212769,5.0,14.3,2100.0
2026-02-08T09:20:17.713685,6.8,14.3,2100.0
2026-02-08T09:20:18.214918,4.2,14.3,2100.0
2026-02-08T09:20:18.716109,10.7,14.4,2100.0
2026-02-08T09:20:19.216786,3.6,14.4,2100.0
2026-02-08T09:20:19.717386,5.4,14.3,2100.0
2026-02-08T09:20:20.218749,6.0,14.4,2100.0
2026-02-08T09:20:20.719149,5.5,14.3,2100.0
2026-02-08T09:20:21.220235,3.0,14.3,2100.0
2026-02-08T09:20:21.720713,4.9,14.3,2100.0
2026-02-08T09:20:22.221356,4.1,14.3,2100.0
2026-02-08T09:20:22.722110,12.0,14.3,2100.0
2026-02-08T09:20:23.222924,3.3,14.3,2100.0
2026-02-08T09:20:23.723585,5.5,14.3,2100.0
2026-02-08T09:20:24.224315,3.7,14.3,2100.0
2026-02-08T09:20:24.724886,8.3,14.3,2100.0
2026-02-08T09:20:25.225684,2.3,14.3,2100.0
2026-02-08T09:20:25.726496,9.7,14.3,2100.0
2026-02-08T09:20:26.227067,5.2,14.3,2100.0
2026-02-08T09:20:26.728493,6.8,14.3,2100.0
2026-02-08T09:20:27.229061,3.9,14.3,2100.0
2026-02-08T09:20:27.729445,6.2,14.3,2100.0
2026-02-08T09:20:28.230245,5.2,14.3,2100.0
2026-02-08T09:20:28.730978,11.5,14.3,2100.0
2026-02-08T09:20:29.231472,3.4,14.3,2100.0
2026-02-08T09:20:29.732948,7.7,14.3,2100.0
2026-02-08T09:20:30.233585,4.0,14.3,2100.0
2026-02-08T09:20:30.734464,8.1,14.3,2100.0
2026-02-08T09:20:31.237465,5.0,14.3,2100.0
2026-02-08T09:20:31.738389,7.8,14.3,2100.0
2026-02-08T09:20:32.239021,5.1,14.3,2100.0
2026-02-08T09:20:32.739706,7.6,14.3,2100.0
2026-02-08T09:20:33.240413,4.4,14.3,2100.0
2026-02-08T09:20:33.740860,5.1,14.3,2100.0
2026-02-08T09:20:34.241268,4.5,14.3,2100.0
2026-02-08T09:20:34.741789,4.2,14.3,2100.0
2026-02-08T09:20:35.242642,4.5,14.3,2100.0
2026-02-08T09:20:35.743135,5.7,14.3,2100.0
2026-02-08T09:20:36.244363,4.2,14.3,2100.0
2026-02-08T09:20:36.744853,7.6,14.3,2100.0
2026-02-08T09:20:37.245522,6.2,14.3,2100.0
2026-02-08T09:20:37.745940,5.4,14.3,2100.0
2026-02-08T09:20:38.246747,6.8,14.3,2100.0
2026-02-08T09:20:38.747377,6.4,14.3,2100.0
2026-02-08T09:20:39.248421,3.4,14.3,2100.0
2026-02-08T09:20:39.749108,9.3,14.3,2100.0
2026-02-08T09:20:40.249690,2.6,14.3,2100.0
2026-02-08T09:20:40.750764,5.4,14.3,2100.0
2026-02-08T09:20:41.251469,3.2,14.3,2100.0
2026-02-08T09:20:41.752792,8.1,14.3,2100.0
2026-02-08T09:20:42.253369,3.5,14.3,2100.0
2026-02-08T09:20:42.754201,5.6,14.3,2100.0
2026-02-08T09:20:43.254609,4.2,14.3,2100.0
2026-02-08T09:20:43.755335,6.2,14.3,2100.0
2026-02-08T09:20:44.255871,4.8,14.3,2100.0
2026-02-08T09:20:44.756503,6.8,14.3,2100.0
2026-02-08T09:20:45.257175,6.2,14.3,2100.0
2026-02-08T09:20:45.757822,3.3,14.3,2100.0
2026-02-08T09:20:46.258683,4.5,14.3,2100.0
2026-02-08T09:20:46.759560,6.5,14.3,2100.0
2026-02-08T09:20:47.260368,6.4,14.3,2100.0
2026-02-08T09:20:47.760805,4.9,14.3,2100.0
2026-02-08T09:20:48.261651,6.9,14.3,2100.0
2026-02-08T09:20:48.762166,5.4,14.3,2100.0
2026-02-08T09:20:49.263025,6.3,14.3,2100.0
2026-02-08T09:20:49.763862,4.4,14.3,2100.0
2026-02-08T09:20:50.266089,6.3,14.3,2100.0
2026-02-08T09:20:50.766599,5.4,14.3,2100.0
2026-02-08T09:20:51.267457,3.9,14.3,2100.0
2026-02-08T09:20:51.768244,6.1,14.3,2100.0
2026-02-08T09:20:52.269016,4.5,14.3,2100.0
2026-02-08T09:20:52.770122,5.4,14.3,2100.0
2026-02-08T09:20:53.270871,4.4,14.3,2100.0
2026-02-08T09:20:53.771479,3.8,14.3,2100.0
2026-02-08T09:20:54.271923,5.3,14.3,2100.0
2026-02-08T09:20:54.772519,5.6,14.3,2100.0
2026-02-08T09:20:55.272948,4.5,14.3,2100.0
2026-02-08T09:20:55.773414,4.7,14.3,2100.0
2026-02-08T09:20:56.273770,4.8,14.3,2100.0
2026-02-08T09:20:56.774559,7.0,14.3,2100.0
2026-02-08T09:20:57.275213,5.3,14.3,2100.0
2026-02-08T09:20:57.775910,8.5,14.4,2100.0
2026-02-08T09:20:58.276763,6.3,14.4,2100.0
2026-02-08T09:20:58.777551,3.4,14.3,2100.0
2026-02-08T09:20:59.277952,3.9,14.3,2100.0
2026-02-08T09:20:59.779571,2.9,14.3,2100.0
2026-02-08T09:21:00.280023,3.4,14.3,2100.0
2026-02-08T09:21:00.780558,7.8,14.3,2100.0
2026-02-08T09:21:01.281013,4.1,14.3,2100.0
2026-02-08T09:21:01.781610,5.5,14.3,2100.0
2026-02-08T09:21:02.282552,5.8,14.3,2100.0
2026-02-08T09:21:02.783415,5.0,14.3,2100.0
2026-02-08T09:21:03.287619,4.8,14.3,2100.0
2026-02-08T09:21:03.788664,3.7,14.3,2100.0
2026-02-08T09:21:04.289486,3.5,14.3,2100.0
2026-02-08T09:21:04.790359,7.6,14.3,2100.0
2026-02-08T09:21:05.291094,4.3,14.3,2100.0
2026-02-08T09:21:05.791918,5.2,14.3,2100.0
2026-02-08T09:21:06.292998,3.3,14.3,2100.0
2026-02-08T09:21:06.793513,6.6,14.3,2100.0
2026-02-08T09:21:07.293910,5.3,14.3,2100.0
2026-02-08T09:21:07.794504,10.2,14.3,2100.0
2026-02-08T09:21:08.295277,2.9,14.3,2100.0
2026-02-08T09:21:08.795668,5.3,14.3,2100.0
2026-02-08T09:21:09.296278,4.1,14.3,2100.0
2026-02-08T09:21:09.797493,7.8,14.3,2100.0
2026-02-08T09:21:10.298218,6.2,14.3,2100.0
2026-02-08T09:21:10.798643,9.6,14.3,2100.0
2026-02-08T09:21:11.300283,7.1,14.3,2100.0
2026-02-08T09:21:11.801029,5.0,14.3,2100.0
2026-02-08T09:21:12.301462,6.5,14.3,2100.0
2026-02-08T09:21:12.802117,7.9,14.3,2100.0
2026-02-08T09:21:13.302568,5.5,14.3,2100.0
2026-02-08T09:21:13.803188,9.8,14.3,2100.0
2026-02-08T09:21:14.303708,4.6,14.3,2100.0
2026-02-08T09:21:14.804452,12.4,14.3,2100.0
2026-02-08T09:21:15.305247,4.4,14.3,2100.0
2026-02-08T09:21:15.806094,5.3,14.3,2100.0
2026-02-08T09:21:16.306639,3.9,14.3,2100.0
2026-02-08T09:21:16.807369,4.9,14.3,2100.0
2026-02-08T09:21:17.307820,5.7,14.3,2100.0
2026-02-08T09:21:17.808909,11.0,14.3,2100.0
2026-02-08T09:21:18.309558,5.3,14.3,2100.0
2026-02-08T09:21:18.810391,6.7,14.3,2100.0
2026-02-08T09:21:19.312354,2.7,14.3,2100.0
2026-02-08T09:21:19.812784,5.4,14.3,2100.0
2026-02-08T09:21:20.313299,4.5,14.3,2100.0
2026-02-08T09:21:20.814849,6.9,14.3,2100.0
2026-02-08T09:21:21.315256,3.3,14.3,2100.0
2026-02-08T09:21:21.815765,5.0,14.3,2100.0
2026-02-08T09:21:22.316635,5.1,14.3,2100.0
2026-02-08T09:21:22.817319,6.7,14.3,2100.0
2026-02-08T09:21:23.318196,6.1,14.3,2100.0
2026-02-08T09:21:23.819180,4.7,14.3,2100.0
2026-02-08T09:21:24.319854,5.2,14.3,2100.0
2026-02-08T09:21:24.820305,7.2,14.3,2100.0
2026-02-08T09:21:25.320731,3.0,14.3,2100.0
2026-02-08T09:21:25.821256,9.9,14.3,2100.0
2026-02-08T09:21:26.322007,3.7,14.3,2100.0
2026-02-08T09:21:26.822662,6.1,14.3,2100.0
2026-02-08T09:21:27.325817,4.0,14.3,2100.0
2026-02-08T09:21:27.826335,5.2,14.3,2100.0
2026-02-08T09:21:28.327631,3.2,14.3,2100.0
2026-02-08T09:21:28.829606,6.7,14.3,2100.0
2026-02-08T09:21:29.330395,3.3,14.3,2100.0
2026-02-08T09:21:29.831328,4.7,14.3,2100.0
2026-02-08T09:21:30.332846,5.5,14.3,2100.0
2026-02-08T09:21:30.833996,4.7,14.3,2100.0
2026-02-08T09:21:31.334601,4.9,14.3,2100.0
2026-02-08T09:21:31.835385,5.4,14.3,2100.0
2026-02-08T09:21:32.337395,5.0,14.3,2100.0
2026-02-08T09:21:32.837833,11.7,14.3,2100.0
2026-02-08T09:21:33.338647,4.7,14.3,2100.0
2026-02-08T09:21:33.839157,6.1,14.3,2100.0
2026-02-08T09:21:34.339588,7.0,14.3,2100.0
2026-02-08T09:21:34.840048,6.3,14.3,2100.0
2026-02-08T09:21:35.340871,6.0,14.3,2100.0
2026-02-08T09:21:35.841688,6.7,14.3,2100.0
2026-02-08T09:21:36.342172,3.4,14.3,2100.0
2026-02-08T09:21:36.842530,4.0,14.3,2100.0
2026-02-08T09:21:37.344308,6.9,14.3,2100.0
2026-02-08T09:21:37.845254,5.2,14.3,2100.0
2026-02-08T09:21:38.345950,4.1,14.3,2100.0
2026-02-08T09:21:38.847170,4.4,14.3,2100.0
2026-02-08T09:21:39.347996,6.3,14.3,2100.0
2026-02-08T09:21:39.848766,4.9,14.3,2100.0
2026-02-08T09:21:40.349351,5.5,14.3,2100.0
2026-02-08T09:21:40.850311,3.9,14.3,2100.0
2026-02-08T09:21:41.351178,5.9,14.3,2100.0
2026-02-08T09:21:41.851900,2.9,14.3,2100.0
2026-02-08T09:21:42.352426,7.3,14.3,2100.0
2026-02-08T09:21:42.853141,4.8,14.3,2100.0
2026-02-08T09:21:43.353536,3.9,14.3,2100.0
2026-02-08T09:21:43.854042,4.6,14.3,2100.0
2026-02-08T09:21:44.354852,3.4,14.3,2100.0
2026-02-08T09:21:44.855458,5.7,14.3,2100.0
2026-02-08T09:21:45.356582,4.4,14.3,2100.0
2026-02-08T09:21:45.857707,3.8,14.3,2100.0
2026-02-08T09:21:46.358511,5.2,14.3,2100.0
2026-02-08T09:21:46.859816,3.5,14.3,2100.0
2026-02-08T09:21:47.360492,4.6,14.3,2100.0
2026-02-08T09:21:47.861854,3.2,14.3,2100.0
2026-02-08T09:21:48.362275,5.8,14.3,2100.0
2026-02-08T09:21:48.862977,8.6,14.3,2100.0
2026-02-08T09:21:49.364488,8.2,14.3,2100.0
2026-02-08T09:21:49.865230,5.7,14.3,2100.0
2026-02-08T09:21:50.365698,3.2,14.3,2100.0
2026-02-08T09:21:50.866735,5.3,14.3,2100.0
2026-02-08T09:21:51.367297,6.7,14.3,2100.0
2026-02-08T09:21:51.867720,5.8,14.3,2100.0
2026-02-08T09:21:52.368499,5.4,14.3,2100.0
2026-02-08T09:21:52.869170,5.3,14.3,2100.0
2026-02-08T09:21:53.369898,4.7,14.3,2100.0
2026-02-08T09:21:53.870483,7.1,14.3,2100.0
2026-02-08T09:21:54.370929,3.6,14.3,2100.0
2026-02-08T09:21:54.871465,5.4,14.3,2100.0
2026-02-08T09:21:55.371899,3.2,14.3,2100.0
2026-02-08T09:21:55.872692,6.5,14.3,2100.0
2026-02-08T09:21:56.373529,5.2,14.3,2100.0
2026-02-08T09:21:56.873907,6.3,14.3,2100.0
2026-02-08T09:21:57.374755,4.3,14.3,2100.0
2026-02-08T09:21:57.876426,7.3,14.3,2100.0
2026-02-08T09:21:58.378223,6.4,14.3,2100.0
2026-02-08T09:21:58.879458,5.9,14.3,2100.0
2026-02-08T09:21:59.380100,4.4,14.3,2100.0
2026-02-08T09:21:59.880765,5.6,14.3,2100.0
2026-02-08T09:22:00.381682,6.5,14.3,2100.0
2026-02-08T09:22:00.882249,4.9,14.3,2100.0
2026-02-08T09:22:01.382652,4.5,14.3,2100.0
2026-02-08T09:22:01.883025,4.8,14.3,2100.0
2026-02-08T09:22:02.383793,7.3,14.3,2100.0
2026-02-08T09:22:02.884621,5.6,14.3,2100.0
2026-02-08T09:22:03.385299,4.3,14.3,2100.0
2026-02-08T09:22:03.886106,6.2,14.3,2100.0
2026-02-08T09:22:04.387094,4.0,14.3,2100.0
2026-02-08T09:22:04.887734,5.8,14.3,2100.0
2026-02-08T09:22:05.388480,4.5,14.3,2100.0
2026-02-08T09:22:05.889265,5.2,14.3,2100.0
2026-02-08T09:22:06.389736,4.7,14.3,2100.0
2026-02-08T09:22:06.890479,6.7,14.3,2100.0
2026-02-08T09:22:07.390898,6.1,14.3,2100.0
2026-02-08T09:22:07.891687,6.5,14.3,2100.0
2026-02-08T09:22:08.392712,2.8,14.3,2100.0
2026-02-08T09:22:08.893397,5.0,14.3,2100.0
2026-02-08T09:22:09.394228,2.7,14.3,2100.0
2026-02-08T09:22:09.894763,4.8,14.3,2100.0
2026-02-08T09:22:10.395795,6.2,14.3,2100.0
2026-02-08T09:22:10.896894,5.0,14.3,2100.0
2026-02-08T09:22:11.397356,4.4,14.3,2100.0
2026-02-08T09:22:11.898257,5.2,14.3,2100.0
2026-02-08T09:22:12.398867,3.9,14.3,2100.0
2026-02-08T09:22:12.899277,7.7,14.3,2100.0
2026-02-08T09:22:13.400211,5.4,14.3,2100.0
2026-02-08T09:22:13.900994,7.4,14.3,2100.0
2026-02-08T09:22:14.401580,5.9,14.3,2100.0
2026-02-08T09:22:14.902314,4.6,14.3,2100.0
2026-02-08T09:22:15.403078,6.0,14.3,2100.0
2026-02-08T09:22:15.903876,4.5,14.3,2100.0
2026-02-08T09:22:16.404313,4.7,14.3,2100.0
2026-02-08T09:22:16.905407,8.6,14.3,2100.0
2026-02-08T09:22:17.406018,7.2,14.3,2100.0
2026-02-08T09:22:17.907060,7.6,14.3,2100.0
2026-02-08T09:22:18.407854,6.8,14.3,2100.0
2026-02-08T09:22:18.908407,6.2,14.3,2100.0
2026-02-08T09:22:19.408882,5.0,14.3,2100.0
2026-02-08T09:22:19.909622,5.2,14.3,2100.0
2026-02-08T09:22:20.411648,5.0,14.3,2100.0
2026-02-08T09:22:20.912307,5.8,14.3,2100.0
2026-02-08T09:22:21.412960,8.5,14.3,2100.0
2026-02-08T09:22:21.913706,9.1,14.3,2100.0
2026-02-08T09:22:22.414259,4.2,14.3,2100.0
2026-02-08T09:22:22.915039,4.6,14.3,2100.0
2026-02-08T09:22:23.415499,5.4,14.3,2100.0
2026-02-08T09:22:23.916023,4.2,14.3,2100.0
2026-02-08T09:22:24.416484,7.8,14.3,2100.0
2026-02-08T09:22:24.917135,5.9,14.3,2100.0
2026-02-08T09:22:25.417842,5.7,14.3,2100.0
2026-02-08T09:22:25.918432,5.6,14.3,2100.0
2026-02-08T09:22:26.419487,4.5,14.3,2100.0
2026-02-08T09:22:26.920184,4.2,14.3,2100.0
2026-02-08T09:22:27.420880,8.0,14.3,2100.0
2026-02-08T09:22:27.921374,12.1,14.3,2100.0
2026-02-08T09:22:28.422317,6.6,14.3,2100.0
2026-02-08T09:22:28.923030,3.9,14.3,2100.0
2026-02-08T09:22:29.423698,5.3,14.3,2100.0
2026-02-08T09:22:29.924354,3.4,14.3,2100.0
2026-02-08T09:22:30.424967,7.3,14.3,2100.0
2026-02-08T09:22:30.926453,2.4,14.3,2100.0
2026-02-08T09:22:31.426893,3.8,14.3,2100.0
2026-02-08T09:22:31.927339,4.2,14.3,2100.0
2026-02-08T09:22:32.429606,2.9,14.3,2100.0
2026-02-08T09:22:32.930359,6.8,14.3,2100.0
2026-02-08T09:22:33.430898,5.8,14.3,2100.0
2026-02-08T09:22:33.931702,6.5,14.3,2100.0
2026-02-08T09:22:34.432512,4.3,14.3,2100.0
2026-02-08T09:22:34.932960,6.9,14.3,2100.0
2026-02-08T09:22:35.433554,2.9,14.3,2100.0
2026-02-08T09:22:35.934233,5.7,14.3,2100.0
2026-02-08T09:22:36.435149,3.6,14.3,2100.0
2026-02-08T09:22:36.935685,10.6,14.3,2100.0
2026-02-08T09:22:37.436233,3.7,14.3,2100.0
2026-02-08T09:22:37.936709,8.7,14.3,2100.0
2026-02-08T09:22:38.437148,3.4,14.3,2100.0
2026-02-08T09:22:38.938093,8.5,14.3,2100.0
2026-02-08T09:22:39.438909,5.0,14.3,2100.0
2026-02-08T09:22:39.939820,7.4,14.3,2100.0
2026-02-08T09:22:40.440877,3.9,14.3,2100.0
2026-02-08T09:22:40.941254,6.0,14.3,2100.0
2026-02-08T09:22:41.441980,2.8,14.3,2100.0
2026-02-08T09:22:41.943303,4.2,14.3,2100.0
2026-02-08T09:22:42.443858,6.1,14.3,2100.0
2026-02-08T09:22:42.944700,5.2,14.3,2100.0
2026-02-08T09:22:43.445168,6.3,14.3,2100.0
2026-02-08T09:22:43.945812,5.3,14.3,2100.0
2026-02-08T09:22:44.447326,5.0,14.3,2100.0
2026-02-08T09:22:44.947757,5.0,14.3,2100.0
2026-02-08T09:22:45.448287,8.8,14.3,2100.0
2026-02-08T09:22:45.949060,4.6,14.3,2100.0
2026-02-08T09:22:46.449703,5.5,14.3,2100.0
2026-02-08T09:22:46.950386,4.1,14.3,2100.0
2026-02-08T09:22:47.451055,4.5,14.3,2100.0
2026-02-08T09:22:47.951934,9.9,14.3,2100.0
2026-02-08T09:22:48.452540,7.9,14.3,2100.0
2026-02-08T09:22:48.953377,4.2,14.3,2100.0
2026-02-08T09:22:49.454689,5.2,14.3,2100.0
2026-02-08T09:22:49.955223,3.2,14.3,2100.0
2026-02-08T09:22:50.456053,4.3,14.3,2100.0
2026-02-08T09:22:50.959598,6.0,14.3,2100.0
2026-02-08T09:22:51.462722,4.6,14.3,2100.0
2026-02-08T09:22:51.963263,4.2,14.3,2100.0
2026-02-08T09:22:52.463616,5.4,14.3,2100.0
2026-02-08T09:22:52.964094,6.3,14.3,2100.0
2026-02-08T09:22:53.464839,5.8,14.3,2100.0
2026-02-08T09:22:53.965654,5.0,14.3,2100.0
2026-02-08T09:22:54.466264,5.1,14.3,2100.0
2026-02-08T09:22:54.966957,4.5,14.3,2100.0
2026-02-08T09:22:55.467362,4.2,14.3,2100.0
2026-02-08T09:22:55.967749,6.4,14.3,2100.0
2026-02-08T09:22:56.468275,4.5,14.3,2100.0
2026-02-08T09:22:56.968988,4.4,14.3,2100.0
2026-02-08T09:22:57.469788,4.3,14.3,2100.0
2026-02-08T09:22:57.970765,5.8,14.3,2100.0
2026-02-08T09:22:58.471342,6.4,14.3,2100.0
2026-02-08T09:22:58.972278,7.0,14.3,2100.0
2026-02-08T09:22:59.472861,7.8,14.3,2100.0
2026-02-08T09:22:59.973571,3.4,14.3,2100.0
2026-02-08T09:23:00.474386,6.4,14.3,2100.0
2026-02-08T09:23:00.975487,5.5,14.3,2100.0
2026-02-08T09:23:01.476401,4.5,14.3,2100.0
2026-02-08T09:23:01.977125,4.8,14.3,2100.0
2026-02-08T09:23:02.478082,4.6,14.3,2100.0
2026-02-08T09:23:02.979144,7.8,14.3,2100.0
2026-02-08T09:23:03.479795,4.9,14.3,2100.0
2026-02-08T09:23:03.980516,6.7,14.3,2100.0
2026-02-08T09:23:04.481381,7.0,14.3,2100.0
2026-02-08T09:23:04.982288,4.4,14.3,2100.0
2026-02-08T09:23:05.483033,5.2,14.3,2100.0
2026-02-08T09:23:05.983878,4.5,14.3,2100.0
2026-02-08T09:23:06.484727,5.1,14.3,2100.0
2026-02-08T09:23:06.985460,5.5,14.3,2100.0
2026-02-08T09:23:07.486900,5.3,14.3,2100.0
2026-02-08T09:23:07.987583,6.5,14.3,2100.0
2026-02-08T09:23:08.488012,6.1,14.3,2100.0
2026-02-08T09:23:08.988561,2.9,14.3,2100.0
2026-02-08T09:23:09.490349,5.5,14.3,2100.0
2026-02-08T09:23:09.991285,2.6,14.3,2100.0
2026-02-08T09:23:10.491705,7.3,14.3,2100.0
2026-02-08T09:23:10.993348,3.3,14.3,2100.0
2026-02-08T09:23:11.493798,5.8,14.3,2100.0
2026-02-08T09:23:11.994183,3.7,14.3,2100.0
2026-02-08T09:23:12.494593,7.0,14.3,2100.0
2026-02-08T09:23:12.995405,4.7,14.3,2100.0
2026-02-08T09:23:13.496291,4.5,14.3,2100.0
2026-02-08T09:23:13.996799,2.8,14.3,2100.0
2026-02-08T09:23:14.497195,5.1,14.3,2100.0
2026-02-08T09:23:14.998088,4.2,14.3,2100.0
2026-02-08T09:23:15.499164,5.0,14.3,2100.0
2026-02-08T09:23:15.999992,3.1,14.3,2100.0
2026-02-08T09:23:16.500617,3.7,14.3,2100.0
2026-02-08T09:23:17.001282,5.6,14.3,2100.0
2026-02-08T09:23:17.501733,5.5,14.3,2100.0
2026-02-08T09:23:18.002501,4.8,14.3,2100.0
2026-02-08T09:23:18.503213,7.2,14.3,2100.0
2026-02-08T09:23:19.003539,5.7,14.3,2100.0
2026-02-08T09:23:19.504490,7.9,14.3,2100.0
2026-02-08T09:23:20.005016,2.2,14.3,2100.0
2026-02-08T09:23:20.506193,7.6,14.3,2100.0
2026-02-08T09:23:21.008329,4.1,14.3,2100.0
2026-02-08T09:23:21.509249,3.8,14.3,2100.0
2026-02-08T09:23:22.010297,6.4,14.3,2100.0
2026-02-08T09:23:22.511362,5.8,14.3,2100.0
2026-02-08T09:23:23.011764,7.3,14.3,2100.0
2026-02-08T09:23:23.512543,5.7,14.3,2100.0
2026-02-08T09:23:24.013329,5.1,14.3,2100.0
2026-02-08T09:23:24.513922,5.5,14.3,2100.0
2026-02-08T09:23:25.014674,5.5,14.3,2100.0
2026-02-08T09:23:25.515588,6.0,14.3,2100.0
2026-02-08T09:23:26.015950,5.4,14.3,2100.0
2026-02-08T09:23:26.516678,7.7,14.3,2100.0
2026-02-08T09:23:27.017639,4.7,14.3,2100.0
2026-02-08T09:23:27.518437,4.9,14.3,2100.0
2026-02-08T09:23:28.019470,5.0,14.3,2100.0
2026-02-08T09:23:28.520003,7.0,14.3,2100.0
2026-02-08T09:23:29.020854,4.5,14.3,2100.0
2026-02-08T09:23:29.522720,6.1,14.3,2100.0
2026-02-08T09:23:30.023452,2.4,14.3,2100.0
2026-02-08T09:23:30.523969,5.0,14.3,2100.0
2026-02-08T09:23:31.026405,6.5,14.3,2100.0
2026-02-08T09:23:31.526884,4.2,14.3,2100.0
2026-02-08T09:23:32.027739,3.7,14.3,2100.0
2026-02-08T09:23:32.528412,4.9,14.3,2100.0
2026-02-08T09:23:33.029067,7.0,14.3,2100.0
2026-02-08T09:23:33.529915,4.6,14.3,2100.0
2026-02-08T09:23:34.030753,7.2,14.3,2100.0
2026-02-08T09:23:34.531362,7.4,14.3,2100.0
2026-02-08T09:23:35.032219,5.7,14.3,2100.0
2026-02-08T09:23:35.532717,4.3,14.3,2100.0
2026-02-08T09:23:36.033410,3.3,14.3,2100.0
2026-02-08T09:23:36.533917,4.4,14.3,2100.0
2026-02-08T09:23:37.034673,6.4,14.3,2100.0
2026-02-08T09:23:37.535659,4.8,14.3,2100.0
2026-02-08T09:23:38.036681,7.9,14.3,2100.0
2026-02-08T09:23:38.537157,3.3,14.3,2100.0
2026-02-08T09:23:39.037737,4.3,14.3,2100.0
2026-02-08T09:23:39.538489,2.8,14.3,2100.0
2026-02-08T09:23:40.039398,4.5,14.3,2100.0
2026-02-08T09:23:40.540691,4.4,14.3,2100.0
2026-02-08T09:23:41.041474,7.7,14.3,2100.0
2026-02-08T09:23:41.542279,4.4,14.3,2100.0
2026-02-08T09:23:42.043435,3.4,14.3,2100.0
2026-02-08T09:23:42.544027,6.8,14.3,2100.0
2026-02-08T09:23:43.044977,6.6,14.3,2100.0
2026-02-08T09:23:43.546230,5.2,14.3,2100.0
2026-02-08T09:23:44.046740,4.2,14.3,2100.0
2026-02-08T09:23:44.547383,7.1,14.3,2100.0
2026-02-08T09:23:45.048926,4.0,14.3,2100.0
2026-02-08T09:23:45.549258,7.8,14.3,2100.0
2026-02-08T09:23:46.049945,4.9,14.3,2100.0
2026-02-08T09:23:46.550471,5.5,14.3,2100.0
2026-02-08T09:23:47.051093,5.6,14.3,2100.0
2026-02-08T09:23:47.551961,6.8,14.3,2100.0
2026-02-08T09:23:48.052786,7.1,14.3,2100.0
2026-02-08T09:23:48.559704,9.6,14.3,2100.0
2026-02-08T09:23:49.060643,5.0,14.3,2100.0
2026-02-08T09:23:49.561262,10.8,14.3,2100.0
2026-02-08T09:23:50.061750,3.2,14.3,2100.0
2026-02-08T09:23:50.562380,9.1,14.3,2100.0
2026-02-08T09:23:51.063205,4.7,14.3,2100.0
2026-02-08T09:23:51.564121,6.7,14.3,2100.0
2026-02-08T09:23:52.064564,5.0,14.3,2100.0
2026-02-08T09:23:52.565010,3.7,14.3,2100.0
2026-02-08T09:23:53.066090,4.3,14.3,2100.0
2026-02-08T09:23:53.568351,5.0,14.3,2100.0
2026-02-08T09:23:54.069084,7.1,14.3,2100.0
2026-02-08T09:23:54.569775,5.6,14.3,2100.0
2026-02-08T09:23:55.070274,3.7,14.3,2100.0
2026-02-08T09:23:55.570811,6.8,14.3,2100.0
2026-02-08T09:23:56.073162,7.2,14.3,2100.0
2026-02-08T09:23:56.573627,5.4,14.3,2100.0
2026-02-08T09:23:57.074844,4.0,14.3,2100.0
2026-02-08T09:23:57.575915,6.5,14.3,2100.0
2026-02-08T09:23:58.076504,4.5,14.3,2100.0
2026-02-08T09:23:58.577373,5.6,14.3,2100.0
2026-02-08T09:23:59.078014,3.4,14.3,2100.0
2026-02-08T09:23:59.578491,10.3,14.3,2100.0
2026-02-08T09:24:00.080167,4.3,14.3,2100.0
2026-02-08T09:24:00.580991,5.4,14.3,2100.0
2026-02-08T09:24:01.081756,4.4,14.3,2100.0
2026-02-08T09:24:01.582174,6.5,14.3,2100.0
2026-02-08T09:24:02.083037,4.6,14.3,2100.0
2026-02-08T09:24:02.584301,4.5,14.3,2100.0
2026-02-08T09:24:03.084873,6.8,14.3,2100.0
2026-02-08T09:24:03.585519,5.1,14.3,2100.0
2026-02-08T09:24:04.086890,6.3,14.3,2100.0
2026-02-08T09:24:04.587494,5.5,14.3,2100.0
2026-02-08T09:24:05.088034,6.2,14.3,2100.0
2026-02-08T09:24:05.589695,5.7,14.3,2100.0
2026-02-08T09:24:06.090654,4.0,14.3,2100.0
2026-02-08T09:24:06.591507,3.5,14.3,2100.0
2026-02-08T09:24:07.092314,7.2,14.3,2100.0
2026-02-08T09:24:07.593109,8.7,14.3,2100.0
2026-02-08T09:24:08.093581,3.0,14.3,2100.0
2026-02-08T09:24:08.594547,6.3,14.3,2100.0
2026-02-08T09:24:09.095448,6.9,14.3,2100.0
2026-02-08T09:24:09.595949,5.3,14.3,2100.0
2026-02-08T09:24:10.096621,5.7,14.3,2100.0
2026-02-08T09:24:10.597383,5.2,14.3,2100.0
2026-02-08T09:24:11.097841,3.1,14.3,2100.0
2026-02-08T09:24:11.598441,6.6,14.3,2100.0
2026-02-08T09:24:12.099365,5.2,14.3,2100.0
2026-02-08T09:24:12.601136,4.5,14.3,2100.0
2026-02-08T09:24:13.101564,4.4,14.3,2100.0
2026-02-08T09:24:13.602284,7.6,14.3,2100.0
2026-02-08T09:24:14.102722,4.2,14.3,2100.0
2026-02-08T09:24:14.603406,7.0,14.3,2100.0
2026-02-08T09:24:15.104769,4.0,14.3,2100.0
2026-02-08T09:24:15.605725,5.3,14.3,2100.0
2026-02-08T09:24:16.106460,3.5,14.3,2100.0
2026-02-08T09:24:16.607290,5.2,14.3,2100.0
2026-02-08T09:24:17.107890,4.0,14.3,2100.0
2026-02-08T09:24:17.608580,8.0,14.3,2100.0
2026-02-08T09:24:18.109260,6.1,14.3,2100.0
2026-02-08T09:24:18.609745,6.5,14.3,2100.0
2026-02-08T09:24:19.110585,5.5,14.3,2100.0
2026-02-08T09:24:19.611491,4.0,14.3,2100.0
2026-02-08T09:24:20.112026,4.0,14.3,2100.0
2026-02-08T09:24:20.612491,3.1,14.3,2100.0
2026-02-08T09:24:21.113398,3.9,14.3,2100.0
2026-02-08T09:24:21.613856,2.5,14.3,2100.0
2026-02-08T09:24:22.114408,4.6,14.3,2100.0
2026-02-08T09:24:22.615209,5.4,14.3,2100.0
2026-02-08T09:24:23.115972,5.8,14.3,2100.0
2026-02-08T09:24:23.616657,4.8,14.3,2100.0
2026-02-08T09:24:24.117151,7.1,14.3,2100.0
2026-02-08T09:24:24.617842,4.0,14.3,2100.0
2026-02-08T09:24:25.119980,4.7,14.3,2100.0
2026-02-08T09:24:25.620974,4.6,14.3,2100.0
2026-02-08T09:24:26.122303,4.7,14.3,2100.0
2026-02-08T09:24:26.623223,6.2,14.3,2100.0
2026-02-08T09:24:27.124039,4.2,14.3,2100.0
2026-02-08T09:24:27.624481,5.0,14.3,2100.0
2026-02-08T09:24:28.125321,10.5,14.3,2100.0
2026-02-08T09:24:28.626126,5.1,14.3,2100.0
2026-02-08T09:24:29.126872,6.7,14.3,2100.0
2026-02-08T09:24:29.627640,4.0,14.3,2100.0
2026-02-08T09:24:30.128046,6.4,14.3,2100.0
2026-02-08T09:24:30.628588,7.9,14.3,2100.0
2026-02-08T09:24:31.129232,3.6,14.3,2100.0
2026-02-08T09:24:31.629819,3.7,14.3,2100.0
2026-02-08T09:24:32.132330,4.7,14.3,2100.0
2026-02-08T09:24:32.633281,4.9,14.3,2100.0
2026-02-08T09:24:33.134048,8.6,14.3,2100.0
2026-02-08T09:24:33.634785,4.0,14.3,2100.0
2026-02-08T09:24:34.135521,6.2,14.3,2100.0
2026-02-08T09:24:34.636618,5.7,14.3,2100.0
2026-02-08T09:24:35.137256,4.0,14.3,2100.0
2026-02-08T09:24:35.637836,6.2,14.3,2100.0
2026-02-08T09:24:36.139176,4.1,14.3,2100.0
2026-02-08T09:24:36.640919,5.5,14.3,2100.0
2026-02-08T09:24:37.141778,3.9,14.3,2100.0
2026-02-08T09:24:37.642424,6.2,14.3,2100.0
2026-02-08T09:24:38.143315,6.1,14.3,2100.0
2026-02-08T09:24:38.643767,5.6,14.3,2100.0
2026-02-08T09:24:39.144360,5.7,14.3,2100.0
2026-02-08T09:24:39.645145,4.4,14.3,2100.0
2026-02-08T09:24:40.145606,4.9,14.3,2100.0
2026-02-08T09:24:40.646327,9.0,14.3,2100.0
2026-02-08T09:24:41.147112,2.4,14.3,2100.0
2026-02-08T09:24:41.647697,2.6,14.3,2100.0
2026-02-08T09:24:42.148503,3.9,14.3,2100.0
2026-02-08T09:24:42.649077,4.1,14.3,2100.0
2026-02-08T09:24:43.149634,5.2,14.3,2100.0
2026-02-08T09:24:43.650519,4.3,14.4,2100.0
2026-02-08T09:24:44.151436,7.9,14.3,2100.0
2026-02-08T09:24:44.652552,9.1,14.3,2100.0
2026-02-08T09:24:45.153393,4.5,14.3,2100.0
2026-02-08T09:24:45.654241,6.0,14.3,2100.0
2026-02-08T09:24:46.154874,4.9,14.3,2100.0
2026-02-08T09:24:46.655462,4.0,14.3,2100.0
2026-02-08T09:24:47.156207,6.6,14.3,2100.0
2026-02-08T09:24:47.656865,6.1,14.3,2100.0
2026-02-08T09:24:48.157366,5.0,14.3,2100.0
2026-02-08T09:24:48.657803,3.5,14.3,2100.0
2026-02-08T09:24:49.158187,8.7,14.4,2100.0
2026-02-08T09:24:49.658644,5.3,14.4,2100.0
2026-02-08T09:24:50.159603,5.3,14.4,2100.0
2026-02-08T09:24:50.660472,7.1,14.4,2100.0
2026-02-08T09:24:51.160875,4.7,14.4,2100.0
2026-02-08T09:24:51.661754,7.6,14.4,2100.0
2026-02-08T09:24:52.162532,2.9,14.4,2100.0
2026-02-08T09:24:52.663189,6.3,14.4,2100.0
2026-02-08T09:24:53.163929,8.5,14.4,2100.0
2026-02-08T09:24:53.664587,7.4,14.4,2100.0
2026-02-08T09:24:54.165122,7.0,14.4,2100.0
2026-02-08T09:24:54.666102,9.3,14.4,2100.0
2026-02-08T09:24:55.166642,5.2,14.4,2100.0
2026-02-08T09:24:55.667082,7.7,14.4,2100.0
2026-02-08T09:24:56.167975,5.7,14.4,2100.0
2026-02-08T09:24:56.669287,4.3,14.4,2100.0
2026-02-08T09:24:57.169831,5.0,14.4,2100.0
2026-02-08T09:24:57.670426,5.2,14.4,2100.0
2026-02-08T09:24:58.171843,5.3,14.4,2100.0
2026-02-08T09:24:58.672212,3.9,14.4,2100.0
2026-02-08T09:24:59.172631,4.0,14.4,2100.0
2026-02-08T09:24:59.673878,6.5,14.4,2100.0
2026-02-08T09:25:00.175257,4.8,14.4,2100.0
2026-02-08T09:25:00.675785,3.5,14.4,2100.0
2026-02-08T09:25:01.176581,5.5,14.4,2100.0
2026-02-08T09:25:01.677143,4.3,14.4,2100.0
2026-02-08T09:25:02.177767,4.3,14.4,2100.0
2026-02-08T09:25:02.678162,4.6,14.3,2100.0
2026-02-08T09:25:03.178849,6.1,14.3,2100.0
2026-02-08T09:25:03.679598,5.2,14.3,2100.0
2026-02-08T09:25:04.184426,9.0,14.3,2100.0
2026-02-08T09:25:04.685163,5.6,14.3,2100.0
2026-02-08T09:25:05.186239,4.6,14.3,2100.0
2026-02-08T09:25:05.687164,5.1,14.3,2100.0
2026-02-08T09:25:06.187841,5.4,14.3,2100.0
2026-02-08T09:25:06.688545,4.5,14.3,2100.0
2026-02-08T09:25:07.189122,3.2,14.3,2100.0
2026-02-08T09:25:07.690037,4.4,14.3,2100.0
2026-02-08T09:25:08.190841,4.0,14.3,2100.0
2026-02-08T09:25:08.691525,5.5,14.3,2100.0
2026-02-08T09:25:09.192411,7.3,14.3,2100.0
2026-02-08T09:25:09.692814,5.7,14.3,2100.0
2026-02-08T09:25:10.193648,3.5,14.3,2100.0
2026-02-08T09:25:10.694105,4.4,14.3,2100.0
2026-02-08T09:25:11.194862,4.7,14.3,2100.0
2026-02-08T09:25:11.695677,3.8,14.3,2100.0
2026-02-08T09:25:12.196544,4.9,14.3,2100.0
2026-02-08T09:25:12.697727,5.6,14.3,2100.0
2026-02-08T09:25:13.198264,7.6,14.3,2100.0
2026-02-08T09:25:13.698998,4.3,14.3,2100.0
2026-02-08T09:25:14.199421,6.5,14.3,2100.0
2026-02-08T09:25:14.699996,6.3,14.3,2100.0
2026-02-08T09:25:15.201486,5.0,14.3,2100.0
2026-02-08T09:25:15.702223,4.4,14.3,2100.0
2026-02-08T09:25:16.202746,7.6,14.3,2100.0
2026-02-08T09:25:16.705199,8.0,14.3,2100.0
2026-02-08T09:25:17.205607,5.8,14.3,2100.0
2026-02-08T09:25:17.706216,2.9,14.3,2100.0
2026-02-08T09:25:18.207061,4.9,14.3,2100.0
2026-02-08T09:25:18.707636,6.1,14.3,2100.0
2026-02-08T09:25:19.210455,7.5,14.3,2100.0
2026-02-08T09:25:19.711251,7.2,14.3,2100.0
2026-02-08T09:25:20.211769,2.7,14.3,2100.0
2026-02-08T09:25:20.712116,7.3,14.3,2100.0
2026-02-08T09:25:21.212749,3.1,14.3,2100.0
2026-02-08T09:25:21.714071,6.3,14.3,2100.0
2026-02-08T09:25:22.215534,4.1,14.3,2100.0
2026-02-08T09:25:22.716423,6.7,14.3,2100.0
2026-02-08T09:25:23.217312,4.2,14.3,2100.0
2026-02-08T09:25:23.718785,5.3,14.3,2100.0
2026-02-08T09:25:24.219519,7.3,14.3,2100.0
2026-02-08T09:25:24.721127,5.0,14.3,2100.0
2026-02-08T09:25:25.221711,3.1,14.3,2100.0
2026-02-08T09:25:25.722553,3.9,14.3,2100.0
2026-02-08T09:25:26.223188,5.2,14.3,2100.0
2026-02-08T09:25:26.723777,5.4,14.3,2100.0
2026-02-08T09:25:27.224268,7.2,14.3,2100.0
2026-02-08T09:25:27.724741,3.9,14.3,2100.0
2026-02-08T09:25:28.225497,6.5,14.3,2100.0
2026-02-08T09:25:28.725883,8.1,14.3,2100.0
2026-02-08T09:25:29.226684,5.8,14.3,2100.0
2026-02-08T09:25:29.728054,6.8,14.3,2100.0
2026-02-08T09:25:30.228643,4.1,14.3,2100.0
2026-02-08T09:25:30.729030,5.4,14.3,2100.0
2026-02-08T09:25:31.230592,2.9,14.3,2100.0
2026-02-08T09:25:31.731374,4.7,14.3,2100.0
2026-02-08T09:25:32.232110,5.5,14.3,2100.0
2026-02-08T09:25:32.733865,5.2,14.3,2100.0
2026-02-08T09:25:33.234453,6.8,14.3,2100.0
2026-02-08T09:25:33.734967,7.1,14.3,2100.0
2026-02-08T09:25:34.237101,6.8,14.3,2100.0
2026-02-08T09:25:34.739272,9.6,14.3,2100.0
2026-02-08T09:25:35.239735,4.7,14.3,2100.0
2026-02-08T09:25:35.740586,5.7,14.3,2100.0
2026-02-08T09:25:36.241414,3.5,14.3,2100.0
2026-02-08T09:25:36.741766,5.6,14.3,2100.0
2026-02-08T09:25:37.242426,6.2,14.3,2100.0
2026-02-08T09:25:37.742877,6.4,14.3,2100.0
2026-02-08T09:25:38.243268,3.5,14.3,2100.0
2026-02-08T09:25:38.744274,6.2,14.3,2100.0
2026-02-08T09:25:39.244698,7.2,14.3,2100.0
2026-02-08T09:25:39.745043,6.9,14.3,2100.0
2026-02-08T09:25:40.245645,5.1,14.3,2100.0
2026-02-08T09:25:40.746192,4.6,14.3,2100.0
2026-02-08T09:25:41.246639,3.8,14.3,2100.0
2026-02-08T09:25:41.747240,5.6,14.3,2100.0
2026-02-08T09:25:42.247890,5.2,14.3,2100.0
2026-02-08T09:25:42.749779,9.3,14.3,2100.0
2026-02-08T09:25:43.250532,5.9,14.3,2100.0
2026-02-08T09:25:43.751554,4.5,14.3,2100.0
2026-02-08T09:25:44.252013,4.5,14.3,2100.0
2026-02-08T09:25:44.753254,4.6,14.3,2100.0
2026-02-08T09:25:45.254125,5.6,14.3,2100.0
2026-02-08T09:25:45.754833,4.4,14.3,2100.0
2026-02-08T09:25:46.255489,5.5,14.3,2100.0
2026-02-08T09:25:46.756525,3.2,14.3,2100.0
2026-02-08T09:25:47.257314,8.2,14.3,2100.0
2026-02-08T09:25:47.757750,7.8,14.3,2100.0
2026-02-08T09:25:48.258335,6.5,14.3,2100.0
2026-02-08T09:25:48.758871,4.5,14.3,2100.0
2026-02-08T09:25:49.259386,5.0,14.3,2100.0
2026-02-08T09:25:49.760255,3.8,14.3,2100.0
2026-02-08T09:25:50.260874,4.5,14.3,2100.0
2026-02-08T09:25:50.761774,4.7,14.3,2100.0
2026-02-08T09:25:51.262313,4.7,14.3,2100.0
2026-02-08T09:25:51.762777,7.9,14.3,2100.0
2026-02-08T09:25:52.263202,5.1,14.3,2100.0
2026-02-08T09:25:52.763598,4.1,14.3,2100.0
2026-02-08T09:25:53.264166,4.7,14.3,2100.0
2026-02-08T09:25:53.764919,6.2,14.3,2100.0
2026-02-08T09:25:54.265681,5.2,14.3,2100.0
2026-02-08T09:25:54.767058,4.8,14.3,2100.0
2026-02-08T09:25:55.268449,7.7,14.3,2100.0
2026-02-08T09:25:55.771498,4.8,14.3,2100.0
2026-02-08T09:25:56.272044,5.5,14.3,2100.0
2026-02-08T09:25:56.773989,6.0,14.3,2100.0
2026-02-08T09:25:57.274778,6.2,14.3,2100.0
2026-02-08T09:25:57.775613,7.2,14.3,2100.0
2026-02-08T09:25:58.276647,7.5,14.3,2100.0
2026-02-08T09:25:58.777394,5.0,14.3,2100.0
2026-02-08T09:25:59.277861,6.2,14.3,2100.0
2026-02-08T09:25:59.778709,4.0,14.3,2100.0
2026-02-08T09:26:00.279543,5.2,14.3,2100.0
2026-02-08T09:26:00.780331,4.9,14.3,2100.0
2026-02-08T09:26:01.280856,7.1,14.3,2100.0
2026-02-08T09:26:01.781363,4.1,14.3,2100.0
2026-02-08T09:26:02.281793,4.1,14.3,2100.0
2026-02-08T09:26:02.782824,3.6,14.3,2100.0
2026-02-08T09:26:03.283621,7.3,14.3,2100.0
2026-02-08T09:26:03.784444,5.9,14.3,2100.0
2026-02-08T09:26:04.285676,5.6,14.3,2100.0
2026-02-08T09:26:04.786549,4.9,14.3,2100.0
2026-02-08T09:26:05.287161,5.5,14.3,2100.0
2026-02-08T09:26:05.787899,4.2,14.3,2100.0
2026-02-08T09:26:06.288555,7.0,14.3,2100.0
2026-02-08T09:26:06.789129,5.8,14.3,2100.0
2026-02-08T09:26:07.290081,7.6,14.3,2100.0
2026-02-08T09:26:07.790692,9.0,14.3,2100.0
2026-02-08T09:26:08.291545,5.6,14.3,2100.0
2026-02-08T09:26:08.792106,4.7,14.3,2100.0
2026-02-08T09:26:09.292767,7.1,14.3,2100.0
2026-02-08T09:26:09.793521,7.1,14.3,2100.0
2026-02-08T09:26:10.294316,3.0,14.3,2100.0
2026-02-08T09:26:10.795103,5.6,14.3,2100.0
2026-02-08T09:26:11.295905,3.0,14.3,2100.0
2026-02-08T09:26:11.796355,9.4,14.3,2100.0
2026-02-08T09:26:12.297644,7.0,14.3,2100.0
2026-02-08T09:26:12.798921,3.4,14.3,2100.0
2026-02-08T09:26:13.299280,5.8,14.3,2100.0
2026-02-08T09:26:13.799813,4.2,14.3,2100.0
2026-02-08T09:26:14.300544,3.9,14.3,2100.0
2026-02-08T09:26:14.802942,9.3,14.3,2100.0
2026-02-08T09:26:15.303676,9.9,14.3,2100.0
2026-02-08T09:26:15.804561,8.2,14.3,2100.0
2026-02-08T09:26:16.305386,5.6,14.3,2100.0
2026-02-08T09:26:16.806114,7.8,14.3,2100.0
2026-02-08T09:26:17.306769,5.0,14.3,2100.0
2026-02-08T09:26:17.807584,5.5,14.3,2100.0
2026-02-08T09:26:18.308635,4.5,14.3,2100.0
2026-02-08T09:26:18.809277,4.3,14.3,2100.0
2026-02-08T09:26:19.309910,6.4,14.3,2100.0
2026-02-08T09:26:19.810520,7.4,14.3,2100.0
2026-02-08T09:26:20.311064,4.9,14.3,2100.0
2026-02-08T09:26:20.812119,4.5,14.3,2100.0
2026-02-08T09:26:21.313020,3.4,14.3,2100.0
2026-02-08T09:26:21.813540,5.0,14.3,2100.0
2026-02-08T09:26:22.314177,5.1,14.3,2100.0
2026-02-08T09:26:22.815775,11.4,14.3,2100.0
2026-02-08T09:26:23.316571,6.8,14.3,2100.0
2026-02-08T09:26:23.817050,5.3,14.3,2100.0
2026-02-08T09:26:24.318879,4.8,14.3,2100.0
2026-02-08T09:26:24.819581,6.4,14.3,2100.0
2026-02-08T09:26:25.320306,3.5,14.3,2100.0
2026-02-08T09:26:25.822360,4.3,14.3,2100.0
2026-02-08T09:26:26.323476,5.7,14.3,2100.0
2026-02-08T09:26:26.824265,6.0,14.3,2100.0
2026-02-08T09:26:27.324743,3.4,14.3,2100.0
2026-02-08T09:26:27.825600,5.9,14.3,2100.0
2026-02-08T09:26:28.326220,5.4,14.3,2100.0
2026-02-08T09:26:28.826833,7.1,14.3,2100.0
2026-02-08T09:26:29.327682,3.9,14.3,2100.0
2026-02-08T09:26:29.828655,7.8,14.3,2100.0
2026-02-08T09:26:30.329962,3.2,14.3,2100.0
2026-02-08T09:26:30.830612,7.4,14.3,2100.0
2026-02-08T09:26:31.331077,4.9,14.3,2100.0
2026-02-08T09:26:31.831638,5.1,14.3,2100.0
2026-02-08T09:26:32.333179,3.1,14.3,2100.0
2026-02-08T09:26:32.834190,3.9,14.3,2100.0
2026-02-08T09:26:33.334655,7.3,14.3,2100.0
2026-02-08T09:26:33.835222,5.7,14.3,2100.0
2026-02-08T09:26:34.335919,6.4,14.3,2100.0
2026-02-08T09:26:34.836353,5.9,14.3,2100.0
2026-02-08T09:26:35.336909,6.1,14.3,2100.0
2026-02-08T09:26:35.837846,6.9,14.3,2100.0
2026-02-08T09:26:36.338478,6.5,14.3,2100.0
2026-02-08T09:26:36.839496,4.6,14.3,2100.0
2026-02-08T09:26:37.340519,4.9,14.3,2100.0
2026-02-08T09:26:37.841392,3.9,14.3,2100.0
2026-02-08T09:26:38.341999,5.1,14.3,2100.0
2026-02-08T09:26:38.842404,5.7,14.3,2100.0
2026-02-08T09:26:39.343360,8.4,14.3,2100.0
2026-02-08T09:26:39.844355,4.8,14.3,2100.0
2026-02-08T09:26:40.344922,5.6,14.3,2100.0
2026-02-08T09:26:40.845567,4.5,14.3,2100.0
2026-02-08T09:26:41.346427,6.9,14.3,2100.0
2026-02-08T09:26:41.847092,3.7,14.3,2100.0
2026-02-08T09:26:42.347743,5.4,14.3,2100.0
2026-02-08T09:26:42.848569,5.2,14.3,2100.0
2026-02-08T09:26:43.349266,6.9,14.3,2100.0
2026-02-08T09:26:43.850792,5.4,14.3,2100.0
2026-02-08T09:26:44.353062,6.4,14.3,2100.0
2026-02-08T09:26:44.853624,4.9,14.3,2100.0
2026-02-08T09:26:45.354296,5.8,14.3,2100.0
2026-02-08T09:26:45.856969,5.2,14.3,2100.0
2026-02-08T09:26:46.357351,4.7,14.3,2100.0
2026-02-08T09:26:46.858106,5.3,14.3,2100.0
2026-02-08T09:26:47.359009,6.4,14.3,2100.0
2026-02-08T09:26:47.859572,5.6,14.3,2100.0
2026-02-08T09:26:48.360540,8.7,14.3,2100.0
2026-02-08T09:26:48.863026,3.1,14.3,2100.0
2026-02-08T09:26:49.363885,6.3,14.3,2100.0
2026-02-08T09:26:49.864420,5.7,14.3,2100.0
2026-02-08T09:26:50.365582,4.6,14.3,2100.0
2026-02-08T09:26:50.866145,2.7,14.3,2100.0
2026-02-08T09:26:51.366689,4.2,14.3,2100.0
2026-02-08T09:26:51.867639,3.0,14.3,2100.0
2026-02-08T09:26:52.368769,9.2,14.3,2100.0
2026-02-08T09:26:52.869211,3.8,14.3,2100.0
2026-02-08T09:26:53.369897,6.9,14.3,2100.0
2026-02-08T09:26:53.870308,5.2,14.3,2100.0
2026-02-08T09:26:54.370890,3.9,14.3,2100.0
2026-02-08T09:26:54.872085,3.8,14.3,2100.0
2026-02-08T09:26:55.372676,5.4,14.3,2100.0
2026-02-08T09:26:55.873670,5.0,14.3,2100.0
2026-02-08T09:26:56.374155,4.2,14.3,2100.0
2026-02-08T09:26:56.874977,5.2,14.3,2100.0
2026-02-08T09:26:57.376453,4.8,14.3,2100.0
2026-02-08T09:26:57.876954,5.8,14.3,2100.0
2026-02-08T09:26:58.377573,8.0,14.3,2100.0
2026-02-08T09:26:58.878207,6.5,14.3,2100.0
2026-02-08T09:26:59.378583,5.1,14.3,2100.0
2026-02-08T09:26:59.879741,6.3,14.3,2100.0
2026-02-08T09:27:00.380569,7.1,14.3,2100.0
2026-02-08T09:27:00.881244,5.4,14.3,2100.0
2026-02-08T09:27:01.382993,4.0,14.3,2100.0
2026-02-08T09:27:01.883719,4.5,14.3,2100.0
2026-02-08T09:27:02.384306,8.2,14.3,2100.0
2026-02-08T09:27:02.885191,3.3,14.3,2100.0
2026-02-08T09:27:03.386018,4.0,14.3,2100.0
2026-02-08T09:27:03.886461,4.4,14.3,2100.0
2026-02-08T09:27:04.387191,5.8,14.3,2100.0
2026-02-08T09:27:04.887774,4.3,14.3,2100.0
2026-02-08T09:27:05.388169,5.9,14.3,2100.0
2026-02-08T09:27:05.889196,6.1,14.3,2100.0
2026-02-08T09:27:06.389632,3.0,14.3,2100.0
2026-02-08T09:27:06.890509,3.4,14.3,2100.0
2026-02-08T09:27:07.391503,5.1,14.3,2100.0
2026-02-08T09:27:07.892145,4.5,14.3,2100.0
2026-02-08T09:27:08.392722,7.3,14.3,2100.0
2026-02-08T09:27:08.893362,6.2,14.3,2100.0
2026-02-08T09:27:09.394579,3.9,14.3,2100.0
2026-02-08T09:27:09.895189,5.1,14.3,2100.0
2026-02-08T09:27:10.396056,6.6,14.3,2100.0
2026-02-08T09:27:10.898384,5.1,14.3,2100.0
2026-02-08T09:27:11.398917,3.7,14.3,2100.0
2026-02-08T09:27:11.899647,7.4,14.3,2100.0
2026-02-08T09:27:12.400412,4.5,14.3,2100.0
2026-02-08T09:27:12.900903,4.4,14.3,2100.0
2026-02-08T09:27:13.401423,6.5,14.3,2100.0
2026-02-08T09:27:13.902224,7.7,14.3,2100.0
2026-02-08T09:27:14.402623,7.4,14.3,2100.0
2026-02-08T09:27:14.903313,6.3,14.3,2100.0
2026-02-08T09:27:15.403845,2.8,14.3,2100.0
2026-02-08T09:27:15.904495,4.7,14.3,2100.0
2026-02-08T09:27:16.405147,5.6,14.3,2100.0
2026-02-08T09:27:16.906230,5.7,14.3,2100.0
2026-02-08T09:27:17.406822,4.8,14.3,2100.0
2026-02-08T09:27:17.907539,3.9,14.3,2100.0
2026-02-08T09:27:18.408263,6.8,14.3,2100.0
2026-02-08T09:27:18.908711,4.4,14.3,2100.0
2026-02-08T09:27:19.409247,9.1,14.3,2100.0
2026-02-08T09:27:19.909744,7.1,14.3,2100.0
2026-02-08T09:27:20.410180,5.3,14.3,2100.0
2026-02-08T09:27:20.912150,9.3,14.3,2100.0
2026-02-08T09:27:21.412622,4.9,14.3,2100.0
2026-02-08T09:27:21.913080,5.5,14.3,2100.0
2026-02-08T09:27:22.413888,4.1,14.3,2100.0
2026-02-08T09:27:22.914916,8.0,14.3,2100.0
2026-02-08T09:27:23.415425,6.4,14.3,2100.0
2026-02-08T09:27:23.916156,3.8,14.3,2100.0
2026-02-08T09:27:24.416866,6.3,14.3,2100.0
2026-02-08T09:27:24.917217,7.1,14.3,2100.0
2026-02-08T09:27:25.418023,6.5,14.3,2100.0
2026-02-08T09:27:25.918607,5.8,14.3,2100.0
2026-02-08T09:27:26.419049,5.1,14.3,2100.0
2026-02-08T09:27:26.920101,4.5,14.3,2100.0
2026-02-08T09:27:27.420909,5.4,14.3,2100.0
2026-02-08T09:27:27.921435,4.0,14.3,2100.0
2026-02-08T09:27:28.422237,6.3,14.3,2100.0
2026-02-08T09:27:28.922844,4.9,14.3,2100.0
2026-02-08T09:27:29.423244,5.2,14.3,2100.0
2026-02-08T09:27:29.924047,5.0,14.3,2100.0
2026-02-08T09:27:30.425140,5.8,14.3,2100.0
2026-02-08T09:27:30.927516,5.0,14.3,2100.0
2026-02-08T09:27:31.428309,5.1,14.3,2100.0
2026-02-08T09:27:31.929705,4.4,14.3,2100.0
2026-02-08T09:27:32.430606,4.4,14.3,2100.0
2026-02-08T09:27:32.931168,4.9,14.3,2100.0
2026-02-08T09:27:33.431575,6.6,14.3,2100.0
2026-02-08T09:27:33.931899,3.1,14.3,2100.0
2026-02-08T09:27:34.432517,5.0,14.3,2100.0
2026-02-08T09:27:34.933162,3.4,14.3,2100.0
2026-02-08T09:27:35.434044,4.1,14.3,2100.0
2026-02-08T09:27:35.934638,3.8,14.3,2100.0
2026-02-08T09:27:36.435289,5.2,14.3,2100.0
2026-02-08T09:27:36.935830,5.4,14.3,2100.0
2026-02-08T09:27:37.436590,5.0,14.3,2100.0
2026-02-08T09:27:37.937526,4.1,14.3,2100.0
2026-02-08T09:27:38.437957,9.4,14.3,2100.0
2026-02-08T09:27:38.938537,5.7,14.3,2100.0
2026-02-08T09:27:39.439296,14.6,14.4,2100.0
2026-02-08T09:27:39.940508,10.5,14.4,2100.0
2026-02-08T09:27:40.442419,8.1,14.4,2100.0
2026-02-08T09:27:40.944552,4.5,14.4,2100.0
2026-02-08T09:27:41.445278,6.7,14.4,2100.0
2026-02-08T09:27:41.946802,4.6,14.4,2100.0
2026-02-08T09:27:42.447743,4.7,14.4,2100.0
2026-02-08T09:27:42.948472,4.7,14.4,2100.0
2026-02-08T09:27:43.449493,7.1,14.4,2100.0
2026-02-08T09:27:43.949926,6.3,14.4,2100.0
2026-02-08T09:27:44.450311,9.6,14.4,2100.0
2026-02-08T09:27:44.951400,3.9,14.4,2100.0
2026-02-08T09:27:45.454318,6.1,14.4,2100.0
2026-02-08T09:27:45.955377,4.1,14.4,2100.0
2026-02-08T09:27:46.456458,6.7,14.4,2100.0
2026-02-08T09:27:46.957268,7.9,14.4,2100.0
2026-02-08T09:27:47.460560,6.1,14.4,2100.0
2026-02-08T09:27:47.961688,4.6,14.4,2100.0
2026-02-08T09:27:48.462445,8.5,14.4,2100.0
2026-02-08T09:27:48.963227,4.8,14.4,2100.0
2026-02-08T09:27:49.464498,8.5,14.4,2100.0
2026-02-08T09:27:49.965006,4.4,14.4,2100.0
2026-02-08T09:27:50.468462,3.9,14.4,2100.0
2026-02-08T09:27:50.969292,4.6,14.4,2100.0
2026-02-08T09:27:51.470529,4.9,14.4,2100.0
2026-02-08T09:27:51.971242,4.3,14.4,2100.0
2026-02-08T09:27:52.471661,5.2,14.4,2100.0
2026-02-08T09:27:52.972356,3.8,14.4,2100.0
2026-02-08T09:27:53.473248,6.3,14.4,2100.0
2026-02-08T09:27:53.974244,4.5,14.4,2100.0
2026-02-08T09:27:54.475061,7.0,14.4,2100.0
2026-02-08T09:27:54.976606,4.8,14.4,2100.0
2026-02-08T09:27:55.477581,4.7,14.3,2100.0
2026-02-08T09:27:55.978376,5.0,14.4,2100.0
2026-02-08T09:27:56.479280,5.7,14.4,2100.0
2026-02-08T09:27:56.980145,4.5,14.4,2100.0
2026-02-08T09:27:57.480602,4.9,14.4,2100.0
2026-02-08T09:27:57.981415,3.4,14.4,2100.0
2026-02-08T09:27:58.482096,7.0,14.4,2100.0
2026-02-08T09:27:58.982879,3.1,14.4,2100.0
2026-02-08T09:27:59.483342,7.7,14.4,2100.0
2026-02-08T09:27:59.984126,5.9,14.4,2100.0
2026-02-08T09:28:00.484720,4.9,14.4,2100.0
2026-02-08T09:28:00.985409,3.8,14.4,2100.0
2026-02-08T09:28:01.485853,3.7,14.4,2100.0
2026-02-08T09:28:01.986244,4.0,14.4,2100.0
2026-02-08T09:28:02.486991,4.0,14.4,2100.0
2026-02-08T09:28:02.987878,4.6,14.4,2100.0
2026-02-08T09:28:03.488720,5.0,14.4,2100.0
2026-02-08T09:28:03.989779,4.0,14.4,2100.0
2026-02-08T09:28:04.490499,10.5,14.4,2100.0
2026-02-08T09:28:04.991282,5.1,14.4,2100.0
2026-02-08T09:28:05.491819,11.0,14.4,2100.0
2026-02-08T09:28:05.992740,6.1,14.4,2100.0
2026-02-08T09:28:06.494788,4.4,14.4,2100.0
2026-02-08T09:28:06.995885,5.6,14.4,2100.0
2026-02-08T09:28:07.496911,3.3,14.4,2100.0
2026-02-08T09:28:07.998277,4.6,14.4,2100.0
2026-02-08T09:28:08.498702,5.6,14.4,2100.0
2026-02-08T09:28:08.999835,3.8,14.4,2100.0
2026-02-08T09:28:09.500549,5.2,14.4,2100.0
2026-02-08T09:28:10.001433,4.9,14.3,2100.0
2026-02-08T09:28:10.502054,7.3,14.3,2100.0
2026-02-08T09:28:11.003357,6.0,14.3,2100.0
2026-02-08T09:28:11.504304,4.5,14.3,2100.0
2026-02-08T09:28:12.004833,6.6,14.3,2100.0
2026-02-08T09:28:12.506246,6.4,14.3,2100.0
2026-02-08T09:28:13.006954,5.8,14.3,2100.0
2026-02-08T09:28:13.507852,5.6,14.3,2100.0
2026-02-08T09:28:14.008880,4.0,14.3,2100.0
2026-02-08T09:28:14.509444,11.6,14.4,2100.0
2026-02-08T09:28:15.009825,3.3,14.4,2100.0
2026-02-08T09:28:15.510388,12.2,14.3,2100.0
2026-02-08T09:28:16.010953,4.3,14.3,2100.0
2026-02-08T09:28:16.512246,6.7,14.3,2100.0
2026-02-08T09:28:17.012897,4.3,14.3,2100.0
2026-02-08T09:28:17.513615,4.6,14.3,2100.0
2026-02-08T09:28:18.014252,3.8,14.4,2100.0
2026-02-08T09:28:18.514722,6.7,14.4,2100.0
2026-02-08T09:28:19.015158,3.6,14.4,2100.0
2026-02-08T09:28:19.515635,9.8,14.4,2100.0
2026-02-08T09:28:20.016513,2.9,14.3,2100.0
2026-02-08T09:28:20.517196,5.3,14.3,2100.0
2026-02-08T09:28:21.018172,5.7,14.3,2100.0
2026-02-08T09:28:21.518874,6.1,14.3,2100.0
2026-02-08T09:28:22.019887,6.8,14.3,2100.0
2026-02-08T09:28:22.520454,7.9,14.3,2100.0
2026-02-08T09:28:23.021491,4.7,14.3,2100.0
2026-02-08T09:28:23.522126,5.6,14.3,2100.0
2026-02-08T09:28:24.022631,4.2,14.3,2100.0
2026-02-08T09:28:24.523251,8.1,14.3,2100.0
2026-02-08T09:28:25.024156,3.8,14.3,2100.0
2026-02-08T09:28:25.524849,7.1,14.3,2100.0
2026-02-08T09:28:26.026725,4.7,14.4,2100.0
2026-02-08T09:28:26.527494,6.5,14.4,2100.0
2026-02-08T09:28:27.028026,6.4,14.4,2100.0
2026-02-08T09:28:27.529969,4.6,14.4,2100.0
2026-02-08T09:28:28.030416,4.4,14.4,2100.0
2026-02-08T09:28:28.531326,8.6,14.4,2100.0
2026-02-08T09:28:29.032189,5.9,14.4,2100.0
2026-02-08T09:28:29.532952,7.0,14.4,2100.0
2026-02-08T09:28:30.033604,3.5,14.4,2100.0
2026-02-08T09:28:30.534334,6.7,14.4,2100.0
2026-02-08T09:28:31.034775,3.9,14.4,2100.0
2026-02-08T09:28:31.535700,6.0,14.4,2100.0
2026-02-08T09:28:32.036157,6.9,14.4,2100.0
2026-02-08T09:28:32.537573,6.1,14.4,2100.0
2026-02-08T09:28:33.038429,5.4,14.4,2100.0
2026-02-08T09:28:33.539451,7.9,14.4,2100.0
2026-02-08T09:28:34.039965,4.1,14.4,2100.0
2026-02-08T09:28:34.541096,6.7,14.4,2100.0
2026-02-08T09:28:35.041982,4.9,14.4,2100.0
2026-02-08T09:28:35.543133,5.5,14.4,2100.0
2026-02-08T09:28:36.044532,4.5,14.4,2100.0
2026-02-08T09:28:36.545096,5.0,14.4,2100.0
2026-02-08T09:28:37.045905,4.0,14.4,2100.0
2026-02-08T09:28:37.546503,6.2,14.4,2100.0
2026-02-08T09:28:38.047247,5.4,14.4,2100.0
2026-02-08T09:28:38.547880,5.9,14.4,2100.0
2026-02-08T09:28:39.048469,7.5,14.4,2100.0
2026-02-08T09:28:39.548896,9.9,14.4,2100.0
2026-02-08T09:28:40.049658,3.5,14.4,2100.0
2026-02-08T09:28:40.550125,5.8,14.4,2100.0
2026-02-08T09:28:41.050540,3.1,14.4,2100.0
2026-02-08T09:28:41.550997,5.1,14.4,2100.0
2026-02-08T09:28:42.051597,4.8,14.4,2100.0
2026-02-08T09:28:42.552501,3.9,14.4,2100.0
2026-02-08T09:28:43.053363,2.4,14.4,2100.0
2026-02-08T09:28:43.554347,5.9,14.4,2100.0
2026-02-08T09:28:44.055087,6.1,14.4,2100.0
2026-02-08T09:28:44.555803,7.7,14.4,2100.0
2026-02-08T09:28:45.056715,6.1,14.4,2100.0
2026-02-08T09:28:45.557294,8.8,14.4,2100.0
2026-02-08T09:28:46.058583,6.9,14.4,2100.0
2026-02-08T09:28:46.559721,5.2,14.4,2100.0
2026-02-08T09:28:47.060314,3.3,14.4,2100.0
2026-02-08T09:28:47.561282,5.8,14.4,2100.0
2026-02-08T09:28:48.062200,4.4,14.4,2100.0
2026-02-08T09:28:48.562990,7.6,14.4,2100.0
2026-02-08T09:28:49.063422,5.9,14.4,2100.0
2026-02-08T09:28:49.564204,7.4,14.4,2100.0
2026-02-08T09:28:50.066011,4.9,14.4,2100.0
2026-02-08T09:28:50.566596,7.8,14.4,2100.0
2026-02-08T09:28:51.067380,7.1,14.4,2100.0
2026-02-08T09:28:51.567952,7.7,14.4,2100.0
2026-02-08T09:28:52.068333,4.0,14.4,2100.0
2026-02-08T09:28:52.569172,6.8,14.4,2100.0
2026-02-08T09:28:53.070726,3.7,14.4,2100.0
2026-02-08T09:28:53.571261,6.7,14.4,2100.0
2026-02-08T09:28:54.071925,4.1,14.4,2100.0
2026-02-08T09:28:54.572945,9.1,14.4,2100.0
2026-02-08T09:28:55.074152,3.2,14.4,2100.0
2026-02-08T09:28:55.575090,4.3,14.4,2100.0
2026-02-08T09:28:56.075788,4.7,14.4,2100.0
2026-02-08T09:28:56.577309,8.1,14.4,2100.0
2026-02-08T09:28:57.078047,3.9,14.3,2100.0
2026-02-08T09:28:57.578471,4.1,14.3,2100.0
2026-02-08T09:28:58.079085,6.0,14.3,2100.0
2026-02-08T09:28:58.579850,7.6,14.3,2100.0
2026-02-08T09:28:59.080385,2.5,14.3,2100.0
2026-02-08T09:28:59.580834,7.8,14.3,2100.0
2026-02-08T09:29:00.081538,2.7,14.3,2100.0
2026-02-08T09:29:00.582123,4.4,14.3,2100.0
2026-02-08T09:29:01.082830,2.8,14.3,2100.0
2026-02-08T09:29:01.583573,8.3,14.3,2100.0
2026-02-08T09:29:02.084619,3.1,14.3,2100.0
2026-02-08T09:29:02.585464,4.9,14.3,2100.0
2026-02-08T09:29:03.085991,5.0,14.3,2100.0
2026-02-08T09:29:03.586764,6.5,14.3,2100.0
2026-02-08T09:29:04.096377,3.7,14.3,2100.0
2026-02-08T09:29:04.597098,9.2,14.3,2100.0
2026-02-08T09:29:05.097466,3.4,14.3,2100.0
2026-02-08T09:29:05.598122,10.1,14.3,2100.0
2026-02-08T09:29:06.098737,3.5,14.3,2100.0
2026-02-08T09:29:06.599278,5.7,14.3,2100.0
2026-02-08T09:29:07.100230,3.9,14.3,2100.0
2026-02-08T09:29:07.600878,6.7,14.3,2100.0
2026-02-08T09:29:08.101685,4.1,14.3,2100.0
2026-02-08T09:29:08.602177,9.2,14.3,2100.0
2026-02-08T09:29:09.102889,2.3,14.3,2100.0
2026-02-08T09:29:09.603232,9.0,14.3,2100.0
2026-02-08T09:29:10.103728,3.8,14.3,2100.0
2026-02-08T09:29:10.604575,5.8,14.3,2100.0
2026-02-08T09:29:11.105701,4.3,14.3,2100.0
2026-02-08T09:29:11.606608,7.0,14.3,2100.0
2026-02-08T09:29:12.107160,5.2,14.3,2100.0
2026-02-08T09:29:12.608309,8.3,14.3,2100.0
2026-02-08T09:29:13.109111,4.6,14.3,2100.0
2026-02-08T09:29:13.610033,8.2,14.3,2100.0
2026-02-08T09:29:14.110744,3.9,14.3,2100.0
2026-02-08T09:29:14.611534,8.9,14.3,2100.0
2026-02-08T09:29:15.111948,5.0,14.3,2100.0
2026-02-08T09:29:15.612758,6.0,14.3,2100.0
2026-02-08T09:29:16.116571,8.2,14.3,2100.0
2026-02-08T09:29:16.617133,6.3,14.3,2100.0
2026-02-08T09:29:17.117811,4.3,14.3,2100.0
2026-02-08T09:29:17.618552,4.4,14.3,2100.0
2026-02-08T09:29:18.119370,4.3,14.3,2100.0
2026-02-08T09:29:18.620348,3.2,14.3,2100.0
2026-02-08T09:29:19.120776,5.7,14.3,2100.0
2026-02-08T09:29:19.621369,6.5,14.3,2100.0
2026-02-08T09:29:20.121914,5.1,14.3,2100.0
2026-02-08T09:29:20.623079,4.9,14.3,2100.0
2026-02-08T09:29:21.123556,4.6,14.3,2100.0
2026-02-08T09:29:21.624072,3.9,14.3,2100.0
2026-02-08T09:29:22.124872,2.9,14.3,2100.0
2026-02-08T09:29:22.625684,6.5,14.3,2100.0
2026-02-08T09:29:23.126589,3.6,14.3,2100.0
2026-02-08T09:29:23.627131,4.9,14.3,2100.0
2026-02-08T09:29:24.127614,4.8,14.3,2100.0
2026-02-08T09:29:24.628202,6.8,14.3,2100.0
2026-02-08T09:29:25.129000,5.5,14.3,2100.0
2026-02-08T09:29:25.629779,7.8,14.3,2100.0
2026-02-08T09:29:26.130540,3.9,14.3,2100.0
2026-02-08T09:29:26.631072,6.4,14.3,2100.0
2026-02-08T09:29:27.131630,3.4,14.3,2100.0
2026-02-08T09:29:27.632349,6.7,14.3,2100.0
2026-02-08T09:29:28.133378,3.6,14.3,2100.0
2026-02-08T09:29:28.634685,7.7,14.3,2100.0
2026-02-08T09:29:29.135632,4.7,14.3,2100.0
2026-02-08T09:29:29.638356,5.9,14.3,2100.0
2026-02-08T09:29:30.140879,5.1,14.3,2100.0
2026-02-08T09:29:30.641854,5.1,14.3,2100.0
2026-02-08T09:29:31.142569,4.6,14.3,2100.0
2026-02-08T09:29:31.643172,4.3,14.3,2100.0
2026-02-08T09:29:32.143648,8.8,14.3,2100.0
2026-02-08T09:29:32.644465,6.2,14.3,2100.0
2026-02-08T09:29:33.145376,5.1,14.3,2100.0
2026-02-08T09:29:33.646310,6.1,14.3,2100.0
2026-02-08T09:29:34.146821,4.5,14.3,2100.0
2026-02-08T09:29:34.647474,5.7,14.3,2100.0
2026-02-08T09:29:35.155979,10.5,14.3,2100.0
2026-02-08T09:29:35.656979,5.1,14.3,2100.0
2026-02-08T09:29:36.158329,6.3,14.3,2100.0
2026-02-08T09:29:36.659463,3.2,14.3,2100.0
2026-02-08T09:29:37.160181,5.1,14.3,2100.0
2026-02-08T09:29:37.660594,4.1,14.3,2100.0
2026-02-08T09:29:38.161536,6.7,14.3,2100.0
2026-02-08T09:29:38.662114,3.7,14.3,2100.0
2026-02-08T09:29:39.162724,5.2,14.3,2100.0
2026-02-08T09:29:39.663587,6.5,14.3,2100.0
2026-02-08T09:29:40.164119,7.5,14.3,2100.0
2026-02-08T09:29:40.664909,7.2,14.3,2100.0
2026-02-08T09:29:41.165388,3.5,14.3,2100.0
2026-02-08T09:29:41.665748,4.6,14.3,2100.0
2026-02-08T09:29:42.166284,6.2,14.3,2100.0
2026-02-08T09:29:42.667040,6.6,14.3,2100.0
2026-02-08T09:29:43.167966,3.5,14.3,2100.0
2026-02-08T09:29:43.668898,6.8,14.3,2100.0
2026-02-08T09:29:44.170037,5.8,14.3,2100.0
2026-02-08T09:29:44.670773,6.9,14.3,2100.0
2026-02-08T09:29:45.171404,6.0,14.3,2100.0
2026-02-08T09:29:45.671930,4.7,14.3,2100.0
2026-02-08T09:29:46.173547,5.4,14.3,2100.0
2026-02-08T09:29:46.673927,8.0,14.3,2100.0
2026-02-08T09:29:47.174391,3.2,14.3,2100.0
2026-02-08T09:29:47.675328,10.7,14.3,2100.0
2026-02-08T09:29:48.178422,2.9,14.3,2100.0
2026-02-08T09:29:48.678903,13.7,14.3,2100.0
2026-02-08T09:29:49.180682,3.1,14.3,2100.0
2026-02-08T09:29:49.681251,8.6,14.3,2100.0
2026-02-08T09:29:50.181833,3.9,14.3,2100.0
2026-02-08T09:29:50.682686,8.5,14.3,2100.0
2026-02-08T09:29:51.183165,5.1,14.3,2100.0
2026-02-08T09:29:51.683999,7.2,14.3,2100.0
2026-02-08T09:29:52.184768,3.8,14.3,2100.0
2026-02-08T09:29:52.685334,10.0,14.3,2100.0
2026-02-08T09:29:53.185920,7.6,14.3,2100.0
2026-02-08T09:29:53.686380,12.7,14.3,2100.0
2026-02-08T09:29:54.187567,5.9,14.3,2100.0
2026-02-08T09:29:54.689095,11.7,14.4,2100.0
2026-02-08T09:29:55.189637,3.9,14.4,2100.0
2026-02-08T09:29:55.690079,6.2,14.4,2100.0
2026-02-08T09:29:56.191022,6.4,14.4,2100.0
2026-02-08T09:29:56.691878,6.1,14.4,2100.0
2026-02-08T09:29:57.192717,4.5,14.4,2100.0
2026-02-08T09:29:57.693435,5.0,14.4,2100.0
2026-02-08T09:29:58.193809,4.2,14.4,2100.0
2026-02-08T09:29:58.694359,8.0,14.4,2100.0
2026-02-08T09:29:59.195286,3.1,14.4,2100.0
2026-02-08T09:29:59.695676,8.7,14.4,2100.0
2026-02-08T09:30:00.196878,4.5,14.4,2100.0
2026-02-08T09:30:00.697402,5.4,14.4,2100.0
2026-02-08T09:30:01.197908,5.7,14.4,2100.0
2026-02-08T09:30:01.698503,6.6,14.4,2100.0
2026-02-08T09:30:02.198866,3.7,14.4,2100.0
2026-02-08T09:30:02.700369,5.0,14.4,2100.0
2026-02-08T09:30:03.201096,4.0,14.4,2100.0
2026-02-08T09:30:03.702134,5.0,14.4,2100.0
2026-02-08T09:30:04.203333,5.1,14.4,2100.0
2026-02-08T09:30:04.704002,7.4,14.4,2100.0
2026-02-08T09:30:05.205534,4.7,14.4,2100.0
2026-02-08T09:30:05.706220,7.0,14.4,2100.0
2026-02-08T09:30:06.206647,4.7,14.4,2100.0
2026-02-08T09:30:06.707102,7.0,14.4,2100.0
2026-02-08T09:30:07.207907,3.6,14.4,2100.0
2026-02-08T09:30:07.708692,6.1,14.4,2100.0
2026-02-08T09:30:08.209486,4.1,14.4,2100.0
2026-02-08T09:30:08.709888,8.3,14.4,2100.0
2026-02-08T09:30:09.210355,3.9,14.4,2100.0
2026-02-08T09:30:09.710922,4.5,14.4,2100.0
2026-02-08T09:30:10.211706,3.1,14.4,2100.0
2026-02-08T09:30:10.712607,4.5,14.4,2100.0
2026-02-08T09:30:11.213452,4.3,14.4,2100.0
2026-02-08T09:30:11.713938,6.5,14.4,2100.0
2026-02-08T09:30:12.214768,6.0,14.4,2100.0
2026-02-08T09:30:12.716904,6.7,14.4,2100.0
2026-02-08T09:30:13.217857,3.9,14.4,2100.0
2026-02-08T09:30:13.718614,7.9,14.4,2100.0
2026-02-08T09:30:14.220036,7.8,14.4,2100.0
2026-02-08T09:30:14.720950,6.0,14.4,2100.0
2026-02-08T09:30:15.221532,5.4,14.4,2100.0
2026-02-08T09:30:15.722687,5.1,14.4,2100.0
2026-02-08T09:30:16.223410,4.2,14.4,2100.0
2026-02-08T09:30:16.725021,8.0,14.4,2100.0
2026-02-08T09:30:17.226148,6.7,14.4,2100.0
2026-02-08T09:30:17.727008,9.4,14.4,2100.0
2026-02-08T09:30:18.227860,5.0,14.4,2100.0
2026-02-08T09:30:18.728378,5.1,14.3,2100.0
2026-02-08T09:30:19.229080,4.7,14.3,2100.0
2026-02-08T09:30:19.729712,5.8,14.3,2100.0
2026-02-08T09:30:20.230273,5.0,14.3,2100.0
2026-02-08T09:30:20.730831,3.9,14.3,2100.0
2026-02-08T09:30:21.231759,5.7,14.3,2100.0
2026-02-08T09:30:21.732530,6.1,14.3,2100.0
2026-02-08T09:30:22.234341,2.8,14.3,2100.0
2026-02-08T09:30:22.735257,5.5,14.3,2100.0
2026-02-08T09:30:23.235933,4.8,14.3,2100.0
2026-02-08T09:30:23.736787,4.3,14.3,2100.0
2026-02-08T09:30:24.237873,4.7,14.3,2100.0
2026-02-08T09:30:24.738225,5.4,14.3,2100.0
2026-02-08T09:30:25.238659,9.0,14.3,2100.0
2026-02-08T09:30:25.739071,4.8,14.3,2100.0
2026-02-08T09:30:26.239636,6.8,14.3,2100.0
2026-02-08T09:30:26.740967,6.6,14.3,2100.0
2026-02-08T09:30:27.241470,5.9,14.3,2100.0
2026-02-08T09:30:27.742321,4.3,14.3,2100.0
2026-02-08T09:30:28.243348,4.8,14.3,2100.0
2026-02-08T09:30:28.744133,8.5,14.3,2100.0
2026-02-08T09:30:29.244618,5.9,14.3,2100.0
2026-02-08T09:30:29.745423,6.7,14.4,2100.0
2026-02-08T09:30:30.245875,3.0,14.4,2100.0
2026-02-08T09:30:30.746522,4.1,14.3,2100.0
2026-02-08T09:30:31.247357,6.3,14.3,2100.0
2026-02-08T09:30:31.759525,4.3,14.3,2100.0
2026-02-08T09:30:32.259892,5.2,14.3,2100.0
2026-02-08T09:30:32.760583,4.1,14.3,2100.0
2026-02-08T09:30:33.261011,5.1,14.3,2100.0
2026-02-08T09:30:33.761711,8.5,14.3,2100.0
2026-02-08T09:30:34.262421,7.4,14.3,2100.0
2026-02-08T09:30:34.762938,6.9,14.3,2100.0
2026-02-08T09:30:35.263378,3.6,14.3,2100.0
2026-02-08T09:30:35.764155,8.6,14.3,2100.0
2026-02-08T09:30:36.264901,4.5,14.3,2100.0
2026-02-08T09:30:36.765743,6.0,14.3,2100.0
2026-02-08T09:30:37.266560,4.1,14.3,2100.0
2026-02-08T09:30:37.767199,11.8,14.3,2100.0
2026-02-08T09:30:38.267923,3.7,14.3,2100.0
2026-02-08T09:30:38.768834,5.8,14.3,2100.0
2026-02-08T09:30:39.269387,4.2,14.3,2100.0
2026-02-08T09:30:39.770361,5.8,14.3,2100.0
2026-02-08T09:30:40.271141,5.4,14.3,2100.0
2026-02-08T09:30:40.771948,5.4,14.3,2100.0
2026-02-08T09:30:41.273686,4.7,14.3,2100.0
2026-02-08T09:30:41.774472,5.2,14.3,2100.0
2026-02-08T09:30:42.275191,3.9,14.3,2100.0
2026-02-08T09:30:42.776037,7.2,14.3,2100.0
2026-02-08T09:30:43.276687,5.6,14.3,2100.0
2026-02-08T09:30:43.777524,5.6,14.3,2100.0
2026-02-08T09:30:44.278560,3.6,14.3,2100.0
2026-02-08T09:30:44.779044,4.3,14.3,2100.0
2026-02-08T09:30:45.279561,5.0,14.3,2100.0
2026-02-08T09:30:45.780986,5.3,14.3,2100.0
2026-02-08T09:30:46.281919,7.1,14.3,2100.0
2026-02-08T09:30:46.782396,7.2,14.3,2100.0
2026-02-08T09:30:47.282945,3.1,14.3,2100.0
2026-02-08T09:30:47.784322,7.7,14.3,2100.0
2026-02-08T09:30:48.284995,5.5,14.3,2100.0
2026-02-08T09:30:48.785437,12.8,14.3,2100.0
2026-02-08T09:30:49.285978,2.9,14.3,2100.0
2026-02-08T09:30:49.786588,4.7,14.3,2100.0
2026-02-08T09:30:50.287201,3.5,14.3,2100.0
2026-02-08T09:30:50.788101,3.3,14.3,2100.0
2026-02-08T09:30:51.289343,3.7,14.3,2100.0
2026-02-08T09:30:51.789894,4.8,14.3,2100.0
2026-02-08T09:30:52.290677,4.4,14.3,2100.0
2026-02-08T09:30:52.791228,4.1,14.3,2100.0
2026-02-08T09:30:53.292122,3.7,14.3,2100.0
2026-02-08T09:30:53.792746,7.4,14.3,2100.0
2026-02-08T09:30:54.293545,4.7,14.3,2100.0
2026-02-08T09:30:54.794064,5.2,14.3,2100.0
2026-02-08T09:30:55.294775,3.7,14.3,2100.0
2026-02-08T09:30:55.795624,4.0,14.3,2100.0
2026-02-08T09:30:56.296265,6.0,14.3,2100.0
2026-02-08T09:30:56.797518,6.1,14.3,2100.0
2026-02-08T09:30:57.298207,6.1,14.3,2100.0
2026-02-08T09:30:57.798918,4.1,14.3,2100.0
2026-02-08T09:30:58.299736,5.0,14.3,2100.0
2026-02-08T09:30:58.800595,7.3,14.3,2100.0
2026-02-08T09:30:59.301203,8.8,14.3,2100.0
2026-02-08T09:30:59.802119,7.3,14.3,2100.0
2026-02-08T09:31:00.303215,4.4,14.3,2100.0
2026-02-08T09:31:00.804007,5.9,14.3,2100.0
2026-02-08T09:31:01.305001,4.9,14.3,2100.0
2026-02-08T09:31:01.806057,5.2,14.3,2100.0
2026-02-08T09:31:02.306570,3.7,14.3,2100.0
2026-02-08T09:31:02.807462,4.9,14.3,2100.0
2026-02-08T09:31:03.308267,4.0,14.3,2100.0
2026-02-08T09:31:03.808668,6.4,14.3,2100.0
2026-02-08T09:31:04.309174,4.2,14.3,2100.0
2026-02-08T09:31:04.809770,5.8,14.3,2100.0
2026-02-08T09:31:05.310521,4.0,14.3,2100.0
2026-02-08T09:31:05.811384,5.9,14.3,2100.0
2026-02-08T09:31:06.311851,6.5,14.3,2100.0
2026-02-08T09:31:06.812683,4.7,14.3,2100.0
2026-02-08T09:31:07.313498,3.7,14.3,2100.0
2026-02-08T09:31:07.814043,5.7,14.3,2100.0
2026-02-08T09:31:08.314487,6.8,14.3,2100.0
2026-02-08T09:31:08.815069,6.9,14.3,2100.0
2026-02-08T09:31:09.316592,5.0,14.4,2100.0
2026-02-08T09:31:09.817364,4.7,14.3,2100.0
2026-02-08T09:31:10.317763,6.1,14.3,2100.0
2026-02-08T09:31:10.818424,4.3,14.3,2100.0
2026-02-08T09:31:11.320520,4.9,14.3,2100.0
2026-02-08T09:31:11.821046,4.8,14.3,2100.0
2026-02-08T09:31:12.321681,5.9,14.3,2100.0
2026-02-08T09:31:12.822706,2.6,14.3,2100.0
2026-02-08T09:31:13.323418,4.5,14.3,2100.0
2026-02-08T09:31:13.823845,7.5,14.3,2100.0
2026-02-08T09:31:14.324287,3.2,14.3,2100.0
2026-02-08T09:31:14.824670,7.4,14.3,2100.0
2026-02-08T09:31:15.325521,5.1,14.3,2100.0
2026-02-08T09:31:15.826117,5.8,14.3,2100.0
2026-02-08T09:31:16.326610,5.0,14.3,2100.0
2026-02-08T09:31:16.827082,4.9,14.3,2100.0
2026-02-08T09:31:17.327803,5.8,14.3,2100.0
2026-02-08T09:31:17.828532,7.2,14.3,2100.0
2026-02-08T09:31:18.329284,4.3,14.3,2100.0
2026-02-08T09:31:18.830150,6.7,14.3,2100.0
2026-02-08T09:31:19.330694,3.6,14.3,2100.0
2026-02-08T09:31:19.831540,8.5,14.4,2100.0
2026-02-08T09:31:20.332292,4.1,14.3,2100.0
2026-02-08T09:31:20.833174,5.9,14.3,2100.0
2026-02-08T09:31:21.334086,4.9,14.3,2100.0
2026-02-08T09:31:21.835019,6.5,14.3,2100.0
2026-02-08T09:31:22.335764,5.0,14.3,2100.0
2026-02-08T09:31:22.836795,6.8,14.3,2100.0
2026-02-08T09:31:23.337872,3.0,14.3,2100.0
2026-02-08T09:31:23.838702,6.7,14.3,2100.0
2026-02-08T09:31:24.339195,7.0,14.3,2100.0
2026-02-08T09:31:24.839774,7.3,14.3,2100.0
2026-02-08T09:31:25.340253,3.2,14.3,2100.0
2026-02-08T09:31:25.841132,6.3,14.3,2100.0
2026-02-08T09:31:26.341792,3.3,14.3,2100.0
2026-02-08T09:31:26.842635,5.2,14.3,2100.0
2026-02-08T09:31:27.374273,6.1,14.3,2100.0
2026-02-08T09:31:27.875297,5.7,14.3,2100.0
2026-02-08T09:31:28.376092,3.5,14.3,2100.0
2026-02-08T09:31:28.876836,7.7,14.3,2100.0
2026-02-08T09:31:29.377456,3.5,14.3,2100.0
2026-02-08T09:31:29.878445,6.6,14.3,2100.0
2026-02-08T09:31:30.379311,6.2,14.3,2100.0
2026-02-08T09:31:30.879996,4.9,14.3,2100.0
2026-02-08T09:31:31.383027,3.0,14.3,2100.0
2026-02-08T09:31:31.883944,10.5,14.4,2100.0
2026-02-08T09:31:32.385335,5.3,14.4,2100.0
2026-02-08T09:31:32.885786,7.0,14.4,2100.0
2026-02-08T09:31:33.386998,4.4,14.4,2100.0
2026-02-08T09:31:33.887768,6.8,14.4,2100.0
2026-02-08T09:31:34.388330,4.0,14.4,2100.0
2026-02-08T09:31:34.889245,3.8,14.4,2100.0
2026-02-08T09:31:35.389837,6.0,14.4,2100.0
2026-02-08T09:31:35.890559,4.5,14.4,2100.0
2026-02-08T09:31:36.391491,3.5,14.4,2100.0
2026-02-08T09:31:36.892758,6.1,14.4,2100.0
2026-02-08T09:31:37.393228,6.4,14.4,2100.0
2026-02-08T09:31:37.894055,3.3,14.4,2100.0
2026-02-08T09:31:38.394496,4.2,14.4,2100.0
2026-02-08T09:31:38.895829,6.9,14.4,2100.0
2026-02-08T09:31:39.396712,6.5,14.4,2100.0
2026-02-08T09:31:39.897421,11.9,14.4,2100.0
2026-02-08T09:31:40.409286,15.2,14.4,2100.0
2026-02-08T09:31:40.909707,8.1,14.4,2100.0
2026-02-08T09:31:41.410139,4.6,14.4,2100.0
2026-02-08T09:31:41.910673,5.9,14.4,2100.0
2026-02-08T09:31:42.411446,6.3,14.4,2100.0
2026-02-08T09:31:42.912413,3.8,14.4,2100.0
2026-02-08T09:31:43.412991,8.6,14.4,2100.0
2026-02-08T09:31:43.913547,3.8,14.4,2100.0
2026-02-08T09:31:44.415309,5.7,14.4,2100.0
2026-02-08T09:31:44.915773,5.2,14.4,2100.0
2026-02-08T09:31:45.416503,4.9,14.4,2100.0
2026-02-08T09:31:45.918531,3.6,14.4,2100.0
2026-02-08T09:31:46.419242,5.1,14.4,2100.0
2026-02-08T09:31:46.919772,5.5,14.4,2100.0
2026-02-08T09:31:47.420293,4.9,14.4,2100.0
2026-02-08T09:31:47.921133,4.7,14.4,2100.0
2026-02-08T09:31:48.421822,7.1,14.4,2100.0
2026-02-08T09:31:48.922505,4.6,14.4,2100.0
2026-02-08T09:31:49.422892,4.8,14.4,2100.0
2026-02-08T09:31:49.923404,4.0,14.4,2100.0
2026-02-08T09:31:50.423954,4.9,14.4,2100.0
2026-02-08T09:31:50.924477,3.0,14.4,2100.0
2026-02-08T09:31:51.425177,4.7,14.4,2100.0
2026-02-08T09:31:51.925914,6.6,14.4,2100.0
2026-02-08T09:31:52.426788,5.4,14.4,2100.0
2026-02-08T09:31:52.927357,2.7,14.4,2100.0
2026-02-08T09:31:53.428475,4.9,14.4,2100.0
2026-02-08T09:31:53.929153,5.7,14.4,2100.0
2026-02-08T09:31:54.429844,4.6,14.4,2100.0
2026-02-08T09:31:54.930388,10.4,14.4,2100.0
2026-02-08T09:31:55.431900,13.1,14.4,2100.0
2026-02-08T09:31:55.934690,9.7,14.4,2100.0
2026-02-08T09:31:56.435787,9.2,14.4,2100.0
2026-02-08T09:31:56.936445,9.4,14.4,2100.0
2026-02-08T09:31:57.437280,13.1,14.4,2100.0
2026-02-08T09:31:57.938260,9.6,14.4,2100.0
2026-02-08T09:31:58.440275,11.2,14.4,2100.0
2026-02-08T09:31:58.942547,7.1,14.4,2100.0
2026-02-08T09:31:59.443832,12.9,14.4,2100.0
2026-02-08T09:31:59.945730,7.6,14.4,2100.0
2026-02-08T09:32:00.447663,16.9,14.4,2100.0
2026-02-08T09:32:00.948658,10.7,14.4,2100.0
2026-02-08T09:32:01.449835,15.1,14.4,2100.0
2026-02-08T09:32:01.950786,14.1,14.4,2100.0
2026-02-08T09:32:02.452175,15.1,14.4,2100.0
2026-02-08T09:32:02.953041,9.6,14.4,2100.0
2026-02-08T09:32:03.453546,13.3,14.4,2100.0
2026-02-08T09:32:03.956402,9.8,14.4,2100.0
2026-02-08T09:32:04.457846,16.6,14.4,2100.0
2026-02-08T09:32:04.959279,9.1,14.4,2100.0
2026-02-08T09:32:05.460637,13.2,14.4,2100.0
2026-02-08T09:32:05.962151,10.3,14.4,2100.0
2026-02-08T09:32:06.463451,11.1,14.4,2100.0
2026-02-08T09:32:06.964702,10.1,14.4,2100.0
2026-02-08T09:32:07.466165,12.2,14.4,2100.0
2026-02-08T09:32:07.966975,10.4,14.4,2100.0
2026-02-08T09:32:08.468013,10.6,14.4,2100.0
2026-02-08T09:32:08.970676,9.8,14.4,2100.0
2026-02-08T09:32:09.471401,14.8,14.4,2100.0
2026-02-08T09:32:09.971948,12.4,14.4,2100.0
2026-02-08T09:32:10.476720,13.4,14.4,2100.0
2026-02-08T09:32:10.977827,9.2,14.4,2100.0
2026-02-08T09:32:11.478424,10.1,14.4,2100.0
2026-02-08T09:32:11.981521,8.9,14.4,2100.0
2026-02-08T09:32:12.482350,15.1,14.4,2100.0
2026-02-08T09:32:12.983079,9.7,14.4,2100.0
2026-02-08T09:32:13.485028,10.0,14.4,2100.0
2026-02-08T09:32:13.986357,10.3,14.4,2100.0
2026-02-08T09:32:14.487153,9.7,14.4,2100.0
2026-02-08T09:32:14.988965,8.7,14.4,2100.0
2026-02-08T09:32:15.491232,11.9,14.4,2100.0
2026-02-08T09:32:15.992302,9.1,14.4,2100.0
2026-02-08T09:32:16.493113,12.4,14.4,2100.0
2026-02-08T09:32:16.994207,8.5,14.4,2100.0
2026-02-08T09:32:17.495271,11.6,14.4,2100.0
2026-02-08T09:32:18.002672,12.4,14.4,2100.0
2026-02-08T09:32:18.506753,10.0,14.4,2100.0
2026-02-08T09:32:19.009186,11.4,14.4,2100.0
2026-02-08T09:32:19.510787,10.8,14.4,2100.0
2026-02-08T09:32:20.011641,11.4,14.4,2100.0
2026-02-08T09:32:20.512521,11.6,14.4,2100.0
2026-02-08T09:32:21.014567,8.4,14.4,2100.0
2026-02-08T09:32:21.516062,10.7,14.4,2100.0
2026-02-08T09:32:22.017059,10.9,14.4,2100.0
2026-02-08T09:32:22.517947,7.1,14.4,2100.0
2026-02-08T09:32:23.018433,5.1,14.4,2100.0
2026-02-08T09:32:23.519477,7.0,14.4,2100.0
2026-02-08T09:32:24.020476,4.5,14.4,2100.0
2026-02-08T09:32:24.520929,5.3,14.4,2100.0
2026-02-08T09:32:25.021751,4.3,14.4,2100.0
2026-02-08T09:32:25.523348,5.7,14.4,2100.0
2026-02-08T09:32:26.024086,6.4,14.4,2100.0
2026-02-08T09:32:26.524604,5.7,14.4,2100.0
2026-02-08T09:32:27.025065,7.5,14.4,2100.0
2026-02-08T09:32:27.525688,5.8,14.4,2100.0
2026-02-08T09:32:28.026678,13.3,14.4,2100.0
2026-02-08T09:32:28.527797,7.8,14.4,2100.0
2026-02-08T09:32:29.028460,6.0,14.4,2100.0
2026-02-08T09:32:29.529144,4.7,14.4,2100.0
2026-02-08T09:32:30.031289,15.5,14.5,2100.0
2026-02-08T09:32:30.531838,9.2,14.5,2100.0
2026-02-08T09:32:31.032815,6.5,14.5,2100.0
2026-02-08T09:32:31.533598,8.7,14.5,2100.0
2026-02-08T09:32:32.034325,5.6,14.5,2100.0
2026-02-08T09:32:32.535165,6.6,14.5,2100.0
2026-02-08T09:32:33.036581,7.0,14.5,2100.0
2026-02-08T09:32:33.537002,8.4,14.5,2100.0
2026-02-08T09:32:34.037422,6.1,14.5,2100.0
2026-02-08T09:32:34.538322,11.7,14.5,2100.0
2026-02-08T09:32:35.038989,12.8,14.5,2100.0
2026-02-08T09:32:35.539708,22.9,14.5,2100.0
2026-02-08T09:32:36.040692,8.1,14.5,2100.0
2026-02-08T09:32:36.541598,12.7,14.6,2100.0
2026-02-08T09:32:37.042493,17.7,14.6,2100.0
2026-02-08T09:32:37.543186,15.0,14.6,2100.0
2026-02-08T09:32:38.044221,15.6,14.6,2100.0
2026-02-08T09:32:38.545001,17.9,14.6,2100.0
2026-02-08T09:32:39.045713,7.4,14.6,2100.0
2026-02-08T09:32:39.546425,6.1,14.6,2100.0
2026-02-08T09:32:40.048685,6.0,14.6,2100.0
2026-02-08T09:32:40.549208,8.6,14.6,2100.0
2026-02-08T09:32:41.050255,5.1,14.6,2100.0
2026-02-08T09:32:41.551031,4.6,14.6,2100.0
2026-02-08T09:32:42.051440,4.2,14.6,2100.0
2026-02-08T09:32:42.553988,6.5,14.6,2100.0
2026-02-08T09:32:43.054538,5.7,14.6,2100.0
2026-02-08T09:32:43.555351,7.4,14.6,2100.0
2026-02-08T09:32:44.056906,5.3,14.6,2100.0
2026-02-08T09:32:44.557852,9.6,14.6,2100.0
2026-02-08T09:32:45.059041,3.3,14.6,2100.0
2026-02-08T09:32:45.559700,9.9,14.6,2100.0
2026-02-08T09:32:46.060270,8.0,14.6,2100.0
2026-02-08T09:32:46.561135,13.4,14.6,2100.0
2026-02-08T09:32:47.061614,5.7,14.6,2100.0
2026-02-08T09:32:47.562708,6.1,14.6,2100.0
2026-02-08T09:32:48.066144,5.9,14.6,2100.0
2026-02-08T09:32:48.566564,6.1,14.6,2100.0
2026-02-08T09:32:49.066957,5.0,14.6,2100.0
2026-02-08T09:32:49.567607,10.2,14.6,2100.0
2026-02-08T09:32:50.068245,5.9,14.6,2100.0
2026-02-08T09:32:50.568706,5.7,14.6,2100.0
2026-02-08T09:32:51.069635,3.3,14.6,2100.0
2026-02-08T09:32:51.570296,7.7,14.6,2100.0
2026-02-08T09:32:52.071206,8.1,14.6,2100.0
2026-02-08T09:32:52.572110,8.0,14.6,2100.0
2026-02-08T09:32:53.072877,5.2,14.6,2100.0
2026-02-08T09:32:53.573833,7.3,14.6,2100.0
2026-02-08T09:32:54.074636,6.4,14.6,2100.0
2026-02-08T09:32:54.575866,16.9,14.5,2100.0
2026-02-08T09:32:55.076596,8.0,14.5,2100.0
2026-02-08T09:32:55.577486,9.0,14.5,2100.0
2026-02-08T09:32:56.081456,6.3,14.5,2100.0
2026-02-08T09:32:56.582358,7.9,14.5,2100.0
2026-02-08T09:32:57.082865,3.8,14.5,2100.0
2026-02-08T09:32:57.583483,5.3,14.5,2100.0
2026-02-08T09:32:58.084362,4.7,14.5,2100.0
2026-02-08T09:32:58.585014,7.0,14.5,2100.0
2026-02-08T09:32:59.085843,7.1,14.5,2100.0
2026-02-08T09:32:59.586550,5.9,14.5,2100.0
2026-02-08T09:33:00.087225,5.4,14.5,2100.0
2026-02-08T09:33:00.587915,6.7,14.5,2100.0
2026-02-08T09:33:01.088790,4.5,14.5,2100.0
2026-02-08T09:33:01.589259,5.7,14.5,2100.0
2026-02-08T09:33:02.089789,6.8,14.5,2100.0
2026-02-08T09:33:02.590344,4.1,14.5,2100.0
2026-02-08T09:33:03.091355,6.0,14.5,2100.0
2026-02-08T09:33:03.592065,5.1,14.5,2100.0
2026-02-08T09:33:04.092711,5.3,14.5,2100.0
2026-02-08T09:33:04.593374,4.9,14.5,2100.0
2026-02-08T09:33:05.095337,5.9,14.5,2100.0
2026-02-08T09:33:05.596250,5.5,14.5,2100.0
2026-02-08T09:33:06.096817,7.5,14.5,2100.0
2026-02-08T09:33:06.598555,7.8,14.5,2100.0
2026-02-08T09:33:07.099327,7.7,14.5,2100.0
2026-02-08T09:33:07.599914,10.9,14.5,2100.0
2026-02-08T09:33:08.100835,6.9,14.5,2100.0
2026-02-08T09:33:08.601692,6.0,14.5,2100.0
2026-02-08T09:33:09.102125,4.6,14.5,2100.0
2026-02-08T09:33:09.602539,6.6,14.5,2100.0
2026-02-08T09:33:10.103422,10.9,14.5,2100.0
2026-02-08T09:33:10.604056,4.7,14.5,2100.0
2026-02-08T09:33:11.104722,3.8,14.5,2100.0
2026-02-08T09:33:11.605498,8.5,14.5,2100.0
2026-02-08T09:33:12.106086,7.6,14.5,2100.0
2026-02-08T09:33:12.606582,7.0,14.5,2100.0
2026-02-08T09:33:13.107255,5.8,14.5,2100.0
2026-02-08T09:33:13.608202,9.2,14.5,2100.0
2026-02-08T09:33:14.108707,7.3,14.5,2100.0
2026-02-08T09:33:14.609701,5.8,14.5,2100.0
2026-02-08T09:33:15.110598,7.2,14.5,2100.0
2026-02-08T09:33:15.611542,9.4,14.5,2100.0
2026-02-08T09:33:16.112782,4.1,14.5,2100.0
2026-02-08T09:33:16.613503,8.9,14.5,2100.0
2026-02-08T09:33:17.114536,9.2,14.5,2100.0
2026-02-08T09:33:17.616208,6.0,14.5,2100.0
2026-02-08T09:33:18.116995,5.8,14.5,2100.0
2026-02-08T09:33:18.617523,5.0,14.5,2100.0
2026-02-08T09:33:19.117900,5.5,14.5,2100.0
2026-02-08T09:33:19.618398,10.3,14.5,2100.0
2026-02-08T09:33:20.119045,10.9,14.5,2100.0
2026-02-08T09:33:20.619489,17.5,14.6,2100.0
2026-02-08T09:33:21.120360,12.0,14.6,2100.0
2026-02-08T09:33:21.620836,10.4,14.6,2100.0
2026-02-08T09:33:22.123110,9.5,14.6,2100.0
2026-02-08T09:33:22.623959,9.1,14.6,2100.0
2026-02-08T09:33:23.124476,12.3,14.6,2100.0
2026-02-08T09:33:23.625206,14.0,14.7,2100.0
2026-02-08T09:33:24.126934,6.3,14.6,2100.0
2026-02-08T09:33:24.627400,5.8,14.6,2100.0
2026-02-08T09:33:25.127979,6.0,14.6,2100.0
2026-02-08T09:33:25.628438,6.0,14.6,2100.0
2026-02-08T09:33:26.129600,6.5,14.6,2100.0
2026-02-08T09:33:26.630379,9.3,14.6,2100.0
2026-02-08T09:33:27.130787,4.9,14.6,2100.0
2026-02-08T09:33:27.631175,6.7,14.6,2100.0
2026-02-08T09:33:28.132031,5.3,14.6,2100.0
2026-02-08T09:33:28.632557,6.5,14.6,2100.0
2026-02-08T09:33:29.133988,5.7,14.6,2100.0
2026-02-08T09:33:29.634775,8.7,14.6,2100.0
2026-02-08T09:33:30.135571,6.2,14.6,2100.0
2026-02-08T09:33:30.636032,6.6,14.6,2100.0
2026-02-08T09:33:31.136697,4.0,14.6,2100.0
2026-02-08T09:33:31.637826,7.0,14.6,2100.0
2026-02-08T09:33:32.138668,11.3,14.5,2100.0
2026-02-08T09:33:32.640407,7.7,14.5,2100.0
2026-02-08T09:33:33.141854,10.4,14.5,2100.0
2026-02-08T09:33:33.642613,8.7,14.5,2100.0
2026-02-08T09:33:34.143358,6.4,14.5,2100.0
2026-02-08T09:33:34.644811,8.4,14.5,2100.0
2026-02-08T09:33:35.149090,9.6,14.5,2100.0
2026-02-08T09:33:35.649930,4.5,14.5,2100.0
2026-02-08T09:33:36.158363,5.1,14.5,2100.0
2026-02-08T09:33:36.658990,3.6,14.5,2100.0
2026-02-08T09:33:37.161273,11.5,14.5,2100.0
2026-02-08T09:33:37.662615,14.0,14.5,2100.0
2026-02-08T09:33:38.166117,12.1,14.5,2100.0
2026-02-08T09:33:38.666614,9.9,14.5,2100.0
2026-02-08T09:33:39.167594,12.7,14.6,2100.0
2026-02-08T09:33:39.668875,14.2,14.6,2100.0
2026-02-08T09:33:40.169528,11.1,14.6,2100.0
2026-02-08T09:33:40.670070,2.9,14.6,2100.0
2026-02-08T09:33:41.170452,5.4,14.6,2100.0
2026-02-08T09:33:41.671040,5.5,14.6,2100.0
2026-02-08T09:33:42.172221,7.2,14.5,2100.0
2026-02-08T09:33:42.673523,7.3,14.5,2100.0
2026-02-08T09:33:43.174519,5.8,14.5,2100.0
2026-02-08T09:33:43.675352,7.0,14.5,2100.0
2026-02-08T09:33:44.176142,6.7,14.5,2100.0
2026-02-08T09:33:44.676832,8.6,14.5,2100.0
2026-02-08T09:33:45.177615,7.0,14.5,2100.0
2026-02-08T09:33:45.678299,3.7,14.5,2100.0
2026-02-08T09:33:46.178926,5.6,14.5,2100.0
2026-02-08T09:33:46.680358,5.6,14.5,2100.0
2026-02-08T09:33:47.180892,3.0,14.5,2100.0
2026-02-08T09:33:47.681425,4.5,14.5,2100.0
2026-02-08T09:33:48.182115,4.4,14.5,2100.0
2026-02-08T09:33:48.682717,4.4,14.5,2100.0
2026-02-08T09:33:49.183439,5.2,14.5,2100.0
2026-02-08T09:33:49.684196,7.3,14.5,2100.0
2026-02-08T09:33:50.184751,3.6,14.5,2100.0
2026-02-08T09:33:50.685861,5.5,14.5,2100.0
2026-02-08T09:33:51.186683,4.5,14.5,2100.0
2026-02-08T09:33:51.687072,6.1,14.5,2100.0
2026-02-08T09:33:52.187621,5.2,14.5,2100.0
2026-02-08T09:33:52.688130,4.7,14.5,2100.0
2026-02-08T09:33:53.189355,7.5,14.5,2100.0
2026-02-08T09:33:53.690277,5.0,14.5,2100.0
2026-02-08T09:33:54.191787,5.0,14.5,2100.0
2026-02-08T09:33:54.692652,5.9,14.5,2100.0
2026-02-08T09:33:55.194573,4.9,14.5,2100.0
2026-02-08T09:33:55.695209,6.6,14.5,2100.0
2026-02-08T09:33:56.196053,4.0,14.5,2100.0
2026-02-08T09:33:56.697074,6.9,14.5,2100.0
2026-02-08T09:33:57.199591,11.1,14.5,2100.0
2026-02-08T09:33:57.700465,10.4,14.5,2100.0
2026-02-08T09:33:58.201366,7.9,14.5,2100.0
2026-02-08T09:33:58.701831,8.8,14.5,2100.0
2026-02-08T09:33:59.202460,9.6,14.5,2100.0
2026-02-08T09:33:59.703232,11.6,14.5,2100.0
2026-02-08T09:34:00.203679,6.1,14.5,2100.0
2026-02-08T09:34:00.704698,7.9,14.5,2100.0
2026-02-08T09:34:01.205582,5.0,14.5,2100.0
2026-02-08T09:34:01.706181,3.8,14.5,2100.0
2026-02-08T09:34:02.206999,3.4,14.5,2100.0
2026-02-08T09:34:02.707849,4.5,14.5,2100.0
2026-02-08T09:34:03.208496,6.1,14.5,2100.0
2026-02-08T09:34:03.710239,5.7,14.5,2100.0
2026-02-08T09:34:04.210807,4.4,14.5,2100.0
2026-02-08T09:34:04.711181,5.3,14.5,2100.0
2026-02-08T09:34:05.212418,4.1,14.5,2100.0
2026-02-08T09:34:05.713269,9.3,14.5,2100.0
2026-02-08T09:34:06.213876,4.8,14.5,2100.0
2026-02-08T09:34:06.714542,4.8,14.5,2100.0
2026-02-08T09:34:07.215062,5.2,14.5,2100.0
2026-02-08T09:34:07.715615,8.2,14.5,2100.0
2026-02-08T09:34:08.216228,12.6,14.5,2100.0
2026-02-08T09:34:08.716644,10.9,14.5,2100.0
2026-02-08T09:34:09.217420,6.4,14.5,2100.0
2026-02-08T09:34:09.718010,5.3,14.5,2100.0
2026-02-08T09:34:10.218445,6.9,14.5,2100.0
2026-02-08T09:34:10.718927,5.5,14.5,2100.0
2026-02-08T09:34:11.219554,6.6,14.5,2100.0
2026-02-08T09:34:11.720318,8.3,14.5,2100.0
2026-02-08T09:34:12.220792,8.0,14.5,2100.0
2026-02-08T09:34:12.721539,11.2,14.5,2100.0
2026-02-08T09:34:13.222395,4.4,14.5,2100.0
2026-02-08T09:34:13.723363,5.1,14.5,2100.0
2026-02-08T09:34:14.224068,4.7,14.5,2100.0
2026-02-08T09:34:14.724984,5.4,14.5,2100.0
2026-02-08T09:34:15.225723,5.8,14.5,2100.0
2026-02-08T09:34:15.726588,9.2,14.5,2100.0
2026-02-08T09:34:16.226938,4.3,14.5,2100.0
2026-02-08T09:34:16.727717,7.8,14.5,2100.0
2026-02-08T09:34:17.228538,5.4,14.5,2100.0
2026-02-08T09:34:17.729393,18.4,14.5,2100.0
2026-02-08T09:34:18.230260,5.5,14.5,2100.0
2026-02-08T09:34:18.740450,13.1,14.5,2100.0
2026-02-08T09:34:19.240919,6.9,14.5,2100.0
2026-02-08T09:34:19.741677,7.6,14.5,2100.0
2026-02-08T09:34:20.242496,4.2,14.5,2100.0
2026-02-08T09:34:20.743307,6.7,14.5,2100.0
2026-02-08T09:34:21.244262,4.5,14.5,2100.0
2026-02-08T09:34:21.745637,7.1,14.5,2100.0
2026-02-08T09:34:22.246189,8.4,14.5,2100.0
2026-02-08T09:34:22.747162,8.1,14.5,2100.0
2026-02-08T09:34:23.247704,6.4,14.5,2100.0
2026-02-08T09:34:23.748095,9.9,14.5,2100.0
2026-02-08T09:34:24.248660,9.0,14.5,2100.0
2026-02-08T09:34:24.749260,17.2,14.5,2100.0
2026-02-08T09:34:25.250234,14.0,14.6,2100.0
2026-02-08T09:34:25.750894,8.1,14.5,2100.0
2026-02-08T09:34:26.251444,4.7,14.5,2100.0
2026-02-08T09:34:26.751982,9.6,14.6,2100.0
2026-02-08T09:34:27.252748,11.2,14.6,2100.0
2026-02-08T09:34:27.753384,10.4,14.6,2100.0
2026-02-08T09:34:28.254240,13.0,14.6,2100.0
2026-02-08T09:34:28.755302,17.9,14.7,2100.0
2026-02-08T09:34:29.256211,11.3,14.7,2100.0
2026-02-08T09:34:29.756719,4.5,14.7,2100.0
2026-02-08T09:34:30.257250,7.0,14.7,2100.0
2026-02-08T09:34:30.757881,5.0,14.7,2100.0
2026-02-08T09:34:31.260948,8.9,14.7,2100.0
2026-02-08T09:34:31.761586,8.3,14.7,2100.0
2026-02-08T09:34:32.262422,8.9,14.7,2100.0
2026-02-08T09:34:32.763188,5.2,14.7,2100.0
2026-02-08T09:34:33.263905,5.0,14.7,2100.0
2026-02-08T09:34:33.764265,6.8,14.7,2100.0
2026-02-08T09:34:34.265021,8.6,14.7,2100.0
2026-02-08T09:34:34.765665,4.8,14.7,2100.0
2026-02-08T09:34:35.266551,8.1,14.7,2100.0
2026-02-08T09:34:35.767103,4.2,14.7,2100.0
2026-02-08T09:34:36.267561,10.9,14.7,2100.0
2026-02-08T09:34:36.768074,4.8,14.7,2100.0
2026-02-08T09:34:37.268472,10.4,14.7,2100.0
2026-02-08T09:34:37.769313,6.6,14.7,2100.0
2026-02-08T09:34:38.270160,9.6,14.7,2100.0
2026-02-08T09:34:38.770731,6.3,14.7,2100.0
2026-02-08T09:34:39.271342,10.2,14.7,2100.0
2026-02-08T09:34:39.771746,4.4,14.7,2100.0
2026-02-08T09:34:40.272373,6.9,14.7,2100.0
2026-02-08T09:34:40.773113,3.3,14.7,2100.0
2026-02-08T09:34:41.274260,8.8,14.7,2100.0
2026-02-08T09:34:41.775122,5.2,14.7,2100.0
2026-02-08T09:34:42.276197,5.4,14.7,2100.0
2026-02-08T09:34:42.777796,6.8,14.7,2100.0
2026-02-08T09:34:43.278601,3.4,14.7,2100.0
2026-02-08T09:34:43.779449,9.6,14.7,2100.0
2026-02-08T09:34:44.280244,5.7,14.7,2100.0
2026-02-08T09:34:44.780990,5.9,14.7,2100.0
2026-02-08T09:34:45.281591,7.7,14.7,2100.0
2026-02-08T09:34:45.782353,5.0,14.6,2100.0
2026-02-08T09:34:46.282955,13.7,14.6,2100.0
2026-02-08T09:34:46.783863,8.6,14.6,2100.0
2026-02-08T09:34:47.284324,7.8,14.6,2100.0
2026-02-08T09:34:47.784742,9.2,14.6,2100.0
2026-02-08T09:34:48.285399,3.3,14.6,2100.0
2026-02-08T09:34:48.786241,7.0,14.6,2100.0
2026-02-08T09:34:49.287050,8.3,14.7,2100.0
2026-02-08T09:34:49.787618,7.8,14.6,2100.0
2026-02-08T09:34:50.288561,6.0,14.6,2100.0
2026-02-08T09:34:50.788944,4.3,14.6,2100.0
2026-02-08T09:34:51.289868,4.3,14.6,2100.0
2026-02-08T09:34:51.790628,3.9,14.6,2100.0
2026-02-08T09:34:52.292348,6.2,14.6,2100.0
2026-02-08T09:34:52.792845,10.1,14.6,2100.0
2026-02-08T09:34:53.293372,5.4,14.6,2100.0
2026-02-08T09:34:53.794078,13.9,14.6,2100.0
2026-02-08T09:34:54.294858,5.9,14.6,2100.0
2026-02-08T09:34:54.795751,8.0,14.6,2100.0
2026-02-08T09:34:55.296316,5.5,14.6,2100.0
2026-02-08T09:34:55.797267,10.9,14.6,2100.0
2026-02-08T09:34:56.298063,8.5,14.6,2100.0
2026-02-08T09:34:56.798704,6.9,14.6,2100.0
2026-02-08T09:34:57.299485,4.7,14.6,2100.0
2026-02-08T09:34:57.800152,5.7,14.6,2100.0
2026-02-08T09:34:58.300816,6.9,14.6,2100.0
2026-02-08T09:34:58.801342,8.3,14.6,2100.0
2026-02-08T09:34:59.301830,4.5,14.6,2100.0
2026-02-08T09:34:59.802621,11.3,14.6,2100.0
2026-02-08T09:35:00.303462,14.7,14.7,2100.0
2026-02-08T09:35:00.804103,19.7,14.7,2100.0
2026-02-08T09:35:01.304901,10.8,14.7,2100.0
2026-02-08T09:35:01.805520,7.4,14.7,2100.0
2026-02-08T09:35:02.306703,6.2,14.7,2100.0
2026-02-08T09:35:02.807248,7.6,14.7,2100.0
2026-02-08T09:35:03.308799,4.5,14.7,2100.0
2026-02-08T09:35:03.809890,9.4,14.7,2100.0
2026-02-08T09:35:04.310393,5.5,14.7,2100.0
2026-02-08T09:35:04.810947,11.0,14.7,2100.0
2026-02-08T09:35:05.311492,8.6,14.7,2100.0
2026-02-08T09:35:05.812356,11.9,14.7,2100.0
2026-02-08T09:35:06.313039,11.0,14.7,2100.0
2026-02-08T09:35:06.813871,6.9,14.7,2100.0
2026-02-08T09:35:07.314398,5.9,14.6,2100.0
2026-02-08T09:35:07.815237,8.6,14.6,2100.0
2026-02-08T09:35:08.315816,8.0,14.6,2100.0
2026-02-08T09:35:08.816306,9.9,14.6,2100.0
2026-02-08T09:35:09.317067,6.0,14.6,2100.0
2026-02-08T09:35:09.817772,7.0,14.6,2100.0
2026-02-08T09:35:10.318766,5.0,14.6,2100.0
2026-02-08T09:35:10.819355,5.6,14.6,2100.0
2026-02-08T09:35:11.320224,6.0,14.6,2100.0
2026-02-08T09:35:11.821222,5.3,14.6,2100.0
2026-02-08T09:35:12.321936,5.0,14.6,2100.0
2026-02-08T09:35:12.822552,6.4,14.6,2100.0
2026-02-08T09:35:13.323824,3.5,14.6,2100.0
2026-02-08T09:35:13.828122,10.9,14.6,2100.0
2026-02-08T09:35:14.328704,8.7,14.6,2100.0
2026-02-08T09:35:14.829066,12.0,14.5,2100.0
2026-02-08T09:35:15.329910,9.0,14.5,2100.0
2026-02-08T09:35:15.830567,9.0,14.5,2100.0
2026-02-08T09:35:16.331213,7.8,14.5,2100.0
2026-02-08T09:35:16.832030,5.6,14.5,2100.0
2026-02-08T09:35:17.332960,8.2,14.5,2100.0
2026-02-08T09:35:17.833759,10.9,14.5,2100.0
2026-02-08T09:35:18.334247,5.7,14.5,2100.0
2026-02-08T09:35:18.835192,6.6,14.5,2100.0
2026-02-08T09:35:19.335708,7.6,14.5,2100.0
2026-02-08T09:35:19.836473,5.8,14.5,2100.0
2026-02-08T09:35:20.337126,8.4,14.5,2100.0
2026-02-08T09:35:20.840166,6.7,14.5,2100.0
2026-02-08T09:35:21.342719,8.0,14.5,2100.0
2026-02-08T09:35:21.843404,4.8,14.5,2100.0
2026-02-08T09:35:22.343981,8.0,14.5,2100.0
2026-02-08T09:35:22.844456,6.1,14.5,2100.0
2026-02-08T09:35:23.345118,8.9,14.5,2100.0
2026-02-08T09:35:23.845570,7.4,14.5,2100.0
2026-02-08T09:35:24.346190,6.7,14.5,2100.0
2026-02-08T09:35:24.847044,8.1,14.5,2100.0
2026-02-08T09:35:25.347780,8.5,14.5,2100.0
2026-02-08T09:35:25.848592,6.2,14.5,2100.0
2026-02-08T09:35:26.349319,8.6,14.5,2100.0
2026-02-08T09:35:26.850059,6.3,14.5,2100.0
2026-02-08T09:35:27.351020,11.5,14.5,2100.0
2026-02-08T09:35:27.851868,5.9,14.5,2100.0
2026-02-08T09:35:28.352822,9.1,14.5,2100.0
2026-02-08T09:35:28.853663,6.3,14.5,2100.0
2026-02-08T09:35:29.355046,9.7,14.5,2100.0
2026-02-08T09:35:29.856431,13.0,14.5,2100.0
2026-02-08T09:35:30.357105,4.7,14.5,2100.0
2026-02-08T09:35:30.857908,5.7,14.5,2100.0
2026-02-08T09:35:31.359268,5.7,14.5,2100.0
2026-02-08T09:35:31.859941,6.9,14.5,2100.0
2026-02-08T09:35:32.360589,6.7,14.5,2100.0
2026-02-08T09:35:32.861363,7.2,14.5,2100.0
2026-02-08T09:35:33.362131,7.1,14.5,2100.0
2026-02-08T09:35:33.862635,6.1,14.5,2100.0
2026-02-08T09:35:34.363369,6.1,14.5,2100.0
2026-02-08T09:35:34.863762,12.5,14.5,2100.0
2026-02-08T09:35:35.364382,6.5,14.5,2100.0
2026-02-08T09:35:35.864888,9.1,14.5,2100.0
2026-02-08T09:35:36.365808,7.4,14.5,2100.0
2026-02-08T09:35:36.866237,6.0,14.5,2100.0
2026-02-08T09:35:37.367588,8.6,14.5,2100.0
2026-02-08T09:35:37.868227,10.8,14.5,2100.0
2026-02-08T09:35:38.368707,4.8,14.5,2100.0
2026-02-08T09:35:38.869564,8.3,14.5,2100.0
2026-02-08T09:35:39.371129,7.3,14.5,2100.0
2026-02-08T09:35:39.871813,11.7,14.5,2100.0
2026-02-08T09:35:40.372517,6.7,14.5,2100.0
2026-02-08T09:35:40.874244,13.3,14.5,2100.0
2026-02-08T09:35:41.374855,4.3,14.5,2100.0
2026-02-08T09:35:41.875457,6.5,14.5,2100.0
2026-02-08T09:35:42.376396,4.7,14.5,2100.0
2026-02-08T09:35:42.877023,6.7,14.5,2100.0
2026-02-08T09:35:43.377799,9.4,14.5,2100.0
2026-02-08T09:35:43.878382,8.0,14.5,2100.0
2026-02-08T09:35:44.378764,6.3,14.5,2100.0
2026-02-08T09:35:44.879781,11.6,14.5,2100.0
2026-02-08T09:35:45.380320,4.5,14.5,2100.0
2026-02-08T09:35:45.881032,5.7,14.5,2100.0
2026-02-08T09:35:46.381857,4.9,14.5,2100.0
2026-02-08T09:35:46.882641,11.0,14.5,2100.0
2026-02-08T09:35:47.383773,9.6,14.5,2100.0
2026-02-08T09:35:47.884222,5.8,14.5,2100.0
2026-02-08T09:35:48.384871,5.3,14.5,2100.0
2026-02-08T09:35:48.885360,8.9,14.5,2100.0
2026-02-08T09:35:49.385988,5.6,14.5,2100.0
2026-02-08T09:35:49.886860,14.5,14.5,2100.0
2026-02-08T09:35:50.387389,5.0,14.5,2100.0
2026-02-08T09:35:50.888635,6.0,14.5,2100.0
2026-02-08T09:35:51.389531,3.4,14.5,2100.0
2026-02-08T09:35:51.890415,10.2,14.5,2100.0
2026-02-08T09:35:52.391019,5.3,14.5,2100.0
2026-02-08T09:35:52.891692,6.2,14.5,2100.0
2026-02-08T09:35:53.392573,4.1,14.5,2100.0
2026-02-08T09:35:53.894949,8.3,14.5,2100.0
2026-02-08T09:35:54.395384,6.7,14.5,2100.0
2026-02-08T09:35:54.896744,10.1,14.5,2100.0
2026-02-08T09:35:55.397231,5.9,14.5,2100.0
2026-02-08T09:35:55.897863,4.5,14.5,2100.0
2026-02-08T09:35:56.398706,3.7,14.5,2100.0
2026-02-08T09:35:56.899575,6.7,14.5,2100.0
2026-02-08T09:35:57.400880,3.7,14.5,2100.0
2026-02-08T09:35:57.901495,7.3,14.5,2100.0
2026-02-08T09:35:58.402140,6.5,14.5,2100.0
2026-02-08T09:35:58.903087,7.0,14.5,2100.0
2026-02-08T09:35:59.403693,5.8,14.5,2100.0
2026-02-08T09:35:59.904332,7.1,14.5,2100.0
2026-02-08T09:36:00.404808,8.1,14.5,2100.0
2026-02-08T09:36:00.905861,8.6,14.5,2100.0
2026-02-08T09:36:01.406682,5.2,14.5,2100.0
2026-02-08T09:36:01.907230,4.5,14.5,2100.0
2026-02-08T09:36:02.407947,10.8,14.5,2100.0
2026-02-08T09:36:02.908718,5.1,14.5,2100.0
2026-02-08T09:36:03.409187,6.2,14.5,2100.0
2026-02-08T09:36:03.909866,8.1,14.5,2100.0
2026-02-08T09:36:04.412270,7.3,14.5,2100.0
2026-02-08T09:36:04.912763,5.3,14.5,2100.0
2026-02-08T09:36:05.413416,7.4,14.5,2100.0
2026-02-08T09:36:05.914335,6.4,14.5,2100.0
2026-02-08T09:36:06.415416,6.7,14.5,2100.0
2026-02-08T09:36:06.916157,9.8,14.5,2100.0
2026-02-08T09:36:07.416802,7.5,14.5,2100.0
2026-02-08T09:36:07.917745,5.6,14.5,2100.0
2026-02-08T09:36:08.418736,4.5,14.5,2100.0
2026-02-08T09:36:08.919612,8.7,14.5,2100.0
2026-02-08T09:36:09.421103,7.0,14.5,2100.0
2026-02-08T09:36:09.921985,6.4,14.5,2100.0
2026-02-08T09:36:10.423386,8.4,14.5,2100.0
2026-02-08T09:36:10.924193,4.2,14.5,2100.0
2026-02-08T09:36:11.425096,5.1,14.5,2100.0
2026-02-08T09:36:11.925871,7.6,14.5,2100.0
2026-02-08T09:36:12.426577,13.6,14.5,2100.0
2026-02-08T09:36:12.927159,4.2,14.5,2100.0
2026-02-08T09:36:13.427764,7.6,14.5,2100.0
2026-02-08T09:36:13.928434,5.4,14.5,2100.0
2026-02-08T09:36:14.429161,9.0,14.5,2100.0
2026-02-08T09:36:14.930087,3.9,14.5,2100.0
2026-02-08T09:36:15.430795,9.5,14.5,2100.0
2026-02-08T09:36:15.931450,5.2,14.5,2100.0
2026-02-08T09:36:16.432427,7.4,14.5,2100.0
2026-02-08T09:36:16.933409,5.1,14.5,2100.0
2026-02-08T09:36:17.434914,5.7,14.5,2100.0
2026-02-08T09:36:17.935371,11.4,14.5,2100.0
2026-02-08T09:36:18.435943,4.6,14.5,2100.0
2026-02-08T09:36:18.937275,11.8,14.5,2100.0
2026-02-08T09:36:19.437903,4.8,14.5,2100.0
2026-02-08T09:36:19.938823,12.8,14.5,2100.0
2026-02-08T09:36:20.439346,6.0,14.5,2100.0
2026-02-08T09:36:20.939822,3.9,14.5,2100.0
2026-02-08T09:36:21.440931,7.1,14.5,2100.0
2026-02-08T09:36:21.941397,6.2,14.5,2100.0
2026-02-08T09:36:22.441973,9.4,14.5,2100.0
2026-02-08T09:36:22.942847,8.0,14.5,2100.0
2026-02-08T09:36:23.443555,4.7,14.5,2100.0
2026-02-08T09:36:23.944304,7.0,14.5,2100.0
2026-02-08T09:36:24.445051,17.1,14.5,2100.0
2026-02-08T09:36:24.945613,6.9,14.5,2100.0
2026-02-08T09:36:25.446134,10.3,14.5,2100.0
2026-02-08T09:36:25.947142,8.2,14.5,2100.0
2026-02-08T09:36:26.447759,4.4,14.5,2100.0
2026-02-08T09:36:26.948550,5.8,14.5,2100.0
2026-02-08T09:36:27.449296,5.3,14.5,2100.0
2026-02-08T09:36:27.950034,5.1,14.5,2100.0
2026-02-08T09:36:28.450750,7.8,14.5,2100.0
2026-02-08T09:36:28.951447,4.8,14.5,2100.0
2026-02-08T09:36:29.453526,6.9,14.5,2100.0
2026-02-08T09:36:29.954347,7.2,14.5,2100.0
2026-02-08T09:36:30.456064,6.8,14.5,2100.0
2026-02-08T09:36:30.956888,4.9,14.5,2100.0
2026-02-08T09:36:31.457280,6.6,14.5,2100.0
2026-02-08T09:36:31.957904,8.3,14.5,2100.0
2026-02-08T09:36:32.459281,8.5,14.5,2100.0
2026-02-08T09:36:32.959935,6.8,14.5,2100.0
2026-02-08T09:36:33.460741,5.5,14.5,2100.0
2026-02-08T09:36:33.961184,6.4,14.5,2100.0
2026-02-08T09:36:34.461679,12.7,14.5,2100.0
2026-02-08T09:36:34.962069,6.8,14.5,2100.0
2026-02-08T09:36:35.462892,9.1,14.5,2100.0
2026-02-08T09:36:35.963800,6.6,14.5,2100.0
2026-02-08T09:36:36.465087,7.0,14.5,2100.0
2026-02-08T09:36:36.965900,6.9,14.5,2100.0
2026-02-08T09:36:37.466813,5.6,14.5,2100.0
2026-02-08T09:36:37.967674,5.4,14.5,2100.0
2026-02-08T09:36:38.468476,5.6,14.5,2100.0
2026-02-08T09:36:38.970927,5.6,14.5,2100.0
2026-02-08T09:36:39.471905,5.6,14.5,2100.0
2026-02-08T09:36:39.972808,5.0,14.5,2100.0
2026-02-08T09:36:40.473607,12.2,14.5,2100.0
2026-02-08T09:36:40.974421,7.2,14.5,2100.0
2026-02-08T09:36:41.475041,5.6,14.5,2100.0
2026-02-08T09:36:41.975732,5.8,14.5,2100.0
2026-02-08T09:36:42.476584,8.0,14.5,2100.0
2026-02-08T09:36:42.977294,4.5,14.5,2100.0
2026-02-08T09:36:43.477958,8.9,14.5,2100.0
2026-02-08T09:36:43.978404,6.3,14.5,2100.0
2026-02-08T09:36:44.479211,9.7,14.5,2100.0
2026-02-08T09:36:44.980089,6.7,14.5,2100.0
2026-02-08T09:36:45.480849,10.1,14.5,2100.0
2026-02-08T09:36:45.981625,5.2,14.5,2100.0
2026-02-08T09:36:46.482866,6.5,14.5,2100.0
2026-02-08T09:36:46.983637,7.6,14.5,2100.0
2026-02-08T09:36:47.484368,6.7,14.5,2100.0
2026-02-08T09:36:47.985551,7.5,14.5,2100.0
2026-02-08T09:36:48.486317,12.0,14.5,2100.0
2026-02-08T09:36:48.986728,6.3,14.5,2100.0
2026-02-08T09:36:49.487590,9.1,14.5,2100.0
2026-02-08T09:36:49.988419,6.1,14.5,2100.0
2026-02-08T09:36:50.488800,6.4,14.5,2100.0
2026-02-08T09:36:50.989292,6.2,14.5,2100.0
2026-02-08T09:36:51.490040,4.8,14.5,2100.0
2026-02-08T09:36:51.990480,5.9,14.5,2100.0
2026-02-08T09:36:52.491212,8.5,14.5,2100.0
2026-02-08T09:36:52.991935,6.7,14.5,2100.0
2026-02-08T09:36:53.492531,6.8,14.5,2100.0
2026-02-08T09:36:53.992933,6.1,14.5,2100.0
2026-02-08T09:36:54.499204,7.4,14.5,2100.0
2026-02-08T09:36:55.000174,6.7,14.5,2100.0
2026-02-08T09:36:55.500577,9.9,14.5,2100.0
2026-02-08T09:36:56.001128,5.2,14.5,2100.0
2026-02-08T09:36:56.502374,6.1,14.5,2100.0
2026-02-08T09:36:57.003213,7.0,14.5,2100.0
2026-02-08T09:36:57.503737,6.3,14.5,2100.0
2026-02-08T09:36:58.004275,6.3,14.5,2100.0
2026-02-08T09:36:58.505198,7.3,14.5,2100.0
2026-02-08T09:36:59.005779,5.9,14.5,2100.0
2026-02-08T09:36:59.506661,6.0,14.5,2100.0
2026-02-08T09:37:00.007505,6.1,14.5,2100.0
2026-02-08T09:37:00.508144,6.0,14.5,2100.0
2026-02-08T09:37:01.008921,4.5,14.5,2100.0
2026-02-08T09:37:01.511080,5.6,14.5,2100.0
2026-02-08T09:37:02.011593,5.1,14.5,2100.0
2026-02-08T09:37:02.512130,7.2,14.5,2100.0
2026-02-08T09:37:03.012914,5.6,14.5,2100.0
2026-02-08T09:37:03.513782,6.6,14.5,2100.0
2026-02-08T09:37:04.014409,6.3,14.5,2100.0
2026-02-08T09:37:04.514997,5.4,14.5,2100.0
2026-02-08T09:37:05.015717,7.5,14.5,2100.0
2026-02-08T09:37:05.516313,7.3,14.5,2100.0
2026-02-08T09:37:06.017072,5.2,14.5,2100.0
2026-02-08T09:37:06.517920,8.5,14.5,2100.0
2026-02-08T09:37:07.018848,5.3,14.5,2100.0
2026-02-08T09:37:07.519868,6.8,14.5,2100.0
2026-02-08T09:37:08.021075,7.7,14.5,2100.0
2026-02-08T09:37:08.521783,8.8,14.5,2100.0
2026-02-08T09:37:09.022242,8.3,14.5,2100.0
2026-02-08T09:37:09.523023,8.8,14.5,2100.0
2026-02-08T09:37:10.023802,7.9,14.5,2100.0
2026-02-08T09:37:10.526507,8.5,14.5,2100.0
2026-02-08T09:37:11.027474,6.2,14.5,2100.0
2026-02-08T09:37:11.528179,5.8,14.5,2100.0
2026-02-08T09:37:12.029155,3.9,14.5,2100.0
2026-02-08T09:37:12.529780,6.0,14.5,2100.0
2026-02-08T09:37:13.030630,5.0,14.5,2100.0
2026-02-08T09:37:13.531666,7.4,14.5,2100.0
2026-02-08T09:37:14.032421,7.2,14.5,2100.0
2026-02-08T09:37:14.533067,6.8,14.5,2100.0
2026-02-08T09:37:15.033729,9.2,14.5,2100.0
2026-02-08T09:37:15.534882,7.3,14.5,2100.0
2026-02-08T09:37:16.035457,9.9,14.5,2100.0
2026-02-08T09:37:16.535954,6.8,14.5,2100.0
2026-02-08T09:37:17.036428,6.0,14.5,2100.0
2026-02-08T09:37:17.537083,5.9,14.5,2100.0
2026-02-08T09:37:18.037956,5.5,14.5,2100.0
2026-02-08T09:37:18.538392,5.8,14.5,2100.0
2026-02-08T09:37:19.038895,7.6,14.5,2100.0
2026-02-08T09:37:19.539312,7.5,14.5,2100.0
2026-02-08T09:37:20.040139,6.9,14.5,2100.0
2026-02-08T09:37:20.540840,4.7,14.5,2100.0
2026-02-08T09:37:21.041321,8.0,14.5,2100.0
2026-02-08T09:37:21.542009,5.6,14.5,2100.0
2026-02-08T09:37:22.042914,6.3,14.5,2100.0
2026-02-08T09:37:22.543725,8.0,14.5,2100.0
2026-02-08T09:37:23.044220,4.3,14.5,2100.0
2026-02-08T09:37:23.545117,5.7,14.5,2100.0
2026-02-08T09:37:24.045892,7.5,14.5,2100.0
2026-02-08T09:37:24.546686,5.9,14.5,2100.0
2026-02-08T09:37:25.047217,6.8,14.5,2100.0
2026-02-08T09:37:25.547956,11.8,14.5,2100.0
2026-02-08T09:37:26.049267,6.2,14.5,2100.0
2026-02-08T09:37:26.549726,6.4,14.5,2100.0
2026-02-08T09:37:27.050447,7.3,14.5,2100.0
2026-02-08T09:37:27.551542,9.5,14.5,2100.0
2026-02-08T09:37:28.052227,7.7,14.5,2100.0
2026-02-08T09:37:28.552936,6.8,14.5,2100.0
2026-02-08T09:37:29.053772,5.5,14.5,2100.0
2026-02-08T09:37:29.554431,7.6,14.5,2100.0
2026-02-08T09:37:30.055284,4.5,14.5,2100.0
2026-02-08T09:37:30.555860,6.1,14.5,2100.0
2026-02-08T09:37:31.056733,4.3,14.5,2100.0
2026-02-08T09:37:31.557309,6.4,14.5,2100.0
2026-02-08T09:37:32.057778,9.8,14.5,2100.0
2026-02-08T09:37:32.558355,5.8,14.5,2100.0
2026-02-08T09:37:33.059078,5.7,14.5,2100.0
2026-02-08T09:37:33.559918,8.6,14.5,2100.0
2026-02-08T09:37:34.060833,6.7,14.5,2100.0
2026-02-08T09:37:34.561963,8.3,14.5,2100.0
2026-02-08T09:37:35.062716,5.4,14.5,2100.0
2026-02-08T09:37:35.564045,13.8,14.5,2100.0
2026-02-08T09:37:36.064649,5.2,14.5,2100.0
2026-02-08T09:37:36.565366,6.6,14.5,2100.0
2026-02-08T09:37:37.066581,5.1,14.5,2100.0
2026-02-08T09:37:37.567250,10.2,14.5,2100.0
2026-02-08T09:37:38.068072,5.2,14.5,2100.0
2026-02-08T09:37:38.568501,5.8,14.5,2100.0
2026-02-08T09:37:39.069062,4.4,14.5,2100.0
2026-02-08T09:37:39.569493,14.0,14.5,2100.0
2026-02-08T09:37:40.070089,6.3,14.5,2100.0
2026-02-08T09:37:40.570930,6.7,14.5,2100.0
2026-02-08T09:37:41.071430,3.5,14.5,2100.0
2026-02-08T09:37:41.571928,5.5,14.5,2100.0
2026-02-08T09:37:42.072980,8.1,14.5,2100.0
2026-02-08T09:37:42.573584,9.1,14.5,2100.0
2026-02-08T09:37:43.074224,4.3,14.5,2100.0
2026-02-08T09:37:43.574731,5.8,14.5,2100.0
2026-02-08T09:37:44.075532,6.0,14.5,2100.0
2026-02-08T09:37:44.576345,8.3,14.5,2100.0
2026-02-08T09:37:45.076884,5.6,14.5,2100.0
2026-02-08T09:37:45.577791,9.2,14.5,2100.0
2026-02-08T09:37:46.078509,4.1,14.5,2100.0
2026-02-08T09:37:46.579439,6.6,14.5,2100.0
2026-02-08T09:37:47.080139,7.2,14.5,2100.0
2026-02-08T09:37:47.581683,7.6,14.5,2100.0
2026-02-08T09:37:48.082308,4.8,14.5,2100.0
2026-02-08T09:37:48.585003,11.0,14.5,2100.0
2026-02-08T09:37:49.085447,8.3,14.5,2100.0
2026-02-08T09:37:49.585848,18.3,14.5,2100.0
2026-02-08T09:37:50.086512,6.1,14.5,2100.0
2026-02-08T09:37:50.586979,8.8,14.5,2100.0
2026-02-08T09:37:51.087376,6.9,14.5,2100.0
2026-02-08T09:37:51.588084,7.7,14.5,2100.0
2026-02-08T09:37:52.089019,7.6,14.5,2100.0
2026-02-08T09:37:52.589692,7.5,14.5,2100.0
2026-02-08T09:37:53.090082,4.9,14.5,2100.0
2026-02-08T09:37:53.590786,10.2,14.5,2100.0
2026-02-08T09:37:54.091261,7.5,14.5,2100.0
2026-02-08T09:37:54.591668,7.3,14.5,2100.0
2026-02-08T09:37:55.092038,5.2,14.5,2100.0
2026-02-08T09:37:55.592628,8.4,14.5,2100.0
2026-02-08T09:37:56.093513,7.8,14.5,2100.0
2026-02-08T09:37:56.595295,9.6,14.5,2100.0
2026-02-08T09:37:57.096522,5.1,14.5,2100.0
2026-02-08T09:37:57.597357,15.2,14.5,2100.0
2026-02-08T09:37:58.098387,71.2,14.9,2100.0
2026-02-08T09:37:58.599800,30.3,14.9,2100.0
2026-02-08T09:37:59.103820,9.7,14.9,2100.0
2026-02-08T09:37:59.604474,16.6,14.7,2100.0
2026-02-08T09:38:00.105197,6.3,14.6,2100.0
2026-02-08T09:38:00.606829,9.4,14.6,2100.0
2026-02-08T09:38:01.107503,5.3,14.6,2100.0
2026-02-08T09:38:01.608398,7.0,14.6,2100.0
2026-02-08T09:38:02.109009,6.7,14.6,2100.0
2026-02-08T09:38:02.609710,6.6,14.6,2100.0
2026-02-08T09:38:03.110545,6.8,14.6,2100.0
2026-02-08T09:38:03.611432,6.5,14.6,2100.0
2026-02-08T09:38:04.112434,7.0,14.6,2100.0
2026-02-08T09:38:04.613545,6.1,14.6,2100.0
2026-02-08T09:38:05.114623,10.5,14.5,2100.0
2026-02-08T09:38:05.615397,5.7,14.5,2100.0
2026-02-08T09:38:06.116611,6.9,14.6,2100.0
2026-02-08T09:38:06.617438,5.5,14.6,2100.0
2026-02-08T09:38:07.117942,8.0,14.5,2100.0
2026-02-08T09:38:07.619017,7.2,14.6,2100.0
2026-02-08T09:38:08.119590,7.6,14.5,2100.0
2026-02-08T09:38:08.620439,5.9,14.5,2100.0
2026-02-08T09:38:09.121547,8.5,14.5,2100.0
2026-02-08T09:38:09.622106,5.4,14.5,2100.0
2026-02-08T09:38:10.122826,6.8,14.5,2100.0
2026-02-08T09:38:10.623399,4.9,14.5,2100.0
2026-02-08T09:38:11.124299,8.7,14.5,2100.0
2026-02-08T09:38:11.625111,5.4,14.5,2100.0
2026-02-08T09:38:12.125501,7.5,14.5,2100.0
2026-02-08T09:38:12.626606,9.0,14.5,2100.0
2026-02-08T09:38:13.127588,5.5,14.5,2100.0
2026-02-08T09:38:13.628099,9.9,14.5,2100.0
2026-02-08T09:38:14.128987,5.6,14.5,2100.0
2026-02-08T09:38:14.629764,8.1,14.5,2100.0
2026-02-08T09:38:15.130492,5.9,14.5,2100.0
2026-02-08T09:38:15.631358,10.3,14.5,2100.0
2026-02-08T09:38:16.132363,5.2,14.5,2100.0
2026-02-08T09:38:16.632828,8.2,14.5,2100.0
2026-02-08T09:38:17.134248,4.6,14.5,2100.0
2026-02-08T09:38:17.635214,9.9,14.5,2100.0
2026-02-08T09:38:18.135981,6.2,14.5,2100.0
2026-02-08T09:38:18.636765,8.4,14.5,2100.0
2026-02-08T09:38:19.137203,5.8,14.5,2100.0
2026-02-08T09:38:19.637780,7.0,14.5,2100.0
2026-02-08T09:38:20.138322,5.6,14.5,2100.0
2026-02-08T09:38:20.638933,10.9,14.5,2100.0
2026-02-08T09:38:21.139299,5.5,14.5,2100.0
2026-02-08T09:38:21.640104,5.7,14.5,2100.0
2026-02-08T09:38:22.140940,6.7,14.5,2100.0
2026-02-08T09:38:22.641479,7.8,14.5,2100.0
2026-02-08T09:38:23.142915,3.9,14.5,2100.0
2026-02-08T09:38:23.643684,6.6,14.5,2100.0
2026-02-08T09:38:24.144561,6.5,14.5,2100.0
2026-02-08T09:38:24.644982,10.4,14.5,2100.0
2026-02-08T09:38:25.145721,3.7,14.5,2100.0
2026-02-08T09:38:25.646633,7.9,14.5,2100.0
2026-02-08T09:38:26.147346,6.7,14.5,2100.0
2026-02-08T09:38:26.648283,5.8,14.5,2100.0
2026-02-08T09:38:27.149322,8.3,14.5,2100.0
2026-02-08T09:38:27.651618,7.4,14.5,2100.0
2026-02-08T09:38:28.152771,7.6,14.5,2100.0
2026-02-08T09:38:28.653567,8.2,14.5,2100.0
2026-02-08T09:38:29.154650,8.0,14.5,2100.0
2026-02-08T09:38:29.655147,7.2,14.5,2100.0
2026-02-08T09:38:30.155913,4.9,14.5,2100.0
2026-02-08T09:38:30.656498,7.7,14.5,2100.0
2026-02-08T09:38:31.157067,5.9,14.5,2100.0
2026-02-08T09:38:31.657804,6.1,14.5,2100.0
2026-02-08T09:38:32.158147,4.7,14.5,2100.0
2026-02-08T09:38:32.659617,9.3,14.5,2100.0
2026-02-08T09:38:33.160256,6.8,14.5,2100.0
2026-02-08T09:38:33.661027,5.7,14.5,2100.0
2026-02-08T09:38:34.161626,5.8,14.5,2100.0
2026-02-08T09:38:34.662116,6.7,14.5,2100.0
2026-02-08T09:38:35.163093,7.9,14.5,2100.0
2026-02-08T09:38:35.664028,8.9,14.5,2100.0
2026-02-08T09:38:36.164719,5.2,14.5,2100.0
2026-02-08T09:38:36.666230,7.2,14.5,2100.0
2026-02-08T09:38:37.166897,8.1,14.5,2100.0
2026-02-08T09:38:37.667533,7.3,14.5,2100.0
2026-02-08T09:38:38.167860,5.6,14.5,2100.0
2026-02-08T09:38:38.668349,7.1,14.5,2100.0
2026-02-08T09:38:39.168897,6.7,14.5,2100.0
2026-02-08T09:38:39.669741,9.1,14.5,2100.0
2026-02-08T09:38:40.170504,6.4,14.5,2100.0
2026-02-08T09:38:40.671235,7.9,14.5,2100.0
2026-02-08T09:38:41.171678,6.2,14.5,2100.0
2026-02-08T09:38:41.672207,9.1,14.5,2100.0
2026-02-08T09:38:42.172629,8.9,14.5,2100.0
2026-02-08T09:38:42.673428,8.1,14.5,2100.0
2026-02-08T09:38:43.174129,4.8,14.5,2100.0
2026-02-08T09:38:43.675748,5.4,14.5,2100.0
2026-02-08T09:38:44.176635,7.5,14.5,2100.0
2026-02-08T09:38:44.677632,9.9,14.5,2100.0
2026-02-08T09:38:45.178838,7.7,14.5,2100.0
2026-02-08T09:38:45.679597,7.5,14.5,2100.0
2026-02-08T09:38:46.181093,7.1,14.5,2100.0
2026-02-08T09:38:46.681753,8.1,14.5,2100.0
2026-02-08T09:38:47.182230,6.9,14.5,2100.0
2026-02-08T09:38:47.683167,6.3,14.5,2100.0
2026-02-08T09:38:48.183665,6.6,14.5,2100.0
2026-02-08T09:38:48.684614,4.1,14.5,2100.0
2026-02-08T09:38:49.185134,6.9,14.5,2100.0
2026-02-08T09:38:49.686082,6.5,14.5,2100.0
2026-02-08T09:38:50.186816,6.6,14.5,2100.0
2026-02-08T09:38:50.687603,5.4,14.5,2100.0
2026-02-08T09:38:51.188302,5.9,14.5,2100.0
2026-02-08T09:38:51.688682,4.7,14.5,2100.0
2026-02-08T09:38:52.189175,6.8,14.5,2100.0
2026-02-08T09:38:52.689577,7.7,14.5,2100.0
2026-02-08T09:38:53.192498,7.3,14.5,2100.0
2026-02-08T09:38:53.693195,7.1,14.5,2100.0
2026-02-08T09:38:54.193814,9.2,14.5,2100.0
2026-02-08T09:38:54.695400,6.4,14.5,2100.0
2026-02-08T09:38:55.197294,6.3,14.5,2100.0
2026-02-08T09:38:55.698520,9.1,14.5,2100.0
2026-02-08T09:38:56.199418,8.1,14.5,2100.0
2026-02-08T09:38:56.700068,7.7,14.5,2100.0
2026-02-08T09:38:57.201355,6.0,14.5,2100.0
2026-02-08T09:38:57.702118,8.2,14.5,2100.0
2026-02-08T09:38:58.202498,7.4,14.5,2100.0
2026-02-08T09:38:58.703117,7.2,14.5,2100.0
2026-02-08T09:38:59.203640,7.7,14.5,2100.0
2026-02-08T09:38:59.704074,7.1,14.5,2100.0
2026-02-08T09:39:00.204692,4.8,14.5,2100.0
2026-02-08T09:39:00.705089,6.5,14.5,2100.0
2026-02-08T09:39:01.206015,7.2,14.5,2100.0
2026-02-08T09:39:01.706669,10.0,14.5,2100.0
2026-02-08T09:39:02.207710,7.6,14.5,2100.0
2026-02-08T09:39:02.708811,10.6,14.5,2100.0
2026-02-08T09:39:03.210204,5.9,14.5,2100.0
2026-02-08T09:39:03.711051,6.2,14.5,2100.0
2026-02-08T09:39:04.211507,6.2,14.5,2100.0
2026-02-08T09:39:04.712305,7.7,14.5,2100.0
2026-02-08T09:39:05.213778,6.8,14.5,2100.0
2026-02-08T09:39:05.714468,7.8,14.5,2100.0
2026-02-08T09:39:06.214917,6.3,14.5,2100.0
2026-02-08T09:39:06.715866,7.1,14.5,2100.0
2026-02-08T09:39:07.216530,5.8,14.5,2100.0
2026-02-08T09:39:07.717234,8.9,14.5,2100.0
2026-02-08T09:39:08.218125,6.2,14.5,2100.0
2026-02-08T09:39:08.718571,7.8,14.5,2100.0
2026-02-08T09:39:09.219466,3.7,14.5,2100.0
2026-02-08T09:39:09.720211,7.7,14.5,2100.0
2026-02-08T09:39:10.220671,10.7,14.5,2100.0
2026-02-08T09:39:10.721304,10.0,14.5,2100.0
2026-02-08T09:39:11.222151,11.1,14.5,2100.0
2026-02-08T09:39:11.722803,6.2,14.5,2100.0
2026-02-08T09:39:12.223512,5.2,14.5,2100.0
2026-02-08T09:39:12.724378,5.6,14.5,2100.0
2026-02-08T09:39:13.225038,4.6,14.5,2100.0
2026-02-08T09:39:13.725590,9.7,14.5,2100.0
2026-02-08T09:39:14.226314,5.8,14.5,2100.0
2026-02-08T09:39:14.726966,12.3,14.5,2100.0
2026-02-08T09:39:15.227679,6.3,14.5,2100.0
2026-02-08T09:39:15.728697,7.8,14.5,2100.0
2026-02-08T09:39:16.229439,7.5,14.5,2100.0
2026-02-08T09:39:16.731372,5.7,14.5,2100.0
2026-02-08T09:39:17.232139,5.2,14.5,2100.0
2026-02-08T09:39:17.732944,5.3,14.5,2100.0
2026-02-08T09:39:18.233550,8.5,14.5,2100.0
2026-02-08T09:39:18.734105,10.5,14.5,2100.0
2026-02-08T09:39:19.234812,6.3,14.5,2100.0
2026-02-08T09:39:19.735598,7.9,14.5,2100.0
2026-02-08T09:39:20.236160,8.0,14.5,2100.0
2026-02-08T09:39:20.736677,6.5,14.5,2100.0
2026-02-08T09:39:21.237130,7.3,14.5,2100.0
2026-02-08T09:39:21.737582,5.5,14.5,2100.0
2026-02-08T09:39:22.238241,7.8,14.5,2100.0
2026-02-08T09:39:22.738918,6.8,14.5,2100.0
2026-02-08T09:39:23.240104,7.9,14.5,2100.0
2026-02-08T09:39:23.740671,5.2,14.5,2100.0
2026-02-08T09:39:24.241462,8.7,14.5,2100.0
2026-02-08T09:39:24.742502,6.1,14.5,2100.0
2026-02-08T09:39:25.243083,6.8,14.5,2100.0
2026-02-08T09:39:25.743935,8.5,14.5,2100.0
2026-02-08T09:39:26.244382,10.0,14.5,2100.0
2026-02-08T09:39:26.745475,7.3,14.5,2100.0
2026-02-08T09:39:27.246202,5.9,14.5,2100.0
2026-02-08T09:39:27.747538,5.5,14.5,2100.0
2026-02-08T09:39:28.247915,5.7,14.5,2100.0
2026-02-08T09:39:28.748368,5.2,14.5,2100.0
2026-02-08T09:39:29.249149,9.5,14.5,2100.0
2026-02-08T09:39:29.749922,5.7,14.5,2100.0
2026-02-08T09:39:30.250649,6.0,14.5,2100.0
2026-02-08T09:39:30.751270,7.8,14.5,2100.0
2026-02-08T09:39:31.252080,9.0,14.5,2100.0
2026-02-08T09:39:31.752524,4.1,14.5,2100.0
2026-02-08T09:39:32.253398,6.3,14.5,2100.0
2026-02-08T09:39:32.755149,4.1,14.5,2100.0
2026-02-08T09:39:33.256072,7.9,14.5,2100.0
2026-02-08T09:39:33.756570,5.4,14.5,2100.0
2026-02-08T09:39:34.257108,6.7,14.5,2100.0
2026-02-08T09:39:34.757631,4.6,14.5,2100.0
2026-02-08T09:39:35.258158,6.2,14.5,2100.0
2026-02-08T09:39:35.760154,7.6,14.5,2100.0
2026-02-08T09:39:36.261062,7.6,14.5,2100.0
2026-02-08T09:39:36.761620,7.8,14.5,2100.0
2026-02-08T09:39:37.262490,6.3,14.5,2100.0
2026-02-08T09:39:37.763511,5.2,14.5,2100.0
2026-02-08T09:39:38.263912,6.4,14.5,2100.0
2026-02-08T09:39:38.764814,5.7,14.5,2100.0
2026-02-08T09:39:39.265587,9.1,14.5,2100.0
2026-02-08T09:39:39.766005,6.9,14.5,2100.0
2026-02-08T09:39:40.266497,7.1,14.5,2100.0
2026-02-08T09:39:40.766839,5.9,14.5,2100.0
2026-02-08T09:39:41.267420,6.2,14.5,2100.0
2026-02-08T09:39:41.768112,6.3,14.5,2100.0
2026-02-08T09:39:42.268970,6.3,14.5,2100.0
2026-02-08T09:39:42.769687,5.2,14.5,2100.0
2026-02-08T09:39:43.270352,7.2,14.5,2100.0
2026-02-08T09:39:43.771111,8.8,14.5,2100.0
2026-02-08T09:39:44.271993,12.1,14.5,2100.0
2026-02-08T09:39:44.772852,7.3,14.5,2100.0
2026-02-08T09:39:45.273577,9.8,14.5,2100.0
2026-02-08T09:39:45.774972,10.1,14.5,2100.0
2026-02-08T09:39:46.275810,8.7,14.5,2100.0
2026-02-08T09:39:46.776946,5.9,14.5,2100.0
2026-02-08T09:39:47.278337,8.1,14.5,2100.0
2026-02-08T09:39:47.779154,9.0,14.5,2100.0
2026-02-08T09:39:48.280337,7.2,14.5,2100.0
2026-02-08T09:39:48.781271,10.0,14.5,2100.0
2026-02-08T09:39:49.281715,4.1,14.5,2100.0
2026-02-08T09:39:49.782375,7.8,14.5,2100.0
2026-02-08T09:39:50.283204,6.8,14.5,2100.0
2026-02-08T09:39:50.783806,6.1,14.5,2100.0
2026-02-08T09:39:51.284282,4.0,14.5,2100.0
2026-02-08T09:39:51.784993,8.5,14.5,2100.0
2026-02-08T09:39:52.285415,6.4,14.5,2100.0
2026-02-08T09:39:52.786130,7.8,14.5,2100.0
2026-02-08T09:39:53.286560,4.0,14.5,2100.0
2026-02-08T09:39:53.787480,8.6,14.5,2100.0
2026-02-08T09:39:54.288435,5.2,14.5,2100.0
2026-02-08T09:39:54.788806,5.0,14.5,2100.0
2026-02-08T09:39:55.290003,4.6,14.5,2100.0
2026-02-08T09:39:55.790687,7.9,14.5,2100.0
2026-02-08T09:39:56.292000,6.7,14.5,2100.0
2026-02-08T09:39:56.792822,11.9,14.5,2100.0
2026-02-08T09:39:57.293437,6.2,14.5,2100.0
2026-02-08T09:39:57.794838,9.5,14.5,2100.0
2026-02-08T09:39:58.295915,4.8,14.5,2100.0
2026-02-08T09:39:58.796497,11.4,14.5,2100.0
2026-02-08T09:39:59.296914,6.1,14.5,2100.0
2026-02-08T09:39:59.797682,8.2,14.5,2100.0
2026-02-08T09:40:00.298116,5.5,14.5,2100.0
2026-02-08T09:40:00.798861,8.4,14.5,2100.0
2026-02-08T09:40:01.299287,5.2,14.5,2100.0
2026-02-08T09:40:01.799744,5.3,14.5,2100.0
2026-02-08T09:40:02.300452,7.2,14.5,2100.0
2026-02-08T09:40:02.800923,5.2,14.5,2100.0
2026-02-08T09:40:03.301390,7.8,14.5,2100.0
2026-02-08T09:40:03.802085,7.4,14.5,2100.0
2026-02-08T09:40:04.302758,6.6,14.5,2100.0
2026-02-08T09:40:04.803212,6.0,14.5,2100.0
2026-02-08T09:40:05.303971,6.2,14.5,2100.0
2026-02-08T09:40:05.804758,6.2,14.5,2100.0
2026-02-08T09:40:06.305811,8.6,14.5,2100.0
2026-02-08T09:40:06.806641,11.1,14.5,2100.0
2026-02-08T09:40:07.307363,4.3,14.5,2100.0
2026-02-08T09:40:07.808070,9.5,14.5,2100.0
2026-02-08T09:40:08.308526,6.5,14.5,2100.0
2026-02-08T09:40:08.809467,6.3,14.5,2100.0
2026-02-08T09:40:09.309900,4.4,14.5,2100.0
2026-02-08T09:40:09.810430,7.1,14.5,2100.0
2026-02-08T09:40:10.311151,6.8,14.5,2100.0
2026-02-08T09:40:10.813642,15.6,14.5,2100.0
2026-02-08T09:40:11.314496,4.6,14.5,2100.0
2026-02-08T09:40:11.815172,6.5,14.5,2100.0
2026-02-08T09:40:12.315774,5.6,14.5,2100.0
2026-02-08T09:40:12.816590,8.1,14.5,2100.0
2026-02-08T09:40:13.317364,5.4,14.5,2100.0
2026-02-08T09:40:13.818095,5.8,14.5,2100.0
2026-02-08T09:40:14.318816,5.5,14.5,2100.0
2026-02-08T09:40:14.819582,8.3,14.5,2100.0
2026-02-08T09:40:15.320946,6.9,14.5,2100.0
2026-02-08T09:40:15.821515,6.2,14.5,2100.0
2026-02-08T09:40:16.322396,11.7,14.5,2100.0
2026-02-08T09:40:16.822935,8.9,14.5,2100.0
2026-02-08T09:40:17.324822,6.3,14.5,2100.0
2026-02-08T09:40:17.825410,5.1,14.5,2100.0
2026-02-08T09:40:18.326200,9.9,14.5,2100.0
2026-02-08T09:40:18.827216,6.6,14.5,2100.0
2026-02-08T09:40:19.327859,11.0,14.5,2100.0
2026-02-08T09:40:19.828548,6.2,14.5,2100.0
2026-02-08T09:40:20.329285,6.9,14.5,2100.0
2026-02-08T09:40:20.829733,10.4,14.5,2100.0
2026-02-08T09:40:21.331085,13.2,14.6,2100.0
2026-02-08T09:40:21.831858,15.2,14.6,2100.0
2026-02-08T09:40:22.332519,7.1,14.6,2100.0
2026-02-08T09:40:22.833241,7.9,14.6,2100.0
2026-02-08T09:40:23.334167,6.6,14.6,2100.0
2026-02-08T09:40:23.834558,8.1,14.6,2100.0
2026-02-08T09:40:24.335373,11.8,14.6,2100.0
2026-02-08T09:40:24.835873,6.8,14.6,2100.0
2026-02-08T09:40:25.336535,9.0,14.6,2100.0
2026-02-08T09:40:25.837453,8.4,14.6,2100.0
2026-02-08T09:40:26.338989,20.3,14.6,2100.0
2026-02-08T09:40:26.840004,6.8,14.6,2100.0
2026-02-08T09:40:27.340717,8.4,14.6,2100.0
2026-02-08T09:40:27.841502,8.8,14.6,2100.0
2026-02-08T09:40:28.342358,7.8,14.6,2100.0
2026-02-08T09:40:28.842793,5.9,14.6,2100.0
2026-02-08T09:40:29.343410,9.5,14.6,2100.0
2026-02-08T09:40:29.844505,15.8,14.3,2100.0
2026-02-08T09:40:30.345086,22.8,14.3,2100.0
2026-02-08T09:40:30.845834,8.1,14.3,2100.0
2026-02-08T09:40:31.346400,6.6,14.2,2100.0
2026-02-08T09:40:31.850614,12.9,14.2,2100.0
2026-02-08T09:40:32.351254,11.0,14.2,2100.0
2026-02-08T09:40:32.851952,8.8,14.2,2100.0
2026-02-08T09:40:33.352596,7.6,14.2,2100.0
2026-02-08T09:40:33.853344,14.0,14.2,2100.0
2026-02-08T09:40:34.353983,6.2,14.2,2100.0
2026-02-08T09:40:34.854935,4.7,14.2,2100.0
2026-02-08T09:40:35.355921,7.5,14.2,2100.0
2026-02-08T09:40:35.857172,6.4,14.2,2100.0
2026-02-08T09:40:36.357693,4.1,14.2,2100.0
2026-02-08T09:40:36.859746,7.1,14.2,2100.0
2026-02-08T09:40:37.360747,3.2,14.2,2100.0
2026-02-08T09:40:37.861614,5.2,14.2,2100.0
2026-02-08T09:40:38.362350,6.2,14.2,2100.0
2026-02-08T09:40:38.863175,7.0,14.2,2100.0
2026-02-08T09:40:39.363618,6.8,14.2,2100.0
2026-02-08T09:40:39.864197,10.6,14.2,2100.0
2026-02-08T09:40:40.364736,15.6,14.2,2100.0
2026-02-08T09:40:40.865534,19.8,14.2,2100.0
2026-02-08T09:40:41.366558,8.8,14.2,2100.0
2026-02-08T09:40:41.867405,8.2,14.2,2100.0
2026-02-08T09:40:42.367961,7.9,14.2,2100.0
2026-02-08T09:40:42.868578,5.6,14.2,2100.0
2026-02-08T09:40:43.369251,6.2,14.2,2100.0
2026-02-08T09:40:43.870012,7.0,14.2,2100.0
2026-02-08T09:40:44.370899,4.3,14.2,2100.0
2026-02-08T09:40:44.871400,3.9,14.2,2100.0
2026-02-08T09:40:45.371770,7.2,14.2,2100.0
2026-02-08T09:40:45.872789,5.5,14.2,2100.0
2026-02-08T09:40:46.373919,5.3,14.2,2100.0
2026-02-08T09:40:46.874655,6.9,14.2,2100.0
2026-02-08T09:40:47.375103,9.3,14.2,2100.0
2026-02-08T09:40:47.875944,21.0,14.2,2100.0
2026-02-08T09:40:48.377591,11.0,14.3,2100.0
2026-02-08T09:40:48.878182,13.8,14.3,2100.0
2026-02-08T09:40:49.378650,4.8,14.3,2100.0
2026-02-08T09:40:49.879662,10.6,14.3,2100.0
2026-02-08T09:40:50.380719,5.3,14.3,2100.0
2026-02-08T09:40:50.881620,9.3,14.3,2100.0
2026-02-08T09:40:51.382533,8.4,14.3,2100.0
2026-02-08T09:40:51.882926,10.4,14.3,2100.0
2026-02-08T09:40:52.383755,5.5,14.3,2100.0
2026-02-08T09:40:52.884477,8.3,14.3,2100.0
2026-02-08T09:40:53.385794,9.6,14.3,2100.0
2026-02-08T09:40:53.886205,15.8,14.3,2100.0
2026-02-08T09:40:54.386873,8.9,14.3,2100.0
2026-02-08T09:40:54.887298,9.6,14.3,2100.0
2026-02-08T09:40:55.388597,5.2,14.3,2100.0
2026-02-08T09:40:55.889298,11.4,14.3,2100.0
2026-02-08T09:40:56.390447,8.1,14.3,2100.0
2026-02-08T09:40:56.892656,8.5,14.3,2100.0
2026-02-08T09:40:57.393314,4.1,14.3,2100.0
2026-02-08T09:40:57.893800,5.6,14.3,2100.0
2026-02-08T09:40:58.394322,8.8,14.3,2100.0
2026-02-08T09:40:58.894998,6.2,14.3,2100.0
2026-02-08T09:40:59.395769,5.5,14.3,2100.0
2026-02-08T09:40:59.896639,4.5,14.3,2100.0
2026-02-08T09:41:00.397441,10.5,14.3,2100.0
2026-02-08T09:41:00.898172,11.2,14.3,2100.0
2026-02-08T09:41:01.398944,8.0,14.3,2100.0
2026-02-08T09:41:01.899506,7.1,14.3,2100.0
2026-02-08T09:41:02.399935,7.9,14.3,2100.0
2026-02-08T09:41:02.900556,5.6,14.3,2100.0
2026-02-08T09:41:03.401558,8.0,14.3,2100.0
2026-02-08T09:41:03.902647,6.0,14.3,2100.0
2026-02-08T09:41:04.403398,10.7,14.3,2100.0
2026-02-08T09:41:04.904654,6.7,14.3,2100.0
2026-02-08T09:41:05.405145,8.9,14.3,2100.0
2026-02-08T09:41:05.907549,8.6,14.4,2100.0
2026-02-08T09:41:06.409080,14.9,14.4,2100.0
2026-02-08T09:41:06.910056,10.0,14.4,2100.0
2026-02-08T09:41:07.410851,8.0,14.4,2100.0
2026-02-08T09:41:07.911343,5.1,14.4,2100.0
2026-02-08T09:41:08.412478,6.0,14.4,2100.0
2026-02-08T09:41:08.913061,7.3,14.4,2100.0
2026-02-08T09:41:09.413895,7.1,14.4,2100.0
2026-02-08T09:41:09.914863,5.2,14.4,2100.0
2026-02-08T09:41:10.415901,6.7,14.4,2100.0
2026-02-08T09:41:10.916796,6.1,14.4,2100.0
2026-02-08T09:41:11.418307,6.0,14.4,2100.0
2026-02-08T09:41:11.919084,8.0,14.4,2100.0
2026-02-08T09:41:12.419573,6.6,14.4,2100.0
2026-02-08T09:41:12.921570,3.4,14.4,2100.0
2026-02-08T09:41:13.422314,6.2,14.4,2100.0
2026-02-08T09:41:13.923370,4.7,14.4,2100.0
2026-02-08T09:41:14.424646,14.1,14.2,2100.0
2026-02-08T09:41:14.926214,4.6,14.2,2100.0
2026-02-08T09:41:15.427116,9.1,14.2,2100.0
2026-02-08T09:41:15.927553,4.7,14.2,2100.0
2026-02-08T09:41:16.428056,6.8,14.2,2100.0
2026-02-08T09:41:16.928710,8.4,14.2,2100.0
2026-02-08T09:41:17.429613,8.1,14.2,2100.0
2026-02-08T09:41:17.930514,3.0,14.2,2100.0
2026-02-08T09:41:18.431239,7.4,14.2,2100.0
2026-02-08T09:41:18.932123,4.1,14.2,2100.0
2026-02-08T09:41:19.432867,7.0,14.2,2100.0
2026-02-08T09:41:19.933481,5.1,14.2,2100.0
2026-02-08T09:41:20.435077,6.5,14.2,2100.0
2026-02-08T09:41:20.935888,3.9,14.2,2100.0
2026-02-08T09:41:21.436247,2.8,14.2,2100.0
2026-02-08T09:41:21.937093,6.3,14.2,2100.0
2026-02-08T09:41:22.437535,7.2,14.2,2100.0
2026-02-08T09:41:22.938806,7.5,14.2,2100.0
2026-02-08T09:41:23.439550,4.6,14.2,2100.0
2026-02-08T09:41:23.940260,4.1,14.2,2100.0
2026-02-08T09:41:24.442636,9.4,14.2,2100.0
2026-02-08T09:41:24.945188,7.5,14.2,2100.0
2026-02-08T09:41:25.446124,10.5,14.2,2100.0
2026-02-08T09:41:25.946500,7.3,14.2,2100.0
2026-02-08T09:41:26.447334,3.9,14.2,2100.0
2026-02-08T09:41:26.948099,6.5,14.2,2100.0
2026-02-08T09:41:27.448773,6.0,14.2,2100.0
2026-02-08T09:41:27.949589,5.7,14.2,2100.0
2026-02-08T09:41:28.450569,7.3,14.2,2100.0
2026-02-08T09:41:28.951073,5.7,14.2,2100.0
2026-02-08T09:41:29.452043,13.1,14.2,2100.0
2026-02-08T09:41:29.953302,6.4,14.2,2100.0
2026-02-08T09:41:30.454086,7.7,14.2,2100.0
2026-02-08T09:41:30.954783,7.1,14.2,2100.0
2026-02-08T09:41:31.457940,4.7,14.2,2100.0
2026-02-08T09:41:31.958374,5.9,14.2,2100.0
2026-02-08T09:41:32.458877,6.4,14.2,2100.0
2026-02-08T09:41:32.959494,5.1,14.2,2100.0
2026-02-08T09:41:33.460254,5.6,14.2,2100.0
2026-02-08T09:41:33.960776,7.8,14.2,2100.0
2026-02-08T09:41:34.461266,10.3,14.2,2100.0
2026-02-08T09:41:34.962019,6.1,14.2,2100.0
2026-02-08T09:41:35.462638,4.9,14.2,2100.0
2026-02-08T09:41:35.963278,6.0,14.2,2100.0
2026-02-08T09:41:36.463884,8.4,14.2,2100.0
2026-02-08T09:41:36.964582,5.0,14.2,2100.0
2026-02-08T09:41:37.465338,5.8,14.2,2100.0
2026-02-08T09:41:37.968063,4.2,14.2,2100.0
2026-02-08T09:41:38.468527,6.8,14.2,2100.0
2026-02-08T09:41:38.969351,10.6,14.2,2100.0
2026-02-08T09:41:39.471974,5.4,14.2,2100.0
2026-02-08T09:41:39.972548,4.4,14.2,2100.0
2026-02-08T09:41:40.473146,5.5,14.2,2100.0
2026-02-08T09:41:40.973850,9.8,14.2,2100.0
2026-02-08T09:41:41.475087,4.6,14.2,2100.0
2026-02-08T09:41:41.975607,7.8,14.2,2100.0
2026-02-08T09:41:42.476551,6.8,14.2,2100.0
2026-02-08T09:41:42.977916,6.2,14.2,2100.0
2026-02-08T09:41:43.478657,8.5,14.2,2100.0
2026-02-08T09:41:43.979558,3.8,14.2,2100.0
2026-02-08T09:41:44.480437,10.4,14.2,2100.0
2026-02-08T09:41:44.981125,4.2,14.2,2100.0
2026-02-08T09:41:45.481833,7.5,14.2,2100.0
2026-02-08T09:41:45.983843,5.5,14.2,2100.0
2026-02-08T09:41:46.484346,7.4,14.2,2100.0
2026-02-08T09:41:46.986080,6.8,14.2,2100.0
2026-02-08T09:41:47.486673,10.1,14.2,2100.0
2026-02-08T09:41:47.987416,5.7,14.2,2100.0
2026-02-08T09:41:48.488631,14.0,14.2,2100.0
2026-02-08T09:41:48.989507,8.0,14.2,2100.0
2026-02-08T09:41:49.490395,9.1,14.2,2100.0
2026-02-08T09:41:49.991257,12.8,14.3,2100.0
2026-02-08T09:41:50.491944,18.0,14.4,2100.0
2026-02-08T09:41:50.992768,20.1,14.5,2100.0
2026-02-08T09:41:51.493539,16.8,14.5,2100.0
2026-02-08T09:41:51.994294,8.2,14.6,2100.0
2026-02-08T09:41:52.495478,7.5,14.6,2100.0
2026-02-08T09:41:52.996209,6.0,14.6,2100.0
2026-02-08T09:41:53.496671,7.7,14.6,2100.0
2026-02-08T09:41:53.997311,7.6,14.6,2100.0
2026-02-08T09:41:54.498023,8.3,14.5,2100.0
2026-02-08T09:41:54.998741,5.4,14.5,2100.0
2026-02-08T09:41:55.499990,5.8,14.5,2100.0
2026-02-08T09:41:56.000583,6.8,14.5,2100.0
2026-02-08T09:41:56.501516,6.6,14.5,2100.0
2026-02-08T09:41:57.002345,7.5,14.5,2100.0
2026-02-08T09:41:57.502936,6.1,14.5,2100.0
2026-02-08T09:41:58.003846,3.9,14.5,2100.0
2026-02-08T09:41:58.504583,4.9,14.5,2100.0
2026-02-08T09:41:59.005056,4.7,14.5,2100.0
2026-02-08T09:41:59.506759,7.6,14.5,2100.0
2026-02-08T09:42:00.007757,3.3,14.5,2100.0
2026-02-08T09:42:00.509424,6.3,14.5,2100.0
2026-02-08T09:42:01.009932,4.3,14.5,2100.0
2026-02-08T09:42:01.510918,5.4,14.5,2100.0
2026-02-08T09:42:02.011403,4.2,14.5,2100.0
2026-02-08T09:42:02.512216,7.8,14.5,2100.0
2026-02-08T09:42:03.012717,5.1,14.5,2100.0
2026-02-08T09:42:03.513294,4.7,14.5,2100.0
2026-02-08T09:42:04.013707,6.0,14.5,2100.0
2026-02-08T09:42:04.514272,6.7,14.5,2100.0
2026-02-08T09:42:05.015587,4.2,14.5,2100.0
2026-02-08T09:42:05.516039,7.4,14.5,2100.0
2026-02-08T09:42:06.016581,5.6,14.5,2100.0
2026-02-08T09:42:06.518215,4.3,14.5,2100.0
2026-02-08T09:42:07.019191,5.8,14.5,2100.0
2026-02-08T09:42:07.521158,6.6,14.5,2100.0
2026-02-08T09:42:08.022174,5.2,14.5,2100.0
2026-02-08T09:42:08.522596,8.6,14.5,2100.0
2026-02-08T09:42:09.023264,5.7,14.5,2100.0
2026-02-08T09:42:09.524024,7.1,14.5,2100.0
2026-02-08T09:42:10.024563,4.0,14.5,2100.0
2026-02-08T09:42:10.525439,8.6,14.5,2100.0
2026-02-08T09:42:11.026095,3.6,14.5,2100.0
2026-02-08T09:42:11.526725,4.2,14.5,2100.0
2026-02-08T09:42:12.027247,3.5,14.5,2100.0
2026-02-08T09:42:12.527626,5.3,14.5,2100.0
2026-02-08T09:42:13.028310,5.8,14.5,2100.0
2026-02-08T09:42:13.529270,12.8,14.5,2100.0
2026-02-08T09:42:14.029902,6.2,14.5,2100.0
2026-02-08T09:42:14.530277,7.0,14.5,2100.0
2026-02-08T09:42:15.031134,3.2,14.5,2100.0
2026-02-08T09:42:15.532153,4.3,14.5,2100.0
2026-02-08T09:42:16.033072,7.9,14.5,2100.0
2026-02-08T09:42:16.534389,8.8,14.5,2100.0
2026-02-08T09:42:17.035936,10.4,14.5,2100.0
2026-02-08T09:42:17.538700,11.1,14.5,2100.0
2026-02-08T09:42:18.039427,7.8,14.5,2100.0
2026-02-08T09:42:18.540186,11.4,14.5,2100.0
2026-02-08T09:42:19.042524,13.8,14.5,2100.0
2026-02-08T09:42:19.543182,10.8,14.5,2100.0
2026-02-08T09:42:20.044064,8.5,14.5,2100.0
2026-02-08T09:42:20.544633,10.9,14.4,2100.0
2026-02-08T09:42:21.046666,5.5,14.4,2100.0
2026-02-08T09:42:21.547372,6.0,14.4,2100.0
2026-02-08T09:42:22.050050,6.6,14.4,2100.0
2026-02-08T09:42:22.550668,4.8,14.4,2100.0
2026-02-08T09:42:23.051537,8.3,14.4,2100.0
2026-02-08T09:42:23.552341,4.3,14.4,2100.0
2026-02-08T09:42:24.053351,5.7,14.4,2100.0
2026-02-08T09:42:24.553785,7.2,14.4,2100.0
2026-02-08T09:42:25.054362,3.7,14.4,2100.0
2026-02-08T09:42:25.554931,4.9,14.4,2100.0
2026-02-08T09:42:26.055965,4.7,14.4,2100.0
2026-02-08T09:42:26.556894,3.6,14.4,2100.0
2026-02-08T09:42:27.057604,10.6,14.4,2100.0
2026-02-08T09:42:27.558293,9.4,14.4,2100.0
2026-02-08T09:42:28.058965,10.8,14.4,2100.0
2026-02-08T09:42:28.559393,12.7,14.4,2100.0
2026-02-08T09:42:29.060207,4.2,14.4,2100.0
2026-02-08T09:42:29.560963,10.9,14.4,2100.0
2026-02-08T09:42:30.061950,4.4,14.4,2100.0
2026-02-08T09:42:30.562490,6.5,14.4,2100.0
2026-02-08T09:42:31.063119,6.5,14.4,2100.0
2026-02-08T09:42:31.564274,5.3,14.4,2100.0
2026-02-08T09:42:32.064954,4.9,14.4,2100.0
2026-02-08T09:42:32.565441,6.8,14.4,2100.0
2026-02-08T09:42:33.066461,7.2,14.4,2100.0
2026-02-08T09:42:33.567677,8.6,14.4,2100.0
2026-02-08T09:42:34.068546,3.8,14.4,2100.0
2026-02-08T09:42:34.569365,11.6,14.4,2100.0
2026-02-08T09:42:35.070738,4.8,14.4,2100.0
2026-02-08T09:42:35.572131,10.5,14.4,2100.0
2026-02-08T09:42:36.072897,6.0,14.4,2100.0
2026-02-08T09:42:36.573449,7.6,14.4,2100.0
2026-02-08T09:42:37.073953,7.0,14.4,2100.0
2026-02-08T09:42:37.574876,8.8,14.4,2100.0
2026-02-08T09:42:38.075723,3.3,14.4,2100.0
2026-02-08T09:42:38.576483,14.3,14.4,2100.0
2026-02-08T09:42:39.077359,4.8,14.4,2100.0
2026-02-08T09:42:39.578120,16.6,14.4,2100.0
2026-02-08T09:42:40.078929,5.7,14.4,2100.0
2026-02-08T09:42:40.579398,5.7,14.4,2100.0
2026-02-08T09:42:41.080484,5.3,14.4,2100.0
2026-02-08T09:42:41.581116,5.7,14.4,2100.0
2026-02-08T09:42:42.082243,6.6,14.4,2100.0
2026-02-08T09:42:42.582981,4.7,14.4,2100.0
2026-02-08T09:42:43.084122,4.6,14.4,2100.0
2026-02-08T09:42:43.585647,4.7,14.4,2100.0
2026-02-08T09:42:44.086527,3.6,14.4,2100.0
2026-02-08T09:42:44.586969,10.7,14.4,2100.0
2026-02-08T09:42:45.087452,3.8,14.4,2100.0
2026-02-08T09:42:45.588158,4.4,14.4,2100.0
2026-02-08T09:42:46.088929,3.7,14.4,2100.0
2026-02-08T09:42:46.589738,5.4,14.4,2100.0
2026-02-08T09:42:47.090389,4.8,14.4,2100.0
2026-02-08T09:42:47.591234,8.0,14.4,2100.0
2026-02-08T09:42:48.092010,3.6,14.4,2100.0
2026-02-08T09:42:48.594000,6.1,14.4,2100.0
2026-02-08T09:42:49.094604,3.7,14.4,2100.0
2026-02-08T09:42:49.595152,6.2,14.4,2100.0
2026-02-08T09:42:50.095546,5.5,14.4,2100.0
2026-02-08T09:42:50.596680,10.0,14.4,2100.0
2026-02-08T09:42:51.097310,5.6,14.4,2100.0
2026-02-08T09:42:51.598228,5.1,14.4,2100.0
2026-02-08T09:42:52.098660,4.4,14.4,2100.0
2026-02-08T09:42:52.600578,5.6,14.4,2100.0
2026-02-08T09:42:53.101007,6.3,14.4,2100.0
2026-02-08T09:42:53.601682,3.1,14.4,2100.0
2026-02-08T09:42:54.103253,5.6,14.4,2100.0
2026-02-08T09:42:54.603948,4.5,14.4,2100.0
2026-02-08T09:42:55.104510,4.7,14.4,2100.0
2026-02-08T09:42:55.605286,5.4,14.4,2100.0
2026-02-08T09:42:56.105841,5.3,14.4,2100.0
2026-02-08T09:42:56.606465,5.7,14.4,2100.0
2026-02-08T09:42:57.107143,4.0,14.4,2100.0
2026-02-08T09:42:57.607977,9.2,14.4,2100.0
2026-02-08T09:42:58.109166,3.7,14.4,2100.0
2026-02-08T09:42:58.609863,6.9,14.4,2100.0
2026-02-08T09:42:59.110502,5.3,14.4,2100.0
2026-02-08T09:42:59.611136,9.2,14.4,2100.0
2026-02-08T09:43:00.111983,6.8,14.4,2100.0
2026-02-08T09:43:00.612897,5.3,14.4,2100.0
2026-02-08T09:43:01.113651,5.0,14.4,2100.0
2026-02-08T09:43:01.614486,5.2,14.4,2100.0
2026-02-08T09:43:02.115422,6.9,14.4,2100.0
2026-02-08T09:43:02.615886,6.2,14.4,2100.0
2026-02-08T09:43:03.116455,6.0,14.4,2100.0
2026-02-08T09:43:03.617738,5.1,14.4,2100.0
2026-02-08T09:43:04.118182,4.7,14.4,2100.0
2026-02-08T09:43:04.618753,6.2,14.4,2100.0
2026-02-08T09:43:05.119583,4.9,14.4,2100.0
2026-02-08T09:43:05.620489,4.7,14.4,2100.0
2026-02-08T09:43:06.121468,4.7,14.4,2100.0
2026-02-08T09:43:06.622146,3.6,14.4,2100.0
2026-02-08T09:43:07.122624,5.1,14.4,2100.0
2026-02-08T09:43:07.623735,4.1,14.4,2100.0
2026-02-08T09:43:08.124751,4.4,14.4,2100.0
2026-02-08T09:43:08.625513,4.9,14.4,2100.0
2026-02-08T09:43:09.126145,4.4,14.4,2100.0
2026-02-08T09:43:09.626828,4.7,14.4,2100.0
2026-02-08T09:43:10.127659,7.1,14.4,2100.0
2026-02-08T09:43:10.629595,5.3,14.4,2100.0
2026-02-08T09:43:11.130112,4.8,14.4,2100.0
2026-02-08T09:43:11.630771,5.7,14.4,2100.0
2026-02-08T09:43:12.131419,7.5,14.4,2100.0
2026-02-08T09:43:12.632088,7.9,14.4,2100.0
2026-02-08T09:43:13.132846,3.5,14.4,2100.0
2026-02-08T09:43:13.633366,6.1,14.4,2100.0
2026-02-08T09:43:14.133824,4.1,14.4,2100.0
2026-02-08T09:43:14.636058,9.2,14.4,2100.0
2026-02-08T09:43:15.136765,2.9,14.4,2100.0
2026-02-08T09:43:15.637431,6.5,14.4,2100.0
2026-02-08T09:43:16.138149,3.7,14.4,2100.0
2026-02-08T09:43:16.638878,4.2,14.4,2100.0
2026-02-08T09:43:17.139724,8.6,14.4,2100.0
2026-02-08T09:43:17.640577,7.7,14.4,2100.0
2026-02-08T09:43:18.141347,3.3,14.4,2100.0
2026-02-08T09:43:18.642493,5.0,14.4,2100.0
2026-02-08T09:43:19.143205,3.1,14.4,2100.0
2026-02-08T09:43:19.644050,7.3,14.4,2100.0
2026-02-08T09:43:20.145140,5.1,14.4,2100.0
2026-02-08T09:43:20.645582,9.1,14.4,2100.0
2026-02-08T09:43:21.146286,3.4,14.4,2100.0
2026-02-08T09:43:21.646984,4.3,14.4,2100.0
2026-02-08T09:43:22.147477,4.0,14.4,2100.0
2026-02-08T09:43:22.648109,3.7,14.4,2100.0
2026-02-08T09:43:23.148697,5.7,14.4,2100.0
2026-02-08T09:43:23.649301,13.0,14.4,2100.0
2026-02-08T09:43:24.150362,3.2,14.4,2100.0
2026-02-08T09:43:24.650761,7.4,14.4,2100.0
2026-02-08T09:43:25.151500,3.0,14.4,2100.0
2026-02-08T09:43:25.653352,6.0,14.4,2100.0
2026-02-08T09:43:26.154168,3.2,14.4,2100.0
2026-02-08T09:43:26.655079,5.1,14.4,2100.0
2026-02-08T09:43:27.155843,6.9,14.4,2100.0
2026-02-08T09:43:27.656551,7.2,14.4,2100.0
2026-02-08T09:43:28.157883,3.4,14.4,2100.0
2026-02-08T09:43:28.658419,4.5,14.4,2100.0
2026-02-08T09:43:29.159224,2.8,14.4,2100.0
2026-02-08T09:43:29.659737,6.4,14.4,2100.0
2026-02-08T09:43:30.160154,3.1,14.4,2100.0
2026-02-08T09:43:30.660807,6.8,14.4,2100.0
2026-02-08T09:43:31.161482,3.4,14.4,2100.0
2026-02-08T09:43:31.662252,5.7,14.4,2100.0
2026-02-08T09:43:32.162942,5.8,14.4,2100.0
2026-02-08T09:43:32.664664,4.2,14.4,2100.0
2026-02-08T09:43:33.167550,7.1,14.4,2100.0
2026-02-08T09:43:33.668367,6.3,14.4,2100.0
2026-02-08T09:43:34.169100,3.4,14.4,2100.0
2026-02-08T09:43:34.670160,8.0,14.4,2100.0
2026-02-08T09:43:35.170947,4.5,14.4,2100.0
2026-02-08T09:43:35.671441,8.0,14.4,2100.0
2026-02-08T09:43:36.172167,3.6,14.4,2100.0
2026-02-08T09:43:36.673106,5.1,14.4,2100.0
2026-02-08T09:43:37.173702,4.3,14.4,2100.0
2026-02-08T09:43:37.674071,5.0,14.4,2100.0
2026-02-08T09:43:38.174613,4.1,14.4,2100.0
2026-02-08T09:43:38.675691,9.1,14.4,2100.0
2026-02-08T09:43:39.176617,3.7,14.4,2100.0
2026-02-08T09:43:39.677830,5.4,14.4,2100.0
2026-02-08T09:43:40.179270,5.6,14.4,2100.0
2026-02-08T09:43:40.680061,6.5,14.4,2100.0
2026-02-08T09:43:41.180864,3.7,14.4,2100.0
2026-02-08T09:43:41.682502,4.9,14.4,2100.0
2026-02-08T09:43:42.183121,4.4,14.4,2100.0
2026-02-08T09:43:42.684097,5.5,14.4,2100.0
2026-02-08T09:43:43.185003,7.8,14.4,2100.0
2026-02-08T09:43:43.685635,6.9,14.4,2100.0
2026-02-08T09:43:44.186167,5.4,14.4,2100.0
2026-02-08T09:43:44.686682,8.7,14.4,2100.0
2026-02-08T09:43:45.187558,3.7,14.4,2100.0
2026-02-08T09:43:45.688158,5.5,14.4,2100.0
2026-02-08T09:43:46.188824,3.8,14.4,2100.0
2026-02-08T09:43:46.689405,5.2,14.4,2100.0
2026-02-08T09:43:47.190314,7.4,14.4,2100.0
2026-02-08T09:43:47.691268,8.1,14.4,2100.0
2026-02-08T09:43:48.193682,3.4,14.4,2100.0
2026-02-08T09:43:48.694419,3.1,14.4,2100.0
2026-02-08T09:43:49.195043,2.8,14.4,2100.0
2026-02-08T09:43:49.697101,5.4,14.4,2100.0
2026-02-08T09:43:50.197989,4.8,14.4,2100.0
2026-02-08T09:43:50.698952,6.2,14.4,2100.0
2026-02-08T09:43:51.200906,5.6,14.4,2100.0
2026-02-08T09:43:51.702280,6.4,14.4,2100.0
2026-02-08T09:43:52.202947,4.2,14.4,2100.0
2026-02-08T09:43:52.703629,4.5,14.4,2100.0
2026-02-08T09:43:53.204087,6.6,14.4,2100.0
2026-02-08T09:43:53.704915,5.5,14.4,2100.0
2026-02-08T09:43:54.205749,4.6,14.4,2100.0
2026-02-08T09:43:54.706493,5.5,14.4,2100.0
2026-02-08T09:43:55.207090,5.8,14.4,2100.0
2026-02-08T09:43:55.707766,3.5,14.4,2100.0
2026-02-08T09:43:56.208502,8.2,14.4,2100.0
2026-02-08T09:43:56.709291,4.9,14.4,2100.0
2026-02-08T09:43:57.210071,6.9,14.4,2100.0
2026-02-08T09:43:57.711068,4.1,14.4,2100.0
2026-02-08T09:43:58.211601,8.7,14.4,2100.0
2026-02-08T09:43:58.712497,5.7,14.4,2100.0
2026-02-08T09:43:59.213251,4.4,14.4,2100.0
2026-02-08T09:43:59.714147,6.1,14.4,2100.0
2026-02-08T09:44:00.214963,5.2,14.4,2100.0
2026-02-08T09:44:00.715381,6.2,14.4,2100.0
2026-02-08T09:44:01.217818,4.8,14.4,2100.0
2026-02-08T09:44:01.718603,5.1,14.4,2100.0
2026-02-08T09:44:02.219399,4.0,14.4,2100.0
2026-02-08T09:44:02.720212,3.7,14.4,2100.0
2026-02-08T09:44:03.220929,4.7,14.4,2100.0
2026-02-08T09:44:03.721601,8.1,14.4,2100.0
2026-02-08T09:44:04.222126,5.1,14.4,2100.0
2026-02-08T09:44:04.722579,7.3,14.4,2100.0
2026-02-08T09:44:05.223212,4.8,14.4,2100.0
2026-02-08T09:44:05.723896,6.0,14.4,2100.0
2026-02-08T09:44:06.224679,4.9,14.4,2100.0
2026-02-08T09:44:06.725493,6.9,14.4,2100.0
2026-02-08T09:44:07.226548,5.8,14.4,2100.0
2026-02-08T09:44:07.727240,4.2,14.4,2100.0
2026-02-08T09:44:08.228561,4.9,14.4,2100.0
2026-02-08T09:44:08.729815,7.5,14.4,2100.0
2026-02-08T09:44:09.230491,3.7,14.4,2100.0
2026-02-08T09:44:09.731739,4.4,14.4,2100.0
2026-02-08T09:44:10.232729,3.9,14.4,2100.0
2026-02-08T09:44:10.733406,8.9,14.4,2100.0
2026-02-08T09:44:11.234019,3.6,14.4,2100.0
2026-02-08T09:44:11.734822,4.0,14.4,2100.0
2026-02-08T09:44:12.235203,2.6,14.4,2100.0
2026-02-08T09:44:12.735680,2.9,14.4,2100.0
2026-02-08T09:44:13.236395,3.0,14.4,2100.0
2026-02-08T09:44:13.736816,4.7,14.4,2100.0
2026-02-08T09:44:14.237481,4.5,14.4,2100.0
2026-02-08T09:44:14.737940,10.1,14.4,2100.0
2026-02-08T09:44:15.238627,4.0,14.4,2100.0
2026-02-08T09:44:15.739598,8.9,14.4,2100.0
2026-02-08T09:44:16.240029,4.3,14.4,2100.0
2026-02-08T09:44:16.740620,8.6,14.4,2100.0
2026-02-08T09:44:17.241147,7.5,14.4,2100.0
2026-02-08T09:44:17.742167,4.7,14.4,2100.0
2026-02-08T09:44:18.244258,8.2,14.4,2100.0
2026-02-08T09:44:18.745114,8.0,14.4,2100.0
2026-02-08T09:44:19.246374,4.6,14.4,2100.0
2026-02-08T09:44:19.747619,6.9,14.4,2100.0
2026-02-08T09:44:20.248149,4.4,14.4,2100.0
2026-02-08T09:44:20.748645,7.6,14.4,2100.0
2026-02-08T09:44:21.249812,7.3,14.4,2100.0
2026-02-08T09:44:21.750572,11.2,14.4,2100.0
2026-02-08T09:44:22.251180,3.6,14.4,2100.0
2026-02-08T09:44:22.752110,3.9,14.4,2100.0
2026-02-08T09:44:23.252942,4.2,14.4,2100.0
2026-02-08T09:44:23.753660,4.3,14.4,2100.0
2026-02-08T09:44:24.254391,2.8,14.4,2100.0
2026-02-08T09:44:24.755145,9.1,14.4,2100.0
2026-02-08T09:44:25.255630,1.9,14.4,2100.0
2026-02-08T09:44:25.757270,8.1,14.4,2100.0
2026-02-08T09:44:26.257992,3.6,14.4,2100.0
2026-02-08T09:44:26.759039,11.5,14.4,2100.0
2026-02-08T09:44:27.259874,3.9,14.4,2100.0
2026-02-08T09:44:27.761115,5.1,14.4,2100.0
2026-02-08T09:44:28.262147,4.9,14.4,2100.0
2026-02-08T09:44:28.762540,7.2,14.4,2100.0
2026-02-08T09:44:29.263949,4.0,14.4,2100.0
2026-02-08T09:44:29.764715,7.7,14.4,2100.0
2026-02-08T09:44:30.265135,3.6,14.3,2100.0
2026-02-08T09:44:30.765874,7.3,14.4,2100.0
2026-02-08T09:44:31.266619,2.7,14.4,2100.0
2026-02-08T09:44:31.767170,5.4,14.3,2100.0
2026-02-08T09:44:32.267777,3.8,14.3,2100.0
2026-02-08T09:44:32.768770,5.3,14.3,2100.0
2026-02-08T09:44:33.269601,3.5,14.3,2100.0
2026-02-08T09:44:33.770736,5.2,14.3,2100.0
2026-02-08T09:44:34.271528,3.8,14.3,2100.0
2026-02-08T09:44:34.771911,4.8,14.3,2100.0
2026-02-08T09:44:35.272502,4.1,14.3,2100.0
2026-02-08T09:44:35.773110,6.5,14.3,2100.0
2026-02-08T09:44:36.273854,4.4,14.3,2100.0
2026-02-08T09:44:36.775438,4.6,14.3,2100.0
2026-02-08T09:44:37.276069,4.2,14.3,2100.0
2026-02-08T09:44:37.776832,6.3,14.3,2100.0
2026-02-08T09:44:38.277700,5.3,14.3,2100.0
2026-02-08T09:44:38.778633,5.3,14.3,2100.0
2026-02-08T09:44:39.279557,5.6,14.3,2100.0
2026-02-08T09:44:39.780421,7.1,14.3,2100.0
2026-02-08T09:44:40.281360,6.4,14.3,2100.0
2026-02-08T09:44:40.782321,6.6,14.3,2100.0
2026-02-08T09:44:41.282792,7.8,14.3,2100.0
2026-02-08T09:44:41.783570,6.3,14.3,2100.0
2026-02-08T09:44:42.284303,3.4,14.3,2100.0
2026-02-08T09:44:42.784733,6.1,14.3,2100.0
2026-02-08T09:44:43.285174,4.4,14.3,2100.0
2026-02-08T09:44:43.785759,7.3,14.3,2100.0
2026-02-08T09:44:44.286207,5.4,14.3,2100.0
2026-02-08T09:44:44.786752,5.6,14.3,2100.0
2026-02-08T09:44:45.287476,4.5,14.3,2100.0
2026-02-08T09:44:45.788148,5.1,14.3,2100.0
2026-02-08T09:44:46.289017,8.3,14.3,2100.0
2026-02-08T09:44:46.789532,6.6,14.3,2100.0
2026-02-08T09:44:47.289949,6.3,14.3,2100.0
2026-02-08T09:44:47.791044,4.9,14.3,2100.0
2026-02-08T09:44:48.291975,6.3,14.3,2100.0
2026-02-08T09:44:48.793610,6.9,14.3,2100.0
2026-02-08T09:44:49.294454,4.8,14.3,2100.0
2026-02-08T09:44:49.794882,5.5,14.3,2100.0
2026-02-08T09:44:50.296231,5.9,14.3,2100.0
2026-02-08T09:44:50.797216,4.5,14.3,2100.0
2026-02-08T09:44:51.301138,5.7,14.3,2100.0
2026-02-08T09:44:51.802057,3.6,14.3,2100.0
2026-02-08T09:44:52.302659,3.7,14.3,2100.0
2026-02-08T09:44:52.803087,6.1,14.3,2100.0
2026-02-08T09:44:53.303812,3.9,14.3,2100.0
2026-02-08T09:44:53.804760,7.2,14.3,2100.0
2026-02-08T09:44:54.305673,3.9,14.3,2100.0
2026-02-08T09:44:54.807720,7.0,14.3,2100.0
2026-02-08T09:44:55.308780,3.8,14.3,2100.0
2026-02-08T09:44:55.809406,7.3,14.3,2100.0
2026-02-08T09:44:56.310915,4.6,14.3,2100.0
2026-02-08T09:44:56.811689,6.0,14.3,2100.0
2026-02-08T09:44:57.312196,4.8,14.3,2100.0
2026-02-08T09:44:57.812730,7.1,14.4,2100.0
2026-02-08T09:44:58.314649,8.1,14.4,2100.0
2026-02-08T09:44:58.815306,5.7,14.4,2100.0
2026-02-08T09:44:59.316078,4.1,14.4,2100.0
2026-02-08T09:44:59.817017,8.3,14.4,2100.0
2026-02-08T09:45:00.317916,9.5,14.3,2100.0
2026-02-08T09:45:00.821147,11.7,14.4,2100.0
2026-02-08T09:45:01.321778,4.9,14.3,2100.0
2026-02-08T09:45:01.823409,3.9,14.3,2100.0
2026-02-08T09:45:02.324128,5.4,14.3,2100.0
2026-02-08T09:45:02.827090,3.5,14.3,2100.0
2026-02-08T09:45:03.328298,5.1,14.3,2100.0
2026-02-08T09:45:03.863453,6.2,14.3,2100.0
2026-02-08T09:45:04.364276,6.7,14.3,2100.0
2026-02-08T09:45:04.864731,5.4,14.3,2100.0
2026-02-08T09:45:05.365290,5.4,14.3,2100.0
2026-02-08T09:45:05.866111,8.2,14.3,2100.0
2026-02-08T09:45:06.367224,4.7,14.4,2100.0
2026-02-08T09:45:06.867801,5.5,14.4,2100.0
2026-02-08T09:45:07.369127,8.7,14.4,2100.0
2026-02-08T09:45:07.869806,8.8,14.4,2100.0
2026-02-08T09:45:08.370577,4.0,14.4,2100.0
2026-02-08T09:45:08.871312,6.3,14.4,2100.0
2026-02-08T09:45:09.372089,5.3,14.4,2100.0
2026-02-08T09:45:09.872671,5.5,14.4,2100.0
2026-02-08T09:45:10.373462,4.9,14.4,2100.0
2026-02-08T09:45:10.873813,4.5,14.4,2100.0
2026-02-08T09:45:11.374754,5.5,14.4,2100.0
2026-02-08T09:45:11.875492,6.4,14.4,2100.0
2026-02-08T09:45:12.376304,5.1,14.4,2100.0
2026-02-08T09:45:12.876965,3.8,14.4,2100.0
2026-02-08T09:45:13.377549,5.6,14.4,2100.0
2026-02-08T09:45:13.878183,9.0,14.3,2100.0
2026-02-08T09:45:14.378842,6.6,14.3,2100.0
2026-02-08T09:45:14.879491,4.7,14.3,2100.0
2026-02-08T09:45:15.380133,3.3,14.3,2100.0
2026-02-08T09:45:15.881007,8.0,14.3,2100.0
2026-02-08T09:45:16.382018,4.3,14.3,2100.0
2026-02-08T09:45:16.884244,5.9,14.3,2100.0
2026-02-08T09:45:17.384856,4.8,14.3,2100.0
2026-02-08T09:45:17.885652,4.3,14.3,2100.0
2026-02-08T09:45:18.386570,7.7,14.3,2100.0
2026-02-08T09:45:18.887247,7.7,14.3,2100.0
2026-02-08T09:45:19.388172,6.7,14.3,2100.0
2026-02-08T09:45:19.888654,4.8,14.3,2100.0
2026-02-08T09:45:20.389441,5.5,14.3,2100.0
2026-02-08T09:45:20.889999,5.4,14.3,2100.0
2026-02-08T09:45:21.391525,4.4,14.3,2100.0
2026-02-08T09:45:21.892052,5.8,14.3,2100.0
2026-02-08T09:45:22.392525,5.2,14.3,2100.0
2026-02-08T09:45:22.893079,7.4,14.3,2100.0
2026-02-08T09:45:23.394021,5.1,14.3,2100.0
2026-02-08T09:45:23.894666,6.4,14.3,2100.0
2026-02-08T09:45:24.395150,4.7,14.3,2100.0
2026-02-08T09:45:24.895851,8.2,14.3,2100.0
2026-02-08T09:45:25.396589,4.8,14.3,2100.0
2026-02-08T09:45:25.897398,4.2,14.3,2100.0
2026-02-08T09:45:26.398040,4.0,14.3,2100.0
2026-02-08T09:45:26.898509,7.9,14.3,2100.0
2026-02-08T09:45:27.399160,6.2,14.3,2100.0
2026-02-08T09:45:27.899841,4.0,14.3,2100.0
2026-02-08T09:45:28.400635,4.7,14.3,2100.0
2026-02-08T09:45:28.901529,4.2,14.3,2100.0
2026-02-08T09:45:29.402304,5.8,14.3,2100.0
2026-02-08T09:45:29.902792,4.8,14.3,2100.0
2026-02-08T09:45:30.403518,4.4,14.3,2100.0
2026-02-08T09:45:30.904178,5.5,14.3,2100.0
2026-02-08T09:45:31.404645,4.7,14.3,2100.0
2026-02-08T09:45:31.906081,6.4,14.3,2100.0
2026-02-08T09:45:32.406852,6.2,14.3,2100.0
2026-02-08T09:45:32.908395,4.4,14.3,2100.0
2026-02-08T09:45:33.409509,5.0,14.3,2100.0
2026-02-08T09:45:33.910026,4.3,14.3,2100.0
2026-02-08T09:45:34.410620,4.3,14.3,2100.0
2026-02-08T09:45:34.912013,3.9,14.3,2100.0
2026-02-08T09:45:35.412719,5.1,14.3,2100.0
2026-02-08T09:45:35.914162,7.6,14.3,2100.0
2026-02-08T09:45:36.414709,4.9,14.3,2100.0
2026-02-08T09:45:36.915450,6.3,14.3,2100.0
2026-02-08T09:45:37.416386,5.9,14.3,2100.0
2026-02-08T09:45:37.917187,3.4,14.3,2100.0
2026-02-08T09:45:38.417613,4.7,14.3,2100.0
2026-02-08T09:45:38.918406,5.4,14.3,2100.0
2026-02-08T09:45:39.418942,5.7,14.3,2100.0
2026-02-08T09:45:39.919648,15.8,14.3,2100.0
2026-02-08T09:45:40.420021,3.0,14.3,2100.0
2026-02-08T09:45:40.920379,5.6,14.3,2100.0
2026-02-08T09:45:41.421296,4.4,14.3,2100.0
2026-02-08T09:45:41.921757,8.6,14.3,2100.0
2026-02-08T09:45:42.422281,4.3,14.3,2100.0
2026-02-08T09:45:42.922828,5.6,14.3,2100.0
2026-02-08T09:45:43.423717,7.6,14.3,2100.0
2026-02-08T09:45:43.924473,9.8,14.3,2100.0
2026-02-08T09:45:44.425168,7.0,14.3,2100.0
2026-02-08T09:45:44.926042,14.7,14.3,2100.0
2026-02-08T09:45:45.427392,3.5,14.3,2100.0
2026-02-08T09:45:45.928199,7.4,14.3,2100.0
2026-02-08T09:45:46.428572,5.1,14.3,2100.0
2026-02-08T09:45:46.930126,7.8,14.3,2100.0
2026-02-08T09:45:47.430500,6.6,14.3,2100.0
2026-02-08T09:45:47.930897,6.9,14.3,2100.0
2026-02-08T09:45:48.431448,7.8,14.3,2100.0
2026-02-08T09:45:48.932625,11.3,14.3,2100.0
2026-02-08T09:45:49.433505,8.6,14.4,2100.0
2026-02-08T09:45:49.933862,9.8,14.4,2100.0
2026-02-08T09:45:50.434271,7.0,14.4,2100.0
2026-02-08T09:45:50.934963,21.6,14.4,2100.0
2026-02-08T09:45:51.435572,5.0,14.4,2100.0
2026-02-08T09:45:51.935976,9.5,14.4,2100.0
2026-02-08T09:45:52.436617,13.8,14.5,2100.0
2026-02-08T09:45:52.937696,13.4,14.5,2100.0
2026-02-08T09:45:53.439270,8.6,14.5,2100.0
2026-02-08T09:45:53.941354,8.5,14.5,2100.0
2026-02-08T09:45:54.443146,9.8,14.5,2100.0
2026-02-08T09:45:54.943964,8.6,14.3,2100.0
2026-02-08T09:45:55.446189,5.1,14.3,2100.0
2026-02-08T09:45:55.948355,9.0,14.3,2100.0
2026-02-08T09:45:56.449189,8.7,14.4,2100.0
2026-02-08T09:45:56.950006,11.9,14.4,2100.0
2026-02-08T09:45:57.451126,21.8,14.4,2100.0
2026-02-08T09:45:57.951882,10.1,14.4,2100.0
2026-02-08T09:45:58.453221,6.8,14.4,2100.0
2026-02-08T09:45:58.953852,5.6,14.4,2100.0
2026-02-08T09:45:59.454623,5.5,14.4,2100.0
2026-02-08T09:45:59.955025,5.5,14.4,2100.0
2026-02-08T09:46:00.455746,3.0,14.4,2100.0
2026-02-08T09:46:00.956576,3.8,14.4,2100.0
2026-02-08T09:46:01.457450,8.2,14.3,2100.0
2026-02-08T09:46:01.959854,7.1,14.3,2100.0
2026-02-08T09:46:02.460446,9.0,14.4,2100.0
2026-02-08T09:46:02.962580,18.3,14.5,2100.0
2026-02-08T09:46:03.463071,15.6,14.5,2100.0
2026-02-08T09:46:03.964406,4.9,14.5,2100.0
2026-02-08T09:46:04.464774,18.3,14.5,2100.0
2026-02-08T09:46:04.965431,18.4,14.6,2100.0
2026-02-08T09:46:05.465897,31.0,14.7,2100.0
2026-02-08T09:46:05.966652,13.1,14.7,2100.0
2026-02-08T09:46:06.467349,9.3,14.7,2100.0
2026-02-08T09:46:06.967875,10.0,14.7,2100.0
2026-02-08T09:46:07.468456,23.5,14.7,2100.0
2026-02-08T09:46:07.969324,9.0,14.7,2100.0
2026-02-08T09:46:08.470230,8.9,14.7,2100.0
2026-02-08T09:46:08.971086,8.3,14.7,2100.0
2026-02-08T09:46:09.471523,14.4,14.7,2100.0
2026-02-08T09:46:09.972139,4.4,14.7,2100.0
2026-02-08T09:46:10.474079,6.6,14.7,2100.0
2026-02-08T09:46:10.974564,7.3,14.7,2100.0
2026-02-08T09:46:11.475632,6.4,14.7,2100.0
2026-02-08T09:46:11.976833,10.6,14.7,2100.0
2026-02-08T09:46:12.477509,11.3,14.7,2100.0
2026-02-08T09:46:12.978151,5.5,14.7,2100.0
2026-02-08T09:46:13.479003,6.4,14.7,2100.0
2026-02-08T09:46:13.979866,4.6,14.7,2100.0
2026-02-08T09:46:14.480799,6.5,14.7,2100.0
2026-02-08T09:46:14.981351,7.8,14.7,2100.0
2026-02-08T09:46:15.481792,9.1,14.7,2100.0
2026-02-08T09:46:15.982719,11.3,14.7,2100.0
2026-02-08T09:46:16.483164,15.5,14.7,2100.0
2026-02-08T09:46:16.984043,7.9,14.7,2100.0
2026-02-08T09:46:17.484557,9.8,14.7,2100.0
2026-02-08T09:46:17.985449,11.5,14.7,2100.0
2026-02-08T09:46:18.486321,16.7,14.7,2100.0
2026-02-08T09:46:18.988014,14.2,14.7,2100.0
2026-02-08T09:46:19.489038,25.1,14.8,2100.0
2026-02-08T09:46:19.990021,12.7,14.8,2100.0
2026-02-08T09:46:20.491336,21.1,14.8,2100.0
2026-02-08T09:46:20.992206,21.7,14.8,2100.0
2026-02-08T09:46:21.493049,14.6,14.8,2100.0
2026-02-08T09:46:21.994066,11.2,14.8,2100.0
2026-02-08T09:46:22.496884,13.4,14.8,2100.0
2026-02-08T09:46:22.999560,9.2,14.8,2100.0
2026-02-08T09:46:23.501250,13.0,14.8,2100.0
2026-02-08T09:46:24.002655,9.6,14.8,2100.0
2026-02-08T09:46:24.504014,15.3,14.8,2100.0
2026-02-08T09:46:25.005400,12.5,14.8,2100.0
2026-02-08T09:46:25.506627,17.0,14.7,2100.0
2026-02-08T09:46:26.008673,10.0,14.7,2100.0
2026-02-08T09:46:26.509800,14.1,14.7,2100.0
2026-02-08T09:46:27.013198,14.5,14.7,2100.0
2026-02-08T09:46:27.514759,19.2,14.7,2100.0
2026-02-08T09:46:28.015518,13.3,14.7,2100.0
2026-02-08T09:46:28.517164,14.9,14.7,2100.0
2026-02-08T09:46:29.019065,11.8,14.7,2100.0
2026-02-08T09:46:29.519956,13.7,14.7,2100.0
2026-02-08T09:46:30.022144,10.8,14.7,2100.0
2026-02-08T09:46:30.523892,14.7,14.7,2100.0
2026-02-08T09:46:31.026334,10.4,14.8,2100.0
2026-02-08T09:46:31.527493,12.4,14.8,2100.0
2026-02-08T09:46:32.028019,11.9,14.8,2100.0
2026-02-08T09:46:32.529533,15.1,14.8,2100.0
2026-02-08T09:46:33.031390,11.7,14.7,2100.0
2026-02-08T09:46:33.532721,15.0,14.7,2100.0
2026-02-08T09:46:34.033108,10.6,14.7,2100.0
2026-02-08T09:46:34.534509,15.1,14.7,2100.0
2026-02-08T09:46:35.035534,17.3,14.7,2100.0
2026-02-08T09:46:35.536390,16.5,14.7,2100.0
2026-02-08T09:46:36.037162,13.4,14.7,2100.0
2026-02-08T09:46:36.541315,13.2,14.7,2100.0
2026-02-08T09:46:37.042628,12.8,14.7,2100.0
2026-02-08T09:46:37.544036,13.5,14.7,2100.0
2026-02-08T09:46:38.051985,12.7,14.7,2100.0
2026-02-08T09:46:38.553289,12.5,14.7,2100.0
2026-02-08T09:46:39.054262,13.7,14.7,2100.0
2026-02-08T09:46:39.555370,13.5,14.7,2100.0
2026-02-08T09:46:40.056044,13.1,14.7,2100.0
2026-02-08T09:46:40.557431,13.5,14.7,2100.0
2026-02-08T09:46:41.058328,16.3,14.7,2100.0
2026-02-08T09:46:41.559292,16.2,14.7,2100.0
2026-02-08T09:46:42.060910,17.8,14.7,2100.0
2026-02-08T09:46:42.561470,14.8,14.7,2100.0
2026-02-08T09:46:43.064218,12.4,14.7,2100.0
2026-02-08T09:46:43.564876,11.8,14.7,2100.0
2026-02-08T09:46:44.066595,10.0,14.7,2100.0
2026-02-08T09:46:44.567880,11.9,14.7,2100.0
2026-02-08T09:46:45.068739,13.2,14.7,2100.0
2026-02-08T09:46:45.569329,13.1,14.7,2100.0
2026-02-08T09:46:46.070067,11.1,14.7,2100.0
2026-02-08T09:46:46.570821,15.5,14.7,2100.0
2026-02-08T09:46:47.071912,12.7,14.8,2100.0
2026-02-08T09:46:47.572541,10.4,14.8,2100.0
2026-02-08T09:46:48.073971,18.5,14.8,2100.0
2026-02-08T09:46:48.574604,15.9,14.8,2100.0
2026-02-08T09:46:49.075035,6.1,14.8,2100.0
2026-02-08T09:46:49.575964,13.3,14.8,2100.0
2026-02-08T09:46:50.076741,8.8,14.8,2100.0
2026-02-08T09:46:50.577484,10.2,14.8,2100.0
2026-02-08T09:46:51.078261,6.0,14.8,2100.0
2026-02-08T09:46:51.578868,5.5,14.8,2100.0
2026-02-08T09:46:52.079475,7.6,14.8,2100.0
2026-02-08T09:46:52.580259,14.2,14.8,2100.0
2026-02-08T09:46:53.080866,9.2,14.8,2100.0
2026-02-08T09:46:53.581300,6.4,14.8,2100.0
2026-02-08T09:46:54.081869,8.3,14.8,2100.0
2026-02-08T09:46:54.582328,8.0,14.8,2100.0
2026-02-08T09:46:55.082987,9.4,14.8,2100.0
2026-02-08T09:46:55.584928,6.8,14.8,2100.0
2026-02-08T09:46:56.085821,8.9,14.7,2100.0
2026-02-08T09:46:56.586239,8.5,14.7,2100.0
2026-02-08T09:46:57.086847,7.8,14.7,2100.0
2026-02-08T09:46:57.587721,6.5,14.7,2100.0
2026-02-08T09:46:58.090471,13.8,14.7,2100.0
2026-02-08T09:46:58.591542,8.2,14.7,2100.0
2026-02-08T09:46:59.092340,5.9,14.7,2100.0
2026-02-08T09:46:59.592970,10.5,14.7,2100.0
2026-02-08T09:47:00.093555,5.7,14.7,2100.0
2026-02-08T09:47:00.594358,6.3,14.7,2100.0
2026-02-08T09:47:01.094930,6.0,14.7,2100.0
2026-02-08T09:47:01.595721,7.4,14.7,2100.0
2026-02-08T09:47:02.096442,7.8,14.7,2100.0
2026-02-08T09:47:02.597322,7.5,14.7,2100.0
2026-02-08T09:47:03.098083,6.5,14.7,2100.0
2026-02-08T09:47:03.598828,10.8,14.7,2100.0
2026-02-08T09:47:04.099345,4.4,14.7,2100.0
2026-02-08T09:47:04.600120,8.0,14.7,2100.0
2026-02-08T09:47:05.101525,11.4,14.7,2100.0
2026-02-08T09:47:05.602517,7.9,14.7,2100.0
2026-02-08T09:47:06.103714,4.4,14.7,2100.0
2026-02-08T09:47:06.604574,7.1,14.7,2100.0
2026-02-08T09:47:07.105095,8.5,14.7,2100.0
2026-02-08T09:47:07.606004,8.6,14.7,2100.0
2026-02-08T09:47:08.106974,5.4,14.7,2100.0
2026-02-08T09:47:08.607703,7.7,14.7,2100.0
2026-02-08T09:47:09.108801,7.3,14.7,2100.0
2026-02-08T09:47:09.609991,9.5,14.7,2100.0
2026-02-08T09:47:10.110953,7.9,14.7,2100.0
2026-02-08T09:47:10.611550,10.3,14.7,2100.0
2026-02-08T09:47:11.112219,5.8,14.7,2100.0
2026-02-08T09:47:11.612984,10.8,14.7,2100.0
2026-02-08T09:47:12.113527,5.1,14.7,2100.0
2026-02-08T09:47:12.614423,9.7,14.7,2100.0
2026-02-08T09:47:13.114950,8.8,14.7,2100.0
2026-02-08T09:47:13.615383,9.3,14.7,2100.0
2026-02-08T09:47:14.116025,3.9,14.7,2100.0
2026-02-08T09:47:14.617210,9.0,14.7,2100.0
2026-02-08T09:47:15.117931,6.5,14.7,2100.0
2026-02-08T09:47:15.618565,13.7,14.7,2100.0
2026-02-08T09:47:16.119204,6.8,14.7,2100.0
2026-02-08T09:47:16.619882,7.8,14.7,2100.0
2026-02-08T09:47:17.120437,5.4,14.7,2100.0
2026-02-08T09:47:17.621143,9.1,14.7,2100.0
2026-02-08T09:47:18.121852,8.6,14.7,2100.0
2026-02-08T09:47:18.622364,8.1,14.7,2100.0
2026-02-08T09:47:19.123922,6.3,14.7,2100.0
2026-02-08T09:47:19.624570,10.4,14.7,2100.0
2026-02-08T09:47:20.125072,6.5,14.7,2100.0
2026-02-08T09:47:20.625928,9.1,14.7,2100.0
2026-02-08T09:47:21.126844,5.5,14.7,2100.0
2026-02-08T09:47:21.627443,8.1,14.7,2100.0
2026-02-08T09:47:22.127935,7.0,14.7,2100.0
2026-02-08T09:47:22.628524,9.2,14.7,2100.0
2026-02-08T09:47:23.129659,10.5,14.7,2100.0
2026-02-08T09:47:23.630326,6.8,14.7,2100.0
2026-02-08T09:47:24.131210,5.4,14.7,2100.0
2026-02-08T09:47:24.631753,7.8,14.7,2100.0
2026-02-08T09:47:25.132253,7.4,14.7,2100.0
2026-02-08T09:47:25.636641,7.2,14.7,2100.0
2026-02-08T09:47:26.137370,6.0,14.7,2100.0
2026-02-08T09:47:26.638756,5.8,14.7,2100.0
2026-02-08T09:47:27.139572,7.8,14.7,2100.0
2026-02-08T09:47:27.640176,5.5,14.7,2100.0
2026-02-08T09:47:28.140795,7.5,14.7,2100.0
2026-02-08T09:47:28.641581,6.7,14.7,2100.0
2026-02-08T09:47:29.142340,7.6,14.7,2100.0
2026-02-08T09:47:29.643149,8.7,14.7,2100.0
2026-02-08T09:47:30.143919,8.0,14.7,2100.0
2026-02-08T09:47:30.644549,8.4,14.7,2100.0
2026-02-08T09:47:31.144985,6.3,14.7,2100.0
2026-02-08T09:47:31.646570,10.3,14.7,2100.0
2026-02-08T09:47:32.147516,5.4,14.7,2100.0
2026-02-08T09:47:32.648057,11.1,14.7,2100.0
2026-02-08T09:47:33.148594,6.0,14.7,2100.0
2026-02-08T09:47:33.650279,12.8,14.7,2100.0
2026-02-08T09:47:34.152086,4.9,14.7,2100.0
2026-02-08T09:47:34.652686,8.3,14.7,2100.0
2026-02-08T09:47:35.153809,8.8,14.7,2100.0
2026-02-08T09:47:35.654380,8.9,14.7,2100.0
2026-02-08T09:47:36.155522,5.9,14.7,2100.0
2026-02-08T09:47:36.656317,7.3,14.7,2100.0
2026-02-08T09:47:37.157192,6.1,14.7,2100.0
2026-02-08T09:47:37.657601,7.3,14.7,2100.0
2026-02-08T09:47:38.158021,5.6,14.7,2100.0
2026-02-08T09:47:38.658574,7.1,14.7,2100.0
2026-02-08T09:47:39.159233,8.2,14.7,2100.0
2026-02-08T09:47:39.659740,11.2,14.7,2100.0
2026-02-08T09:47:40.160547,9.9,14.7,2100.0
2026-02-08T09:47:40.661373,9.1,14.7,2100.0
2026-02-08T09:47:41.162264,5.1,14.7,2100.0
2026-02-08T09:47:41.662996,9.3,14.7,2100.0
2026-02-08T09:47:42.163883,7.6,14.7,2100.0
2026-02-08T09:47:42.664649,10.0,14.7,2100.0
2026-02-08T09:47:43.165894,3.0,14.7,2100.0
2026-02-08T09:47:43.666557,15.7,14.7,2100.0
2026-02-08T09:47:44.167701,6.2,14.7,2100.0
2026-02-08T09:47:44.668557,4.2,14.7,2100.0
2026-02-08T09:47:45.168978,8.3,14.7,2100.0
2026-02-08T09:47:45.669913,11.9,14.7,2100.0
2026-02-08T09:47:46.171165,6.7,14.7,2100.0
2026-02-08T09:47:46.671924,7.5,14.7,2100.0
2026-02-08T09:47:47.172532,6.4,14.7,2100.0
2026-02-08T09:47:47.673369,9.7,14.7,2100.0
2026-02-08T09:47:48.173978,6.6,14.7,2100.0
2026-02-08T09:47:48.674678,7.1,14.7,2100.0
2026-02-08T09:47:49.175375,4.4,14.7,2100.0
2026-02-08T09:47:49.676126,8.3,14.7,2100.0
2026-02-08T09:47:50.176622,7.8,14.7,2100.0
2026-02-08T09:47:50.677210,8.1,14.7,2100.0
2026-02-08T09:47:51.177953,6.6,14.7,2100.0
2026-02-08T09:47:51.678424,9.9,14.7,2100.0
2026-02-08T09:47:52.179328,7.4,14.7,2100.0
2026-02-08T09:47:52.679842,6.5,14.7,2100.0
2026-02-08T09:47:53.180298,5.8,14.7,2100.0
2026-02-08T09:47:53.680723,6.4,14.7,2100.0
2026-02-08T09:47:54.182200,6.1,14.7,2100.0
2026-02-08T09:47:54.683040,7.5,14.7,2100.0
2026-02-08T09:47:55.192936,14.8,14.7,2100.0
2026-02-08T09:47:55.693729,10.1,14.7,2100.0
2026-02-08T09:47:56.194719,8.9,14.7,2100.0
2026-02-08T09:47:56.695308,5.8,14.7,2100.0
2026-02-08T09:47:57.195950,10.6,14.7,2100.0
2026-02-08T09:47:57.699680,6.7,14.7,2100.0
2026-02-08T09:47:58.200944,6.4,14.7,2100.0
2026-02-08T09:47:58.701869,8.4,14.7,2100.0
2026-02-08T09:47:59.203050,7.4,14.7,2100.0
2026-02-08T09:47:59.704101,7.0,14.7,2100.0
2026-02-08T09:48:00.204559,7.4,14.7,2100.0
2026-02-08T09:48:00.705313,7.1,14.7,2100.0
2026-02-08T09:48:01.205965,6.2,14.7,2100.0
2026-02-08T09:48:01.707118,7.2,14.7,2100.0
2026-02-08T09:48:02.208095,9.5,14.7,2100.0
2026-02-08T09:48:02.708837,5.6,14.7,2100.0
2026-02-08T09:48:03.209572,10.0,14.7,2100.0
2026-02-08T09:48:03.710338,5.5,14.7,2100.0
2026-02-08T09:48:04.210764,7.7,14.7,2100.0
2026-02-08T09:48:04.711333,5.9,14.7,2100.0
2026-02-08T09:48:05.211678,10.1,14.7,2100.0
2026-02-08T09:48:05.712294,19.4,14.7,2100.0
2026-02-08T09:48:06.212686,8.9,14.7,2100.0
2026-02-08T09:48:06.713381,12.3,14.7,2100.0
2026-02-08T09:48:07.215244,6.7,14.7,2100.0
2026-02-08T09:48:07.716030,6.3,14.7,2100.0
2026-02-08T09:48:08.216499,4.8,14.7,2100.0
2026-02-08T09:48:08.717808,6.6,14.7,2100.0
2026-02-08T09:48:09.218372,6.1,14.7,2100.0
2026-02-08T09:48:09.719103,6.8,14.7,2100.0
2026-02-08T09:48:10.223935,9.4,14.7,2100.0
2026-02-08T09:48:10.724338,6.7,14.7,2100.0
2026-02-08T09:48:11.224923,8.4,14.7,2100.0
2026-02-08T09:48:11.725430,7.8,14.7,2100.0
2026-02-08T09:48:12.226151,6.2,14.7,2100.0
2026-02-08T09:48:12.726737,6.1,14.7,2100.0
2026-02-08T09:48:13.227214,7.7,14.7,2100.0
2026-02-08T09:48:13.727785,12.1,14.7,2100.0
2026-02-08T09:48:14.228529,9.0,14.7,2100.0
2026-02-08T09:48:14.728964,7.1,14.7,2100.0
2026-02-08T09:48:15.229631,10.1,14.7,2100.0
2026-02-08T09:48:15.730451,6.8,14.7,2100.0
2026-02-08T09:48:16.231586,8.1,14.7,2100.0
2026-02-08T09:48:16.733646,5.8,14.7,2100.0
2026-02-08T09:48:17.234572,7.3,14.7,2100.0
2026-02-08T09:48:17.735040,9.9,14.7,2100.0
2026-02-08T09:48:18.235916,7.0,14.7,2100.0
2026-02-08T09:48:18.736610,8.8,14.7,2100.0
2026-02-08T09:48:19.237550,3.8,14.7,2100.0
2026-02-08T09:48:19.738705,10.5,14.7,2100.0
2026-02-08T09:48:20.239397,6.3,14.7,2100.0
2026-02-08T09:48:20.739990,7.6,14.7,2100.0
2026-02-08T09:48:21.241051,5.2,14.7,2100.0
2026-02-08T09:48:21.744069,9.1,14.7,2100.0
2026-02-08T09:48:22.244768,10.7,14.7,2100.0
2026-02-08T09:48:22.745349,8.3,14.7,2100.0
2026-02-08T09:48:23.246239,5.4,14.7,2100.0
2026-02-08T09:48:23.746920,7.0,14.7,2100.0
2026-02-08T09:48:24.247438,4.0,14.7,2100.0
2026-02-08T09:48:24.748101,9.1,14.7,2100.0
2026-02-08T09:48:25.248534,5.3,14.7,2100.0
2026-02-08T09:48:25.749239,7.6,14.7,2100.0
2026-02-08T09:48:26.249825,7.4,14.7,2100.0
2026-02-08T09:48:26.750577,6.2,14.7,2100.0
2026-02-08T09:48:27.251174,6.7,14.7,2100.0
2026-02-08T09:48:27.751895,3.7,14.7,2100.0
2026-02-08T09:48:28.253886,5.8,14.7,2100.0
2026-02-08T09:48:28.754566,7.3,14.7,2100.0
2026-02-08T09:48:29.255357,4.8,14.7,2100.0
2026-02-08T09:48:29.756274,8.2,14.7,2100.0
2026-02-08T09:48:30.256726,9.1,14.7,2100.0
2026-02-08T09:48:30.757329,9.4,14.7,2100.0
2026-02-08T09:48:31.258233,4.8,14.7,2100.0
2026-02-08T09:48:31.758703,4.3,14.7,2100.0
2026-02-08T09:48:32.259457,5.3,14.7,2100.0
2026-02-08T09:48:32.760318,6.0,14.7,2100.0
2026-02-08T09:48:33.261049,5.5,14.7,2100.0
2026-02-08T09:48:33.761785,7.3,14.7,2100.0
2026-02-08T09:48:34.262400,5.7,14.7,2100.0
2026-02-08T09:48:34.763289,8.0,14.7,2100.0
2026-02-08T09:48:35.264703,7.8,14.7,2100.0
2026-02-08T09:48:35.765200,13.1,14.7,2100.0
2026-02-08T09:48:36.265866,7.3,14.7,2100.0
2026-02-08T09:48:36.766669,7.4,14.7,2100.0
2026-02-08T09:48:37.267561,7.4,14.7,2100.0
2026-02-08T09:48:37.768349,7.3,14.7,2100.0
2026-02-08T09:48:38.268950,6.4,14.7,2100.0
2026-02-08T09:48:38.770620,8.7,14.7,2100.0
2026-02-08T09:48:39.271370,6.8,14.7,2100.0
2026-02-08T09:48:39.771897,6.4,14.7,2100.0
2026-02-08T09:48:40.272548,12.2,14.7,2100.0
2026-02-08T09:48:40.773400,4.9,14.7,2100.0
2026-02-08T09:48:41.273915,7.7,14.7,2100.0
2026-02-08T09:48:41.774692,6.9,14.7,2100.0
2026-02-08T09:48:42.275243,6.2,14.7,2100.0
2026-02-08T09:48:42.775843,6.1,14.7,2100.0
2026-02-08T09:48:43.276579,4.5,14.7,2100.0
2026-02-08T09:48:43.777143,7.8,14.7,2100.0
2026-02-08T09:48:44.277653,8.2,14.7,2100.0
2026-02-08T09:48:44.778411,5.5,14.7,2100.0
2026-02-08T09:48:45.279664,8.4,14.7,2100.0
2026-02-08T09:48:45.782602,7.5,14.7,2100.0
2026-02-08T09:48:46.283212,5.8,14.7,2100.0
2026-02-08T09:48:46.783626,6.9,14.7,2100.0
2026-02-08T09:48:47.284303,8.9,14.6,2100.0
2026-02-08T09:48:47.785554,7.5,14.6,2100.0
2026-02-08T09:48:48.286013,9.4,14.6,2100.0
2026-02-08T09:48:48.786755,7.9,14.6,2100.0
2026-02-08T09:48:49.287595,8.9,14.7,2100.0
2026-02-08T09:48:49.788295,7.6,14.7,2100.0
2026-02-08T09:48:50.288702,9.5,14.7,2100.0
2026-02-08T09:48:50.789636,7.5,14.7,2100.0
2026-02-08T09:48:51.290140,8.3,14.7,2100.0
2026-02-08T09:48:51.793090,6.6,14.7,2100.0
2026-02-08T09:48:52.293588,8.0,14.7,2100.0
2026-02-08T09:48:52.794559,7.8,14.7,2100.0
2026-02-08T09:48:53.295023,6.3,14.7,2100.0
2026-02-08T09:48:53.797320,6.5,14.7,2100.0
2026-02-08T09:48:54.297851,6.9,14.7,2100.0
2026-02-08T09:48:54.798965,6.5,14.7,2100.0
2026-02-08T09:48:55.300201,6.9,14.7,2100.0
2026-02-08T09:48:55.800722,7.5,14.7,2100.0
2026-02-08T09:48:56.301302,6.4,14.7,2100.0
2026-02-08T09:48:56.803550,9.6,14.7,2100.0
2026-02-08T09:48:57.304100,12.3,14.7,2100.0
2026-02-08T09:48:57.804659,8.0,14.7,2100.0
2026-02-08T09:48:58.305311,8.8,14.7,2100.0
2026-02-08T09:48:58.806286,9.2,14.7,2100.0
2026-02-08T09:48:59.306785,9.8,14.7,2100.0
2026-02-08T09:48:59.807681,5.8,14.7,2100.0
2026-02-08T09:49:00.308217,13.8,14.7,2100.0
2026-02-08T09:49:00.808655,6.7,14.7,2100.0
2026-02-08T09:49:01.311696,8.9,14.7,2100.0
2026-02-08T09:49:01.814551,5.3,14.7,2100.0
2026-02-08T09:49:02.315133,8.3,14.7,2100.0
2026-02-08T09:49:02.815892,4.6,14.7,2100.0
2026-02-08T09:49:03.316551,9.0,14.7,2100.0
2026-02-08T09:49:03.817595,9.4,14.7,2100.0
2026-02-08T09:49:04.318238,4.7,14.7,2100.0
2026-02-08T09:49:04.819082,11.2,14.7,2100.0
2026-02-08T09:49:05.319662,8.5,14.7,2100.0
2026-02-08T09:49:05.820163,7.6,14.7,2100.0
2026-02-08T09:49:06.320634,7.1,14.7,2100.0
2026-02-08T09:49:06.821099,9.9,14.7,2100.0
2026-02-08T09:49:07.321820,5.4,14.7,2100.0
2026-02-08T09:49:07.822537,6.1,14.7,2100.0
2026-02-08T09:49:08.323155,7.8,14.7,2100.0
2026-02-08T09:49:08.823814,8.4,14.7,2100.0
2026-02-08T09:49:09.324676,4.1,14.7,2100.0
2026-02-08T09:49:09.825225,8.6,14.7,2100.0
2026-02-08T09:49:10.325620,7.5,14.7,2100.0
2026-02-08T09:49:10.828476,6.4,14.7,2100.0
2026-02-08T09:49:11.330701,5.8,14.7,2100.0
2026-02-08T09:49:11.831401,7.9,14.7,2100.0
2026-02-08T09:49:12.332118,5.1,14.7,2100.0
2026-02-08T09:49:12.833118,6.3,14.7,2100.0
2026-02-08T09:49:13.333543,8.6,14.7,2100.0
2026-02-08T09:49:13.834075,5.7,14.7,2100.0
2026-02-08T09:49:14.336098,4.2,14.7,2100.0
2026-02-08T09:49:14.836562,5.0,14.7,2100.0
2026-02-08T09:49:15.337335,5.8,14.7,2100.0
2026-02-08T09:49:15.838017,7.5,14.7,2100.0
2026-02-08T09:49:16.338399,6.3,14.7,2100.0
2026-02-08T09:49:16.838919,8.9,14.7,2100.0
2026-02-08T09:49:17.339336,5.8,14.7,2100.0
2026-02-08T09:49:17.840025,10.7,14.7,2100.0
2026-02-08T09:49:18.340859,8.7,14.7,2100.0
2026-02-08T09:49:18.841432,9.0,14.7,2100.0
2026-02-08T09:49:19.342233,7.4,14.7,2100.0
2026-02-08T09:49:19.842770,10.6,14.7,2100.0
2026-02-08T09:49:20.343272,10.0,14.7,2100.0
2026-02-08T09:49:20.844936,11.5,14.7,2100.0
2026-02-08T09:49:21.345513,3.8,14.6,2100.0
2026-02-08T09:49:21.846739,7.7,14.6,2100.0
2026-02-08T09:49:22.348009,5.9,14.6,2100.0
2026-02-08T09:49:22.848651,10.2,14.6,2100.0
2026-02-08T09:49:23.349186,5.4,14.6,2100.0
2026-02-08T09:49:23.849901,7.0,14.6,2100.0
2026-02-08T09:49:24.350508,5.8,14.6,2100.0
2026-02-08T09:49:24.851326,10.3,14.6,2100.0
2026-02-08T09:49:25.351946,7.7,14.6,2100.0
2026-02-08T09:49:25.852543,6.9,14.6,2100.0
2026-02-08T09:49:26.353048,8.0,14.6,2100.0
2026-02-08T09:49:26.854117,5.0,14.6,2100.0
2026-02-08T09:49:27.354609,9.8,14.6,2100.0
2026-02-08T09:49:27.855154,6.6,14.6,2100.0
2026-02-08T09:49:28.355973,10.3,14.6,2100.0
2026-02-08T09:49:28.856745,5.6,14.6,2100.0
2026-02-08T09:49:29.357416,6.6,14.6,2100.0
2026-02-08T09:49:29.858281,6.4,14.6,2100.0
2026-02-08T09:49:30.358753,5.6,14.6,2100.0
2026-02-08T09:49:30.860843,7.8,14.6,2100.0
2026-02-08T09:49:31.362130,5.2,14.6,2100.0
2026-02-08T09:49:31.862766,5.5,14.6,2100.0
2026-02-08T09:49:32.363427,5.5,14.6,2100.0
2026-02-08T09:49:32.864339,6.9,14.6,2100.0
2026-02-08T09:49:33.365232,7.2,14.6,2100.0
2026-02-08T09:49:33.865815,7.2,14.6,2100.0
2026-02-08T09:49:34.367349,7.8,14.6,2100.0
2026-02-08T09:49:34.868145,11.5,14.6,2100.0
2026-02-08T09:49:35.368680,8.4,14.6,2100.0
2026-02-08T09:49:35.869076,11.0,14.6,2100.0
2026-02-08T09:49:36.369460,9.9,14.6,2100.0
2026-02-08T09:49:36.870520,7.0,14.6,2100.0
2026-02-08T09:49:37.371545,7.5,14.6,2100.0
2026-02-08T09:49:37.872331,5.3,14.6,2100.0
2026-02-08T09:49:38.373051,5.8,14.6,2100.0
2026-02-08T09:49:38.873728,6.2,14.6,2100.0
2026-02-08T09:49:39.374404,7.6,14.6,2100.0
2026-02-08T09:49:39.874851,6.5,14.6,2100.0
2026-02-08T09:49:40.376944,8.4,14.6,2100.0
2026-02-08T09:49:40.877398,7.4,14.6,2100.0
2026-02-08T09:49:41.378291,9.4,14.6,2100.0
2026-02-08T09:49:41.879284,6.9,14.6,2100.0
2026-02-08T09:49:42.380069,7.7,14.6,2100.0
2026-02-08T09:49:42.880944,5.7,14.6,2100.0
2026-02-08T09:49:43.381855,8.3,14.6,2100.0
2026-02-08T09:49:43.882742,6.6,14.6,2100.0
2026-02-08T09:49:44.383603,11.4,14.6,2100.0
2026-02-08T09:49:44.884283,7.2,14.6,2100.0
2026-02-08T09:49:45.385211,8.5,14.6,2100.0
2026-02-08T09:49:45.885967,8.8,14.6,2100.0
2026-02-08T09:49:46.386581,12.7,14.6,2100.0
2026-02-08T09:49:46.887192,5.2,14.6,2100.0
2026-02-08T09:49:47.388066,11.5,14.6,2100.0
2026-02-08T09:49:47.888702,11.7,14.6,2100.0
2026-02-08T09:49:48.389645,5.4,14.6,2100.0
2026-02-08T09:49:48.890480,7.1,14.6,2100.0
2026-02-08T09:49:49.391035,5.3,14.6,2100.0
2026-02-08T09:49:49.891901,9.5,14.6,2100.0
2026-02-08T09:49:50.393131,5.8,14.6,2100.0
2026-02-08T09:49:50.897874,8.5,14.6,2100.0
2026-02-08T09:49:51.402624,9.0,14.6,2100.0
2026-02-08T09:49:51.903304,9.2,14.6,2100.0
2026-02-08T09:49:52.404091,5.6,14.6,2100.0
2026-02-08T09:49:52.904572,9.7,14.6,2100.0
2026-02-08T09:49:53.405234,6.1,14.6,2100.0
2026-02-08T09:49:53.906100,5.8,14.6,2100.0
2026-02-08T09:49:54.406552,7.1,14.6,2100.0
2026-02-08T09:49:54.907223,6.2,14.6,2100.0
2026-02-08T09:49:55.408019,6.6,14.6,2100.0
2026-02-08T09:49:55.908624,7.6,14.6,2100.0
2026-02-08T09:49:56.409937,14.4,14.6,2100.0
2026-02-08T09:49:56.914087,7.6,14.6,2100.0
2026-02-08T09:49:57.414707,6.1,14.6,2100.0
2026-02-08T09:49:57.915499,9.3,14.6,2100.0
2026-02-08T09:49:58.416320,5.3,14.6,2100.0
2026-02-08T09:49:58.917208,9.2,14.6,2100.0
2026-02-08T09:49:59.417705,6.1,14.6,2100.0
2026-02-08T09:49:59.918433,12.0,14.6,2100.0
2026-02-08T09:50:00.418888,7.9,14.6,2100.0
2026-02-08T09:50:00.919816,15.4,14.7,2100.0
2026-02-08T09:50:01.420919,11.6,14.7,2100.0
2026-02-08T09:50:01.921503,8.8,14.7,2100.0
2026-02-08T09:50:02.421969,11.1,14.6,2100.0
2026-02-08T09:50:02.922645,10.6,14.6,2100.0
2026-02-08T09:50:03.423095,9.7,14.6,2100.0
2026-02-08T09:50:03.923450,9.0,14.6,2100.0
2026-02-08T09:50:04.424371,7.7,14.6,2100.0
2026-02-08T09:50:04.925560,10.7,14.6,2100.0
2026-02-08T09:50:05.426233,6.8,14.6,2100.0
2026-02-08T09:50:05.926723,7.2,14.6,2100.0
2026-02-08T09:50:06.428750,8.3,14.6,2100.0
2026-02-08T09:50:06.929526,10.4,14.6,2100.0
2026-02-08T09:50:07.430142,8.6,14.6,2100.0
2026-02-08T09:50:07.930889,8.7,14.6,2100.0
2026-02-08T09:50:08.431991,6.0,14.6,2100.0
2026-02-08T09:50:08.933329,11.0,14.6,2100.0
2026-02-08T09:50:09.433892,5.2,14.6,2100.0
2026-02-08T09:50:09.934323,17.7,14.6,2100.0
2026-02-08T09:50:10.434956,6.8,14.6,2100.0
2026-02-08T09:50:10.936395,10.9,14.6,2100.0
2026-02-08T09:50:11.437215,8.4,14.6,2100.0
2026-02-08T09:50:11.937617,6.8,14.6,2100.0
2026-02-08T09:50:12.438147,6.5,14.6,2100.0
2026-02-08T09:50:12.938591,6.6,14.6,2100.0
2026-02-08T09:50:13.439399,6.3,14.6,2100.0
2026-02-08T09:50:13.940132,10.4,14.6,2100.0
2026-02-08T09:50:14.440596,5.1,14.6,2100.0
2026-02-08T09:50:14.941842,8.5,14.6,2100.0
2026-02-08T09:50:15.442741,8.9,14.6,2100.0
2026-02-08T09:50:15.944286,6.7,14.7,2100.0
2026-02-08T09:50:16.445164,9.8,14.7,2100.0
2026-02-08T09:50:16.945868,4.8,14.7,2100.0
2026-02-08T09:50:17.447011,8.2,14.7,2100.0
2026-02-08T09:50:17.947580,6.9,14.7,2100.0
2026-02-08T09:50:18.448343,7.6,14.7,2100.0
2026-02-08T09:50:18.949331,5.5,14.7,2100.0
2026-02-08T09:50:19.449901,14.1,14.7,2100.0
2026-02-08T09:50:19.950477,5.1,14.7,2100.0
2026-02-08T09:50:20.451148,10.5,14.7,2100.0
2026-02-08T09:50:20.951918,4.5,14.7,2100.0
2026-02-08T09:50:21.452555,10.4,14.7,2100.0
2026-02-08T09:50:21.953409,8.2,14.7,2100.0
2026-02-08T09:50:22.454232,8.1,14.7,2100.0
2026-02-08T09:50:22.955289,5.5,14.7,2100.0
2026-02-08T09:50:23.456533,9.7,14.7,2100.0
2026-02-08T09:50:23.956926,5.3,14.7,2100.0
2026-02-08T09:50:24.458724,8.8,14.7,2100.0
2026-02-08T09:50:24.959095,5.8,14.7,2100.0
2026-02-08T09:50:25.459662,9.5,14.7,2100.0
2026-02-08T09:50:25.960635,8.3,14.7,2100.0
2026-02-08T09:50:26.461454,10.4,14.7,2100.0
2026-02-08T09:50:26.962360,7.3,14.7,2100.0
2026-02-08T09:50:27.463279,7.1,14.7,2100.0
2026-02-08T09:50:27.964019,6.8,14.7,2100.0
2026-02-08T09:50:28.464733,10.4,14.7,2100.0
2026-02-08T09:50:28.965642,6.4,14.7,2100.0
2026-02-08T09:50:29.466417,10.3,14.7,2100.0
2026-02-08T09:50:29.966912,5.3,14.7,2100.0
2026-02-08T09:50:30.467632,13.9,14.7,2100.0
2026-02-08T09:50:30.968302,4.5,14.7,2100.0
2026-02-08T09:50:31.468854,7.4,14.7,2100.0
2026-02-08T09:50:31.969556,7.9,14.6,2100.0
2026-02-08T09:50:32.469956,8.7,14.6,2100.0
2026-02-08T09:50:32.970832,4.8,14.6,2100.0
2026-02-08T09:50:33.471620,7.8,14.6,2100.0
2026-02-08T09:50:33.972197,3.9,14.6,2100.0
2026-02-08T09:50:34.473929,13.2,14.6,2100.0
2026-02-08T09:50:34.974874,6.9,14.6,2100.0
2026-02-08T09:50:35.476147,13.7,14.7,2100.0
2026-02-08T09:50:35.977129,4.8,14.7,2100.0
2026-02-08T09:50:36.478637,9.0,14.7,2100.0
2026-02-08T09:50:36.979728,4.9,14.7,2100.0
2026-02-08T09:50:37.480190,9.4,14.7,2100.0
2026-02-08T09:50:37.981840,5.6,14.7,2100.0
2026-02-08T09:50:38.483067,8.3,14.7,2100.0
2026-02-08T09:50:38.983674,5.2,14.7,2100.0
2026-02-08T09:50:39.484154,10.4,14.6,2100.0
2026-02-08T09:50:39.984857,4.6,14.6,2100.0
2026-02-08T09:50:40.485591,7.0,14.7,2100.0
2026-02-08T09:50:40.986218,4.7,14.7,2100.0
2026-02-08T09:50:41.486686,10.7,14.7,2100.0
2026-02-08T09:50:41.987287,5.4,14.7,2100.0
2026-02-08T09:50:42.487808,9.5,14.7,2100.0
2026-02-08T09:50:42.988512,16.1,14.7,2100.0
2026-02-08T09:50:43.489243,9.6,14.7,2100.0
2026-02-08T09:50:43.990621,8.5,14.7,2100.0
2026-02-08T09:50:44.491985,9.7,14.7,2100.0
2026-02-08T09:50:44.993078,5.3,14.7,2100.0
2026-02-08T09:50:45.494805,8.6,14.7,2100.0
2026-02-08T09:50:45.995452,7.2,14.7,2100.0
2026-02-08T09:50:46.496762,10.0,14.7,2100.0
2026-02-08T09:50:47.001046,8.7,14.7,2100.0
2026-02-08T09:50:47.501897,8.5,14.7,2100.0
2026-02-08T09:50:48.002887,8.4,14.7,2100.0
2026-02-08T09:50:48.503590,9.4,14.7,2100.0
2026-02-08T09:50:49.004380,8.4,14.7,2100.0
2026-02-08T09:50:49.505059,12.1,14.7,2100.0
2026-02-08T09:50:50.005701,6.1,14.7,2100.0
2026-02-08T09:50:50.506682,8.3,14.7,2100.0
2026-02-08T09:50:51.007359,10.9,14.7,2100.0
2026-02-08T09:50:51.508130,9.8,14.7,2100.0
2026-02-08T09:50:52.009298,7.8,14.7,2100.0
2026-02-08T09:50:52.509766,7.2,14.7,2100.0
2026-02-08T09:50:53.011222,6.6,14.7,2100.0
2026-02-08T09:50:53.512060,6.0,14.7,2100.0
2026-02-08T09:50:54.012585,6.2,14.7,2100.0
2026-02-08T09:50:54.513648,6.6,14.7,2100.0
2026-02-08T09:50:55.014807,7.3,14.7,2100.0
2026-02-08T09:50:55.515505,7.8,14.7,2100.0
2026-02-08T09:50:56.016531,7.7,14.7,2100.0
2026-02-08T09:50:56.516984,8.2,14.7,2100.0
2026-02-08T09:50:57.019749,6.2,14.7,2100.0
2026-02-08T09:50:57.520429,9.7,14.7,2100.0
2026-02-08T09:50:58.020946,4.9,14.7,2100.0
2026-02-08T09:50:58.521600,9.1,14.7,2100.0
2026-02-08T09:50:59.022564,4.5,14.7,2100.0
2026-02-08T09:50:59.523530,7.3,14.7,2100.0
2026-02-08T09:51:00.024463,4.6,14.7,2100.0
2026-02-08T09:51:00.525188,11.6,14.7,2100.0
2026-02-08T09:51:01.026410,5.3,14.7,2100.0
2026-02-08T09:51:01.527207,9.4,14.7,2100.0
2026-02-08T09:51:02.027770,5.0,14.7,2100.0
2026-02-08T09:51:02.529134,8.6,14.7,2100.0
2026-02-08T09:51:03.029853,5.7,14.7,2100.0
2026-02-08T09:51:03.530484,7.3,14.7,2100.0
2026-02-08T09:51:04.031068,7.9,14.7,2100.0
2026-02-08T09:51:04.531683,7.8,14.7,2100.0
2026-02-08T09:51:05.032275,4.1,14.7,2100.0
2026-02-08T09:51:05.532804,10.1,14.7,2100.0
2026-02-08T09:51:06.033644,5.6,14.7,2100.0
2026-02-08T09:51:06.534641,10.2,14.7,2100.0
2026-02-08T09:51:07.035125,7.4,14.7,2100.0
2026-02-08T09:51:07.535561,9.5,14.7,2100.0
2026-02-08T09:51:08.036285,6.6,14.7,2100.0
2026-02-08T09:51:08.537078,8.7,14.7,2100.0
2026-02-08T09:51:09.037474,5.9,14.7,2100.0
2026-02-08T09:51:09.538380,7.7,14.7,2100.0
2026-02-08T09:51:10.039352,7.0,14.7,2100.0
2026-02-08T09:51:10.540342,7.3,14.7,2100.0
2026-02-08T09:51:11.040798,6.8,14.7,2100.0
2026-02-08T09:51:11.541695,8.2,14.7,2100.0
2026-02-08T09:51:12.042426,6.2,14.7,2100.0
2026-02-08T09:51:12.543282,9.7,14.7,2100.0
2026-02-08T09:51:13.044354,6.4,14.7,2100.0
2026-02-08T09:51:13.544930,7.1,14.7,2100.0
2026-02-08T09:51:14.045813,9.3,14.7,2100.0
2026-02-08T09:51:14.547513,9.8,14.7,2100.0
2026-02-08T09:51:15.048318,5.8,14.7,2100.0
2026-02-08T09:51:15.549282,8.3,14.7,2100.0
2026-02-08T09:51:16.049807,5.2,14.7,2100.0
2026-02-08T09:51:16.550488,8.0,14.7,2100.0
2026-02-08T09:51:17.072537,8.3,14.7,2100.0
2026-02-08T09:51:17.573304,10.5,14.7,2100.0
2026-02-08T09:51:18.074160,13.7,14.7,2100.0
2026-02-08T09:51:18.574976,10.1,14.7,2100.0
2026-02-08T09:51:19.075808,5.9,14.7,2100.0
2026-02-08T09:51:19.576881,8.5,14.7,2100.0
2026-02-08T09:51:20.077566,10.8,14.8,2100.0
2026-02-08T09:51:20.578845,10.7,14.8,2100.0
2026-02-08T09:51:21.079567,5.9,14.8,2100.0
2026-02-08T09:51:21.581100,10.7,14.8,2100.0
2026-02-08T09:51:22.082668,8.1,14.8,2100.0
2026-02-08T09:51:22.583485,5.5,14.8,2100.0
2026-02-08T09:51:23.084474,5.0,14.8,2100.0
2026-02-08T09:51:23.585121,11.5,14.8,2100.0
2026-02-08T09:51:24.086005,8.9,14.8,2100.0
2026-02-08T09:51:24.586590,6.0,14.8,2100.0
2026-02-08T09:51:25.087259,4.6,14.8,2100.0
2026-02-08T09:51:25.588982,10.4,14.8,2100.0
2026-02-08T09:51:26.089758,7.1,14.8,2100.0
2026-02-08T09:51:26.590526,8.5,14.8,2100.0
2026-02-08T09:51:27.091346,6.9,14.8,2100.0
2026-02-08T09:51:27.593644,11.6,14.8,2100.0
2026-02-08T09:51:28.094359,8.3,14.7,2100.0
2026-02-08T09:51:28.595164,5.9,14.7,2100.0
2026-02-08T09:51:29.095908,7.3,14.7,2100.0
2026-02-08T09:51:29.601737,7.5,14.7,2100.0
2026-02-08T09:51:30.102462,11.4,14.7,2100.0
2026-02-08T09:51:30.602919,9.2,14.7,2100.0
2026-02-08T09:51:31.103552,5.4,14.7,2100.0
2026-02-08T09:51:31.604833,8.7,14.7,2100.0
2026-02-08T09:51:32.105441,7.4,14.7,2100.0
2026-02-08T09:51:32.606319,11.9,14.7,2100.0
2026-02-08T09:51:33.106846,6.6,14.7,2100.0
2026-02-08T09:51:33.607556,5.8,14.7,2100.0
2026-02-08T09:51:34.109173,6.5,14.7,2100.0
2026-02-08T09:51:34.610090,9.1,14.7,2100.0
2026-02-08T09:51:35.111010,6.6,14.7,2100.0
2026-02-08T09:51:35.614078,6.5,14.7,2100.0
2026-02-08T09:51:36.114723,7.3,14.7,2100.0
2026-02-08T09:51:36.615718,5.4,14.7,2100.0
2026-02-08T09:51:37.116595,9.0,14.7,2100.0
2026-02-08T09:51:37.617405,10.9,14.7,2100.0
2026-02-08T09:51:38.118106,6.4,14.7,2100.0
2026-02-08T09:51:38.618542,5.7,14.7,2100.0
2026-02-08T09:51:39.119684,6.7,14.7,2100.0
2026-02-08T09:51:39.621087,8.1,14.7,2100.0
2026-02-08T09:51:40.121837,7.2,14.7,2100.0
2026-02-08T09:51:40.622656,7.6,14.8,2100.0
2026-02-08T09:51:41.123463,7.3,14.7,2100.0
2026-02-08T09:51:41.624550,6.2,14.8,2100.0
2026-02-08T09:51:42.125060,8.1,14.8,2100.0
2026-02-08T09:51:42.625514,5.4,14.8,2100.0
2026-02-08T09:51:43.126898,6.9,14.8,2100.0
2026-02-08T09:51:43.627536,5.6,14.8,2100.0
2026-02-08T09:51:44.128509,5.1,14.8,2100.0
2026-02-08T09:51:44.629161,8.6,14.8,2100.0
2026-02-08T09:51:45.129831,5.5,14.8,2100.0
2026-02-08T09:51:45.630325,6.7,14.8,2100.0
2026-02-08T09:51:46.131131,4.9,14.8,2100.0
2026-02-08T09:51:46.631751,4.3,14.8,2100.0
2026-02-08T09:51:47.132130,6.0,14.8,2100.0
2026-02-08T09:51:47.632671,9.1,14.8,2100.0
2026-02-08T09:51:48.133264,5.6,14.8,2100.0
2026-02-08T09:51:48.633949,8.6,14.8,2100.0
2026-02-08T09:51:49.134726,9.0,14.8,2100.0
2026-02-08T09:51:49.635261,8.7,14.8,2100.0
2026-02-08T09:51:50.136055,6.2,14.8,2100.0
2026-02-08T09:51:50.637848,10.9,14.8,2100.0
2026-02-08T09:51:51.138291,8.2,14.8,2100.0
2026-02-08T09:51:51.638980,8.7,14.8,2100.0
2026-02-08T09:51:52.139787,8.1,14.8,2100.0
2026-02-08T09:51:52.640732,9.3,14.8,2100.0
2026-02-08T09:51:53.141514,6.5,14.8,2100.0
2026-02-08T09:51:53.642554,6.4,14.8,2100.0
2026-02-08T09:51:54.143149,9.4,14.8,2100.0
2026-02-08T09:51:54.643966,7.0,14.8,2100.0
2026-02-08T09:51:55.144853,7.4,14.8,2100.0
2026-02-08T09:51:55.649238,15.5,14.8,2100.0
2026-02-08T09:51:56.149902,6.4,14.8,2100.0
2026-02-08T09:51:56.650499,12.3,14.8,2100.0
2026-02-08T09:51:57.151240,8.7,14.8,2100.0
2026-02-08T09:51:57.651883,10.3,14.8,2100.0
2026-02-08T09:51:58.152599,7.5,14.8,2100.0
2026-02-08T09:51:58.653872,7.3,14.8,2100.0
2026-02-08T09:51:59.154375,7.3,14.8,2100.0
2026-02-08T09:51:59.654880,10.6,14.8,2100.0
2026-02-08T09:52:00.156599,4.0,14.8,2100.0
2026-02-08T09:52:00.659521,9.4,14.8,2100.0
2026-02-08T09:52:01.160158,4.3,14.8,2100.0
2026-02-08T09:52:01.660532,7.3,14.8,2100.0
2026-02-08T09:52:02.161248,6.1,14.8,2100.0
2026-02-08T09:52:02.661641,7.7,14.7,2100.0
2026-02-08T09:52:03.162184,6.2,14.7,2100.0
2026-02-08T09:52:03.662740,9.1,14.7,2100.0
2026-02-08T09:52:04.163648,5.1,14.7,2100.0
2026-02-08T09:52:04.664851,11.1,14.7,2100.0
2026-02-08T09:52:05.165411,8.2,14.7,2100.0
2026-02-08T09:52:05.665828,11.2,14.7,2100.0
2026-02-08T09:52:06.166661,4.5,14.7,2100.0
2026-02-08T09:52:06.667357,10.5,14.7,2100.0
2026-02-08T09:52:07.168117,5.7,14.7,2100.0
2026-02-08T09:52:07.669958,9.1,14.7,2100.0
2026-02-08T09:52:08.171597,7.5,14.7,2100.0
2026-02-08T09:52:08.672321,5.3,14.7,2100.0
2026-02-08T09:52:09.173813,5.5,14.7,2100.0
2026-02-08T09:52:09.674241,7.7,14.7,2100.0
2026-02-08T09:52:10.174838,4.3,14.7,2100.0
2026-02-08T09:52:10.675364,11.5,14.7,2100.0
2026-02-08T09:52:11.175834,3.7,14.7,2100.0
2026-02-08T09:52:11.676569,6.6,14.7,2100.0
2026-02-08T09:52:12.177223,8.5,14.7,2100.0
2026-02-08T09:52:12.677727,9.6,14.7,2100.0
2026-02-08T09:52:13.178667,7.2,14.7,2100.0
2026-02-08T09:52:13.679475,7.0,14.7,2100.0
2026-02-08T09:52:14.180026,7.8,14.7,2100.0
2026-02-08T09:52:14.680476,6.4,14.7,2100.0
2026-02-08T09:52:15.181383,5.6,14.7,2100.0
2026-02-08T09:52:15.682395,8.6,14.7,2100.0
2026-02-08T09:52:16.183311,6.4,14.7,2100.0
2026-02-08T09:52:16.683717,11.2,14.7,2100.0
2026-02-08T09:52:17.184122,8.6,14.7,2100.0
2026-02-08T09:52:17.685055,8.3,14.7,2100.0
2026-02-08T09:52:18.188458,7.5,14.7,2100.0
2026-02-08T09:52:18.690294,8.4,14.7,2100.0
2026-02-08T09:52:19.191122,6.1,14.7,2100.0
2026-02-08T09:52:19.691785,6.0,14.7,2100.0
2026-02-08T09:52:20.192672,7.5,14.7,2100.0
2026-02-08T09:52:20.693481,9.3,14.7,2100.0
2026-02-08T09:52:21.193866,7.7,14.7,2100.0
2026-02-08T09:52:21.694782,7.5,14.7,2100.0
2026-02-08T09:52:22.195434,11.4,14.7,2100.0
2026-02-08T09:52:22.696252,5.7,14.7,2100.0
2026-02-08T09:52:23.196973,6.5,14.7,2100.0
2026-02-08T09:52:23.697972,6.4,14.7,2100.0
2026-02-08T09:52:24.198376,10.0,14.7,2100.0
2026-02-08T09:52:24.699243,6.3,14.7,2100.0
2026-02-08T09:52:25.199680,6.8,14.7,2100.0
2026-02-08T09:52:25.701900,5.4,14.7,2100.0
2026-02-08T09:52:26.202357,11.4,14.7,2100.0
2026-02-08T09:52:26.703363,7.4,14.7,2100.0
2026-02-08T09:52:27.204267,6.7,14.7,2100.0
2026-02-08T09:52:27.704855,6.6,14.7,2100.0
2026-02-08T09:52:28.205436,10.9,14.7,2100.0
2026-02-08T09:52:28.706549,5.6,14.7,2100.0
2026-02-08T09:52:29.207608,7.4,14.7,2100.0
2026-02-08T09:52:29.708309,8.5,14.7,2100.0
2026-02-08T09:52:30.209418,7.9,14.7,2100.0
2026-02-08T09:52:30.709854,10.1,14.7,2100.0
2026-02-08T09:52:31.210486,6.7,14.7,2100.0
2026-02-08T09:52:31.711249,9.8,14.7,2100.0
2026-02-08T09:52:32.211765,9.5,14.7,2100.0
2026-02-08T09:52:32.712269,9.4,14.7,2100.0
2026-02-08T09:52:33.212709,8.4,14.7,2100.0
2026-02-08T09:52:33.713123,22.4,14.7,2100.0
2026-02-08T09:52:34.213748,5.3,14.7,2100.0
2026-02-08T09:52:34.714141,15.4,14.7,2100.0
2026-02-08T09:52:35.215084,4.9,14.7,2100.0
2026-02-08T09:52:35.718172,11.0,14.7,2100.0
2026-02-08T09:52:36.219381,5.2,14.7,2100.0
2026-02-08T09:52:36.720436,9.6,14.7,2100.0
2026-02-08T09:52:37.221532,6.6,14.7,2100.0
2026-02-08T09:52:37.723288,13.2,14.7,2100.0
2026-02-08T09:52:38.224025,7.1,14.7,2100.0
2026-02-08T09:52:38.724662,7.0,14.7,2100.0
2026-02-08T09:52:39.225018,6.8,14.7,2100.0
2026-02-08T09:52:39.725824,8.8,14.7,2100.0
2026-02-08T09:52:40.226399,5.5,14.7,2100.0
2026-02-08T09:52:40.726900,8.9,14.7,2100.0
2026-02-08T09:52:41.227693,6.8,14.7,2100.0
2026-02-08T09:52:41.728363,12.2,14.7,2100.0
2026-02-08T09:52:42.228756,5.7,14.7,2100.0
2026-02-08T09:52:42.729595,9.1,14.7,2100.0
2026-02-08T09:52:43.230440,5.6,14.7,2100.0
2026-02-08T09:52:43.731144,11.9,14.7,2100.0
2026-02-08T09:52:44.231754,6.1,14.7,2100.0
2026-02-08T09:52:44.732352,8.5,14.7,2100.0
2026-02-08T09:52:45.232734,6.6,14.7,2100.0
2026-02-08T09:52:45.733628,17.1,14.7,2100.0
2026-02-08T09:52:46.234848,6.3,14.7,2100.0
2026-02-08T09:52:46.736244,7.5,14.7,2100.0
2026-02-08T09:52:47.236684,5.3,14.7,2100.0
2026-02-08T09:52:47.739229,10.8,14.7,2100.0
2026-02-08T09:52:48.239762,8.7,14.7,2100.0
2026-02-08T09:52:48.741789,12.5,14.7,2100.0
2026-02-08T09:52:49.242222,6.4,14.7,2100.0
2026-02-08T09:52:49.742992,9.5,14.7,2100.0
2026-02-08T09:52:50.243614,4.5,14.7,2100.0
2026-02-08T09:52:50.744626,9.9,14.7,2100.0
2026-02-08T09:52:51.245437,8.1,14.7,2100.0
2026-02-08T09:52:51.746139,13.1,14.7,2100.0
2026-02-08T09:52:52.247095,8.9,14.7,2100.0
2026-02-08T09:52:52.747928,10.5,14.7,2100.0
2026-02-08T09:52:53.248811,4.9,14.7,2100.0
2026-02-08T09:52:53.750538,8.4,14.7,2100.0
2026-02-08T09:52:54.251467,5.9,14.7,2100.0
2026-02-08T09:52:54.752991,7.7,14.7,2100.0
2026-02-08T09:52:55.253794,5.1,14.7,2100.0
2026-02-08T09:52:55.755035,12.5,14.7,2100.0
2026-02-08T09:52:56.256490,7.5,14.7,2100.0
2026-02-08T09:52:56.757018,9.8,14.7,2100.0
2026-02-08T09:52:57.257546,9.4,14.7,2100.0
2026-02-08T09:52:57.758393,7.6,14.7,2100.0
2026-02-08T09:52:58.258752,8.0,14.7,2100.0
2026-02-08T09:52:58.759230,6.9,14.7,2100.0
2026-02-08T09:52:59.260068,6.5,14.7,2100.0
2026-02-08T09:52:59.760885,7.2,14.7,2100.0
2026-02-08T09:53:00.261462,5.6,14.7,2100.0
2026-02-08T09:53:00.762117,8.9,14.7,2100.0
2026-02-08T09:53:01.262850,5.3,14.7,2100.0
2026-02-08T09:53:01.763534,11.0,14.7,2100.0
2026-02-08T09:53:02.264205,5.8,14.7,2100.0
2026-02-08T09:53:02.765021,7.5,14.7,2100.0
2026-02-08T09:53:03.265602,7.5,14.7,2100.0
2026-02-08T09:53:03.767185,5.3,14.7,2100.0
2026-02-08T09:53:04.267769,8.3,14.7,2100.0
2026-02-08T09:53:04.768159,6.3,14.7,2100.0
2026-02-08T09:53:05.268519,6.9,14.7,2100.0
2026-02-08T09:53:05.769416,5.6,14.7,2100.0
2026-02-08T09:53:06.270453,7.3,14.7,2100.0
2026-02-08T09:53:06.771862,7.6,14.7,2100.0
2026-02-08T09:53:07.272723,8.1,14.7,2100.0
2026-02-08T09:53:07.773836,6.9,14.7,2100.0
2026-02-08T09:53:08.274382,7.4,14.7,2100.0
2026-02-08T09:53:08.774898,4.7,14.7,2100.0
2026-02-08T09:53:09.275527,7.6,14.7,2100.0
2026-02-08T09:53:09.776250,7.9,14.7,2100.0
2026-02-08T09:53:10.277056,8.1,14.7,2100.0
2026-02-08T09:53:10.777610,6.3,14.7,2100.0
2026-02-08T09:53:11.278147,5.8,14.7,2100.0
2026-02-08T09:53:11.778767,8.8,14.7,2100.0
2026-02-08T09:53:12.279242,7.9,14.7,2100.0
2026-02-08T09:53:12.779745,5.6,14.7,2100.0
2026-02-08T09:53:13.280614,9.1,14.7,2100.0
2026-02-08T09:53:13.781388,4.5,14.7,2100.0
2026-02-08T09:53:14.282015,7.9,14.7,2100.0
2026-02-08T09:53:14.782658,5.7,14.7,2100.0
2026-02-08T09:53:15.283271,9.7,14.7,2100.0
2026-02-08T09:53:15.787479,7.5,14.7,2100.0
2026-02-08T09:53:16.289729,9.5,14.7,2100.0
2026-02-08T09:53:16.790414,10.0,14.7,2100.0
2026-02-08T09:53:17.291555,6.0,14.7,2100.0
2026-02-08T09:53:17.792181,8.1,14.7,2100.0
2026-02-08T09:53:18.292898,7.1,14.7,2100.0
2026-02-08T09:53:18.793773,12.3,14.7,2100.0
2026-02-08T09:53:19.294601,5.3,14.7,2100.0
2026-02-08T09:53:19.795064,14.1,14.7,2100.0
2026-02-08T09:53:20.296151,5.2,14.7,2100.0
2026-02-08T09:53:20.799269,15.7,14.7,2100.0
2026-02-08T09:53:21.299888,5.1,14.7,2100.0
2026-02-08T09:53:21.800794,7.1,14.7,2100.0
2026-02-08T09:53:22.301960,7.7,14.7,2100.0
2026-02-08T09:53:22.802919,8.6,14.7,2100.0
2026-02-08T09:53:23.303548,9.3,14.7,2100.0
2026-02-08T09:53:23.803943,6.9,14.7,2100.0
2026-02-08T09:53:24.305019,7.9,14.7,2100.0
2026-02-08T09:53:24.806570,9.9,14.7,2100.0
2026-02-08T09:53:25.307191,5.4,14.7,2100.0
2026-02-08T09:53:25.808337,25.7,14.8,2100.0
2026-02-08T09:53:26.308830,8.6,14.8,2100.0
2026-02-08T09:53:26.809335,9.0,14.8,2100.0
2026-02-08T09:53:27.310143,8.8,14.8,2100.0
2026-02-08T09:53:27.811254,8.4,14.8,2100.0
2026-02-08T09:53:28.311859,11.6,14.8,2100.0
2026-02-08T09:53:28.812543,10.5,14.7,2100.0
2026-02-08T09:53:29.313170,7.4,14.7,2100.0
2026-02-08T09:53:29.813684,9.9,14.7,2100.0
2026-02-08T09:53:30.314507,5.3,14.7,2100.0
2026-02-08T09:53:30.814905,7.3,14.7,2100.0
2026-02-08T09:53:31.316133,5.7,14.7,2100.0
2026-02-08T09:53:31.840249,11.0,14.7,2100.0
2026-02-08T09:53:32.340994,3.8,14.7,2100.0
2026-02-08T09:53:32.841422,5.9,14.7,2100.0
2026-02-08T09:53:33.342219,6.2,14.7,2100.0
2026-02-08T09:53:33.843021,8.3,14.7,2100.0
2026-02-08T09:53:34.343572,6.5,14.7,2100.0
2026-02-08T09:53:34.844359,6.5,14.7,2100.0
2026-02-08T09:53:35.344820,5.0,14.7,2100.0
2026-02-08T09:53:35.845323,8.2,14.7,2100.0
2026-02-08T09:53:36.345773,8.0,14.7,2100.0
2026-02-08T09:53:36.846748,11.1,14.7,2100.0
2026-02-08T09:53:37.347194,8.9,14.7,2100.0
2026-02-08T09:53:37.848308,10.8,14.7,2100.0
2026-02-08T09:53:38.348948,9.5,14.7,2100.0
2026-02-08T09:53:38.849818,9.8,14.7,2100.0
2026-02-08T09:53:39.350800,6.4,14.7,2100.0
2026-02-08T09:53:39.851406,10.5,14.7,2100.0
2026-02-08T09:53:40.351880,8.1,14.7,2100.0
2026-02-08T09:53:40.853273,14.1,14.7,2100.0
2026-02-08T09:53:41.353837,6.2,14.7,2100.0
2026-02-08T09:53:41.854379,7.1,14.7,2100.0
2026-02-08T09:53:42.354950,6.5,14.7,2100.0
2026-02-08T09:53:42.856662,5.4,14.7,2100.0
2026-02-08T09:53:43.357089,7.7,14.7,2100.0
2026-02-08T09:53:43.857883,8.1,14.7,2100.0
2026-02-08T09:53:44.358230,6.2,14.7,2100.0
2026-02-08T09:53:44.858907,7.1,14.7,2100.0
2026-02-08T09:53:45.359331,6.6,14.7,2100.0
2026-02-08T09:53:45.860065,7.5,14.7,2100.0
2026-02-08T09:53:46.360749,8.3,14.7,2100.0
2026-02-08T09:53:46.861622,14.3,14.7,2100.0
2026-02-08T09:53:47.362482,7.1,14.7,2100.0
2026-02-08T09:53:47.863394,6.2,14.8,2100.0
2026-02-08T09:53:48.364234,7.2,14.8,2100.0
2026-02-08T09:53:48.865234,10.9,14.7,2100.0
2026-02-08T09:53:49.365709,6.1,14.7,2100.0
2026-02-08T09:53:49.866859,7.8,14.7,2100.0
2026-02-08T09:53:50.374548,8.4,14.7,2100.0
2026-02-08T09:53:50.875067,7.2,14.7,2100.0
2026-02-08T09:53:51.375984,7.5,14.8,2100.0
2026-02-08T09:53:51.876683,6.9,14.8,2100.0
2026-02-08T09:53:52.377317,6.8,14.8,2100.0
2026-02-08T09:53:52.878137,7.3,14.7,2100.0
2026-02-08T09:53:53.379013,11.6,14.7,2100.0
2026-02-08T09:53:53.879887,6.6,14.7,2100.0
2026-02-08T09:53:54.380741,7.5,14.7,2100.0
2026-02-08T09:53:54.881439,4.3,14.7,2100.0
2026-02-08T09:53:55.382125,6.4,14.7,2100.0
2026-02-08T09:53:55.882947,8.4,14.7,2100.0
2026-02-08T09:53:56.383614,9.7,14.7,2100.0
2026-02-08T09:53:56.884054,11.2,14.7,2100.0
2026-02-08T09:53:57.385709,12.0,14.7,2100.0
2026-02-08T09:53:57.887038,14.4,14.8,2100.0
2026-02-08T09:53:58.387974,9.2,14.8,2100.0
2026-02-08T09:53:58.889328,6.8,14.8,2100.0
2026-02-08T09:53:59.390225,10.5,14.8,2100.0
2026-02-08T09:53:59.891151,6.6,14.8,2100.0
2026-02-08T09:54:00.391800,9.5,14.8,2100.0
2026-02-08T09:54:00.892201,9.4,14.8,2100.0
2026-02-08T09:54:01.392606,8.5,14.8,2100.0
2026-02-08T09:54:01.893449,6.4,14.8,2100.0
2026-02-08T09:54:02.394121,10.3,14.8,2100.0
2026-02-08T09:54:02.894797,7.4,14.7,2100.0
2026-02-08T09:54:03.396200,11.8,14.7,2100.0
2026-02-08T09:54:03.897063,12.5,14.8,2100.0
2026-02-08T09:54:04.398320,6.7,14.8,2100.0
2026-02-08T09:54:04.898870,14.6,14.8,2100.0
2026-02-08T09:54:05.399305,5.5,14.8,2100.0
2026-02-08T09:54:05.900100,9.0,14.8,2100.0
2026-02-08T09:54:06.400813,5.2,14.8,2100.0
2026-02-08T09:54:06.901678,14.3,14.8,2100.0
2026-02-08T09:54:07.403200,5.1,14.8,2100.0
2026-02-08T09:54:07.905887,9.6,14.8,2100.0
2026-02-08T09:54:08.406789,6.9,14.8,2100.0
2026-02-08T09:54:08.908330,8.4,14.8,2100.0
2026-02-08T09:54:09.409193,5.7,14.8,2100.0
2026-02-08T09:54:09.909803,10.1,14.7,2100.0
2026-02-08T09:54:10.410273,7.9,14.8,2100.0
2026-02-08T09:54:10.922728,11.4,14.8,2100.0
2026-02-08T09:54:11.423464,3.9,14.8,2100.0
2026-02-08T09:54:11.923964,10.5,14.7,2100.0
2026-02-08T09:54:12.424912,5.6,14.7,2100.0
2026-02-08T09:54:12.925604,7.3,14.7,2100.0
2026-02-08T09:54:13.473722,9.5,14.7,2100.0
2026-02-08T09:54:13.974323,3.9,14.7,2100.0
2026-02-08T09:54:14.475293,6.6,14.7,2100.0
2026-02-08T09:54:14.976113,4.6,14.8,2100.0
2026-02-08T09:54:15.476752,9.1,14.8,2100.0
2026-02-08T09:54:15.977650,5.6,14.8,2100.0
2026-02-08T09:54:16.478307,5.5,14.8,2100.0
2026-02-08T09:54:16.978823,6.2,14.8,2100.0
2026-02-08T09:54:17.479811,11.0,14.8,2100.0
2026-02-08T09:54:17.980411,5.4,14.8,2100.0
2026-02-08T09:54:18.481169,6.8,14.8,2100.0
2026-02-08T09:54:18.981928,5.8,14.8,2100.0
2026-02-08T09:54:19.482666,8.6,14.8,2100.0
2026-02-08T09:54:19.983275,5.9,14.8,2100.0
2026-02-08T09:54:20.483876,7.7,14.8,2100.0
2026-02-08T09:54:20.984852,7.4,14.8,2100.0
2026-02-08T09:54:21.485214,9.7,14.8,2100.0
2026-02-08T09:54:21.987324,9.6,14.8,2100.0
2026-02-08T09:54:22.488286,8.0,14.8,2100.0
2026-02-08T09:54:22.988831,6.2,14.8,2100.0
2026-02-08T09:54:23.489502,8.1,14.8,2100.0
2026-02-08T09:54:23.990174,6.5,14.8,2100.0
2026-02-08T09:54:24.490949,6.2,14.8,2100.0
2026-02-08T09:54:24.991659,8.0,14.8,2100.0
2026-02-08T09:54:25.492697,8.5,14.8,2100.0
2026-02-08T09:54:25.993281,8.3,14.8,2100.0
2026-02-08T09:54:26.494046,7.2,14.8,2100.0
2026-02-08T09:54:26.994573,9.0,14.8,2100.0
2026-02-08T09:54:27.494992,6.0,14.8,2100.0
2026-02-08T09:54:27.995527,8.0,14.7,2100.0
2026-02-08T09:54:28.496247,9.4,14.7,2100.0
2026-02-08T09:54:28.998932,10.4,14.7,2100.0
2026-02-08T09:54:29.499643,9.5,14.7,2100.0
2026-02-08T09:54:30.000427,4.9,14.7,2100.0
2026-02-08T09:54:30.501917,8.6,14.7,2100.0
2026-02-08T09:54:31.002809,5.5,14.7,2100.0
2026-02-08T09:54:31.503450,5.7,14.7,2100.0
2026-02-08T09:54:32.004009,7.3,14.7,2100.0
2026-02-08T09:54:32.504656,10.1,14.7,2100.0
2026-02-08T09:54:33.005095,4.7,14.7,2100.0
2026-02-08T09:54:33.505521,7.2,14.7,2100.0
2026-02-08T09:54:34.006113,6.8,14.7,2100.0
2026-02-08T09:54:34.506663,12.4,14.7,2100.0
2026-02-08T09:54:35.007336,5.4,14.7,2100.0
2026-02-08T09:54:35.507970,10.7,14.7,2100.0
2026-02-08T09:54:36.008838,5.0,14.7,2100.0
2026-02-08T09:54:36.509797,5.7,14.7,2100.0
2026-02-08T09:54:37.010286,5.2,14.7,2100.0
2026-02-08T09:54:37.511080,5.2,14.7,2100.0
2026-02-08T09:54:38.012219,6.6,14.7,2100.0
2026-02-08T09:54:38.513142,7.7,14.7,2100.0
2026-02-08T09:54:39.014007,5.2,14.7,2100.0
2026-02-08T09:54:39.514947,4.9,14.7,2100.0
2026-02-08T09:54:40.016282,5.1,14.7,2100.0
2026-02-08T09:54:40.517201,11.7,14.7,2100.0
2026-02-08T09:54:41.018525,6.1,14.8,2100.0
2026-02-08T09:54:41.519408,5.8,14.7,2100.0
2026-02-08T09:54:42.020074,7.4,14.7,2100.0
2026-02-08T09:54:42.520486,12.7,14.7,2100.0
2026-02-08T09:54:43.021467,4.1,14.7,2100.0
2026-02-08T09:54:43.522459,8.2,14.7,2100.0
2026-02-08T09:54:44.023126,8.4,14.7,2100.0
2026-02-08T09:54:44.523679,9.4,14.7,2100.0
2026-02-08T09:54:45.024111,5.2,14.7,2100.0
2026-02-08T09:54:45.524847,8.9,14.7,2100.0
2026-02-08T09:54:46.025232,7.3,14.7,2100.0
2026-02-08T09:54:46.525983,9.6,14.7,2100.0
2026-02-08T09:54:47.026928,7.7,14.7,2100.0
2026-02-08T09:54:47.527427,11.1,14.7,2100.0
2026-02-08T09:54:48.028082,5.8,14.8,2100.0
2026-02-08T09:54:48.528685,9.0,14.7,2100.0
2026-02-08T09:54:49.029482,5.2,14.7,2100.0
2026-02-08T09:54:49.530079,12.0,14.7,2100.0
2026-02-08T09:54:50.031411,7.0,14.7,2100.0
2026-02-08T09:54:50.532079,10.6,14.8,2100.0
2026-02-08T09:54:51.033616,5.7,14.8,2100.0
2026-02-08T09:54:51.534214,6.6,14.8,2100.0
2026-02-08T09:54:52.034657,5.6,14.8,2100.0
2026-02-08T09:54:52.535464,12.5,14.8,2100.0
2026-02-08T09:54:53.036239,7.3,14.8,2100.0
2026-02-08T09:54:53.536844,8.3,14.8,2100.0
2026-02-08T09:54:54.037454,15.9,14.8,2100.0
2026-02-08T09:54:54.537962,8.8,14.8,2100.0
2026-02-08T09:54:55.038558,7.8,14.8,2100.0
2026-02-08T09:54:55.539135,7.9,14.8,2100.0
2026-02-08T09:54:56.040362,5.5,14.8,2100.0
2026-02-08T09:54:56.540982,8.3,14.8,2100.0
2026-02-08T09:54:57.042059,5.4,14.8,2100.0
2026-02-08T09:54:57.542891,8.2,14.8,2100.0
2026-02-08T09:54:58.043456,7.8,14.8,2100.0
2026-02-08T09:54:58.543899,7.8,14.8,2100.0
2026-02-08T09:54:59.044975,4.5,14.8,2100.0
2026-02-08T09:54:59.545757,8.1,14.8,2100.0
2026-02-08T09:55:00.046211,3.5,14.8,2100.0
2026-02-08T09:55:00.546881,9.6,14.8,2100.0
2026-02-08T09:55:01.047988,6.6,14.8,2100.0
2026-02-08T09:55:01.548892,8.5,14.8,2100.0
2026-02-08T09:55:02.050152,5.1,14.8,2100.0
2026-02-08T09:55:02.552616,9.4,14.8,2100.0
2026-02-08T09:55:03.053112,5.2,14.7,2100.0
2026-02-08T09:55:03.553820,7.2,14.7,2100.0
2026-02-08T09:55:04.054345,5.6,14.7,2100.0
2026-02-08T09:55:04.555136,6.8,14.8,2100.0
2026-02-08T09:55:05.055919,5.3,14.8,2100.0
2026-02-08T09:55:05.556527,9.3,14.8,2100.0
2026-02-08T09:55:06.059021,8.4,14.8,2100.0
2026-02-08T09:55:06.559653,8.3,14.8,2100.0
2026-02-08T09:55:07.060871,9.7,14.8,2100.0
2026-02-08T09:55:07.561723,10.0,14.8,2100.0
2026-02-08T09:55:08.063392,6.8,14.8,2100.0
2026-02-08T09:55:08.564048,6.4,14.8,2100.0
2026-02-08T09:55:09.064897,9.0,14.8,2100.0
2026-02-08T09:55:09.565789,6.0,14.8,2100.0
2026-02-08T09:55:10.066473,8.7,14.8,2100.0
2026-02-08T09:55:10.566877,6.3,14.8,2100.0
2026-02-08T09:55:11.068356,6.3,14.8,2100.0
2026-02-08T09:55:11.568929,6.0,14.8,2100.0
2026-02-08T09:55:12.069387,5.7,14.8,2100.0
2026-02-08T09:55:12.569977,6.0,14.8,2100.0
2026-02-08T09:55:13.072044,7.1,14.8,2100.0
2026-02-08T09:55:13.572407,7.4,14.8,2100.0
2026-02-08T09:55:14.072821,10.3,14.8,2100.0
2026-02-08T09:55:14.573535,8.2,14.8,2100.0
2026-02-08T09:55:15.074265,6.2,14.8,2100.0
2026-02-08T09:55:15.574867,17.8,14.8,2100.0
2026-02-08T09:55:16.075636,5.8,14.8,2100.0
2026-02-08T09:55:16.576322,8.5,14.8,2100.0
2026-02-08T09:55:17.077599,6.6,14.8,2100.0
2026-02-08T09:55:17.578348,10.6,14.8,2100.0
2026-02-08T09:55:18.079185,4.0,14.8,2100.0
2026-02-08T09:55:18.580014,14.5,14.8,2100.0
2026-02-08T09:55:19.081117,10.0,14.8,2100.0
2026-02-08T09:55:19.581979,8.4,14.8,2100.0
2026-02-08T09:55:20.082929,4.3,14.8,2100.0
2026-02-08T09:55:20.585067,11.9,14.8,2100.0
2026-02-08T09:55:21.085581,6.6,14.8,2100.0
2026-02-08T09:55:21.586296,7.4,14.8,2100.0
2026-02-08T09:55:22.088432,5.2,14.8,2100.0
2026-02-08T09:55:22.589398,9.7,14.8,2100.0
2026-02-08T09:55:23.090150,5.7,14.8,2100.0
2026-02-08T09:55:23.590946,5.5,14.8,2100.0
2026-02-08T09:55:24.091534,4.8,14.8,2100.0
2026-02-08T09:55:24.592218,10.4,14.8,2100.0
2026-02-08T09:55:25.092731,6.2,14.8,2100.0
2026-02-08T09:55:25.593793,10.6,14.8,2100.0
2026-02-08T09:55:26.094573,4.2,14.8,2100.0
2026-02-08T09:55:26.595431,10.0,14.8,2100.0
2026-02-08T09:55:27.096657,8.1,14.8,2100.0
2026-02-08T09:55:27.597276,15.0,14.8,2100.0
2026-02-08T09:55:28.098277,5.6,14.8,2100.0
2026-02-08T09:55:28.599026,7.8,14.8,2100.0
2026-02-08T09:55:29.099608,6.2,14.8,2100.0
2026-02-08T09:55:29.600418,10.2,14.8,2100.0
2026-02-08T09:55:30.100886,5.6,14.8,2100.0
2026-02-08T09:55:30.601253,9.7,14.8,2100.0
2026-02-08T09:55:31.101760,5.5,14.8,2100.0
2026-02-08T09:55:31.602533,9.5,14.8,2100.0
2026-02-08T09:55:32.103067,7.0,14.8,2100.0
2026-02-08T09:55:32.603621,13.0,14.8,2100.0
2026-02-08T09:55:33.104399,7.7,14.8,2100.0
2026-02-08T09:55:33.605004,6.0,14.8,2100.0
2026-02-08T09:55:34.105865,5.9,14.8,2100.0
2026-02-08T09:55:34.606302,9.3,14.8,2100.0
2026-02-08T09:55:35.106734,4.0,14.8,2100.0
2026-02-08T09:55:35.608705,13.5,14.8,2100.0
2026-02-08T09:55:36.110350,7.3,14.8,2100.0
2026-02-08T09:55:36.610836,6.4,14.8,2100.0
2026-02-08T09:55:37.111381,6.3,14.8,2100.0
2026-02-08T09:55:37.612859,5.3,14.8,2100.0
2026-02-08T09:55:38.113601,7.0,14.8,2100.0
2026-02-08T09:55:38.614612,8.1,14.8,2100.0
2026-02-08T09:55:39.115591,8.9,14.8,2100.0
2026-02-08T09:55:39.616788,10.5,14.8,2100.0
2026-02-08T09:55:40.117621,6.1,14.8,2100.0
2026-02-08T09:55:40.618351,8.4,14.8,2100.0
2026-02-08T09:55:41.120678,6.0,14.8,2100.0
2026-02-08T09:55:41.621577,6.7,14.8,2100.0
2026-02-08T09:55:42.122168,12.6,14.8,2100.0
2026-02-08T09:55:42.622994,6.0,14.8,2100.0
2026-02-08T09:55:43.123589,6.9,14.8,2100.0
2026-02-08T09:55:43.624080,4.4,14.8,2100.0
2026-02-08T09:55:44.124825,5.3,14.8,2100.0
2026-02-08T09:55:44.625976,6.9,14.8,2100.0
2026-02-08T09:55:45.127041,6.8,14.8,2100.0
2026-02-08T09:55:45.627719,6.8,14.8,2100.0
2026-02-08T09:55:46.128145,6.9,14.8,2100.0
2026-02-08T09:55:46.628850,7.1,14.8,2100.0
2026-02-08T09:55:47.129621,8.8,14.8,2100.0
2026-02-08T09:55:47.630493,15.0,14.8,2100.0
2026-02-08T09:55:48.131394,7.0,14.8,2100.0
2026-02-08T09:55:48.632303,9.1,14.8,2100.0
2026-02-08T09:55:49.133237,6.7,14.8,2100.0
2026-02-08T09:55:49.633937,12.6,14.8,2100.0
2026-02-08T09:55:50.134723,8.2,14.8,2100.0
2026-02-08T09:55:50.635205,10.2,14.8,2100.0
2026-02-08T09:55:51.136273,5.5,14.8,2100.0
2026-02-08T09:55:51.636756,8.5,14.8,2100.0
2026-02-08T09:55:52.137165,7.2,14.8,2100.0
2026-02-08T09:55:52.637860,8.7,14.8,2100.0
2026-02-08T09:55:53.138473,6.3,14.8,2100.0
2026-02-08T09:55:53.639389,6.1,14.8,2100.0
2026-02-08T09:55:54.139933,7.2,14.8,2100.0
2026-02-08T09:55:54.640826,11.3,14.8,2100.0
2026-02-08T09:55:55.141460,5.7,14.8,2100.0
2026-02-08T09:55:55.642396,7.4,14.8,2100.0
2026-02-08T09:55:56.143096,6.9,14.8,2100.0
2026-02-08T09:55:56.643899,8.9,14.8,2100.0
2026-02-08T09:55:57.144614,8.7,14.8,2100.0
2026-02-08T09:55:57.645417,10.7,14.8,2100.0
2026-02-08T09:55:58.146119,5.7,14.8,2100.0
2026-02-08T09:55:58.647026,10.4,14.8,2100.0
2026-02-08T09:55:59.147927,6.8,14.8,2100.0
2026-02-08T09:55:59.648789,9.2,14.8,2100.0
2026-02-08T09:56:00.149694,8.2,14.8,2100.0
2026-02-08T09:56:00.650386,12.8,14.8,2100.0
2026-02-08T09:56:01.150899,4.8,14.8,2100.0
2026-02-08T09:56:01.651511,5.8,14.8,2100.0
2026-02-08T09:56:02.152087,8.2,14.8,2100.0
2026-02-08T09:56:02.652557,13.3,14.8,2100.0
2026-02-08T09:56:03.153559,4.5,14.8,2100.0
2026-02-08T09:56:03.654127,7.9,14.8,2100.0
2026-02-08T09:56:04.155007,4.7,14.8,2100.0
2026-02-08T09:56:04.655548,6.0,14.8,2100.0
2026-02-08T09:56:05.156229,6.4,14.8,2100.0
2026-02-08T09:56:05.656577,8.1,14.8,2100.0
2026-02-08T09:56:06.156969,7.1,14.8,2100.0
2026-02-08T09:56:06.657709,8.5,14.8,2100.0
2026-02-08T09:56:07.158382,8.8,14.8,2100.0
2026-02-08T09:56:07.658833,5.4,14.8,2100.0
2026-02-08T09:56:08.159841,6.8,14.8,2100.0
2026-02-08T09:56:08.660938,7.2,14.8,2100.0
2026-02-08T09:56:09.161847,9.3,14.8,2100.0
2026-02-08T09:56:09.663071,10.6,14.8,2100.0
2026-02-08T09:56:10.163872,5.8,14.8,2100.0
2026-02-08T09:56:10.664480,6.8,14.8,2100.0
2026-02-08T09:56:11.165489,5.4,14.8,2100.0
2026-02-08T09:56:11.665979,8.4,14.8,2100.0
2026-02-08T09:56:12.167099,9.3,14.8,2100.0
2026-02-08T09:56:12.667735,7.8,14.8,2100.0
2026-02-08T09:56:13.168517,7.8,14.8,2100.0
2026-02-08T09:56:13.669301,7.2,14.8,2100.0
2026-02-08T09:56:14.170056,9.2,14.8,2100.0
2026-02-08T09:56:14.670478,12.2,14.8,2100.0
2026-02-08T09:56:15.171381,5.5,14.8,2100.0
2026-02-08T09:56:15.672107,6.3,14.8,2100.0
2026-02-08T09:56:16.172780,5.5,14.8,2100.0
2026-02-08T09:56:16.673823,8.0,14.8,2100.0
2026-02-08T09:56:17.175178,9.1,14.8,2100.0
2026-02-08T09:56:17.675708,10.5,14.8,2100.0
2026-02-08T09:56:18.176664,5.6,14.8,2100.0
2026-02-08T09:56:18.677607,8.7,14.8,2100.0
2026-02-08T09:56:19.178267,8.7,14.8,2100.0
2026-02-08T09:56:19.678692,11.5,14.8,2100.0
2026-02-08T09:56:20.180618,6.9,14.8,2100.0
2026-02-08T09:56:20.681613,9.8,14.8,2100.0
2026-02-08T09:56:21.182403,7.6,14.8,2100.0
2026-02-08T09:56:21.683316,8.7,14.8,2100.0
2026-02-08T09:56:22.183691,5.8,14.8,2100.0
2026-02-08T09:56:22.684939,6.7,14.8,2100.0
2026-02-08T09:56:23.185375,5.7,14.8,2100.0
2026-02-08T09:56:23.686096,7.7,14.8,2100.0
2026-02-08T09:56:24.186768,7.0,14.8,2100.0
2026-02-08T09:56:24.687503,8.0,14.8,2100.0
2026-02-08T09:56:25.188473,4.8,14.8,2100.0
2026-02-08T09:56:25.689218,7.8,14.8,2100.0
2026-02-08T09:56:26.190100,5.6,14.8,2100.0
2026-02-08T09:56:26.690671,9.1,14.8,2100.0
2026-02-08T09:56:27.191242,7.4,14.8,2100.0
2026-02-08T09:56:27.691651,6.9,14.8,2100.0
2026-02-08T09:56:28.192315,6.3,14.8,2100.0
2026-02-08T09:56:28.692808,6.7,14.8,2100.0
2026-02-08T09:56:29.193395,8.4,14.8,2100.0
2026-02-08T09:56:29.694098,6.5,14.8,2100.0
2026-02-08T09:56:30.195274,7.7,14.8,2100.0
2026-02-08T09:56:30.695906,14.4,14.8,2100.0
2026-02-08T09:56:31.197937,9.9,14.8,2100.0
2026-02-08T09:56:31.698985,10.4,14.8,2100.0
2026-02-08T09:56:32.199867,7.6,14.8,2100.0
2026-02-08T09:56:32.700465,5.2,14.8,2100.0
2026-02-08T09:56:33.201149,8.9,14.8,2100.0
2026-02-08T09:56:33.701954,7.6,14.8,2100.0
2026-02-08T09:56:34.202727,8.2,14.8,2100.0
2026-02-08T09:56:34.703437,8.7,14.8,2100.0
2026-02-08T09:56:35.204267,8.1,14.8,2100.0
2026-02-08T09:56:35.705164,8.5,14.8,2100.0
2026-02-08T09:56:36.205971,6.8,14.8,2100.0
2026-02-08T09:56:36.707111,7.1,14.8,2100.0
2026-02-08T09:56:37.207854,7.6,14.8,2100.0
2026-02-08T09:56:37.708641,8.6,14.8,2100.0
2026-02-08T09:56:38.209567,8.5,14.8,2100.0
2026-02-08T09:56:38.710067,5.4,14.8,2100.0
2026-02-08T09:56:39.210782,7.6,14.8,2100.0
2026-02-08T09:56:39.711248,5.6,14.8,2100.0
2026-02-08T09:56:40.213001,12.9,14.8,2100.0
2026-02-08T09:56:40.713612,7.7,14.8,2100.0
2026-02-08T09:56:41.214069,6.7,14.8,2100.0
2026-02-08T09:56:41.714744,10.5,14.8,2100.0
2026-02-08T09:56:42.215816,8.1,14.8,2100.0
2026-02-08T09:56:42.716434,6.3,14.8,2100.0
2026-02-08T09:56:43.217233,5.7,14.8,2100.0
2026-02-08T09:56:43.717834,7.1,14.8,2100.0
2026-02-08T09:56:44.218585,5.9,14.8,2100.0
2026-02-08T09:56:44.720077,10.3,14.8,2100.0
2026-02-08T09:56:45.220734,7.8,14.8,2100.0
2026-02-08T09:56:45.721428,7.9,14.8,2100.0
2026-02-08T09:56:46.221855,5.0,14.8,2100.0
2026-02-08T09:56:46.723401,6.9,14.8,2100.0
2026-02-08T09:56:47.224115,6.3,14.8,2100.0
2026-02-08T09:56:47.724665,6.0,14.8,2100.0
2026-02-08T09:56:48.225786,9.7,14.8,2100.0
2026-02-08T09:56:48.726975,7.2,14.8,2100.0
2026-02-08T09:56:49.227809,5.4,14.8,2100.0
2026-02-08T09:56:49.729711,6.2,14.8,2100.0
2026-02-08T09:56:50.230906,6.6,14.8,2100.0
2026-02-08T09:56:50.731571,9.4,14.8,2100.0
2026-02-08T09:56:51.232410,7.6,14.8,2100.0
2026-02-08T09:56:51.733231,6.3,14.8,2100.0
2026-02-08T09:56:52.234086,7.9,14.8,2100.0
2026-02-08T09:56:52.734923,7.5,14.8,2100.0
2026-02-08T09:56:53.235439,11.0,14.8,2100.0
2026-02-08T09:56:53.736265,10.5,14.8,2100.0
2026-02-08T09:56:54.236739,5.8,14.8,2100.0
2026-02-08T09:56:54.737466,6.8,14.8,2100.0
2026-02-08T09:56:55.237841,6.9,14.8,2100.0
2026-02-08T09:56:55.738217,12.1,14.8,2100.0
2026-02-08T09:56:56.241307,6.3,14.8,2100.0
2026-02-08T09:56:56.741866,6.8,14.8,2100.0
2026-02-08T09:56:57.242737,10.2,14.8,2100.0
2026-02-08T09:56:57.743646,12.2,14.8,2100.0
2026-02-08T09:56:58.244377,6.0,14.8,2100.0
2026-02-08T09:56:58.745064,8.5,14.8,2100.0
2026-02-08T09:56:59.245931,5.1,14.8,2100.0
2026-02-08T09:56:59.746652,11.3,14.8,2100.0
2026-02-08T09:57:00.247659,4.9,14.8,2100.0
2026-02-08T09:57:00.748068,9.1,14.8,2100.0
2026-02-08T09:57:01.248540,4.9,14.8,2100.0
2026-02-08T09:57:01.749434,11.9,14.8,2100.0
2026-02-08T09:57:02.251308,7.4,14.8,2100.0
2026-02-08T09:57:02.751964,9.3,14.8,2100.0
2026-02-08T09:57:03.252635,5.2,14.8,2100.0
2026-02-08T09:57:03.754095,9.8,14.8,2100.0
2026-02-08T09:57:04.254923,6.4,14.8,2100.0
2026-02-08T09:57:04.756368,11.9,14.8,2100.0
2026-02-08T09:57:05.256956,7.7,14.8,2100.0
2026-02-08T09:57:05.758011,8.3,14.8,2100.0
2026-02-08T09:57:06.259166,4.0,14.8,2100.0
2026-02-08T09:57:06.759812,7.9,14.8,2100.0
2026-02-08T09:57:07.260749,8.0,14.8,2100.0
2026-02-08T09:57:07.761156,6.8,14.8,2100.0
2026-02-08T09:57:08.262025,3.5,14.8,2100.0
2026-02-08T09:57:08.762670,6.6,14.8,2100.0
2026-02-08T09:57:09.263449,8.7,14.8,2100.0
2026-02-08T09:57:09.764289,7.4,14.8,2100.0
2026-02-08T09:57:10.265176,5.4,14.8,2100.0
2026-02-08T09:57:10.765748,7.4,14.8,2100.0
2026-02-08T09:57:11.268545,7.5,14.8,2100.0
2026-02-08T09:57:11.769323,6.7,14.8,2100.0
2026-02-08T09:57:12.269845,7.7,14.8,2100.0
2026-02-08T09:57:12.770461,8.1,14.8,2100.0
2026-02-08T09:57:13.271112,9.5,14.8,2100.0
2026-02-08T09:57:13.771742,8.5,14.8,2100.0
2026-02-08T09:57:14.272517,6.3,14.8,2100.0
2026-02-08T09:57:14.773173,9.5,14.8,2100.0
2026-02-08T09:57:15.274081,10.9,14.8,2100.0
2026-02-08T09:57:15.774877,15.5,14.8,2100.0
2026-02-08T09:57:16.278981,8.4,14.8,2100.0
2026-02-08T09:57:16.779666,9.3,14.8,2100.0
2026-02-08T09:57:17.280024,7.6,14.8,2100.0
2026-02-08T09:57:17.780515,7.5,14.8,2100.0
2026-02-08T09:57:18.281333,8.6,14.8,2100.0
2026-02-08T09:57:18.782110,9.8,14.8,2100.0
2026-02-08T09:57:19.282653,15.1,14.8,2100.0
2026-02-08T09:57:19.783517,7.4,14.8,2100.0
2026-02-08T09:57:20.284066,10.1,14.8,2100.0
2026-02-08T09:57:20.784973,7.5,14.8,2100.0
2026-02-08T09:57:21.285798,6.9,14.8,2100.0
2026-02-08T09:57:21.786601,9.8,14.8,2100.0
2026-02-08T09:57:22.287608,7.6,14.8,2100.0
2026-02-08T09:57:22.788548,5.4,14.8,2100.0
2026-02-08T09:57:23.289472,7.1,14.8,2100.0
2026-02-08T09:57:23.790187,7.1,14.8,2100.0
2026-02-08T09:57:24.290894,7.4,14.8,2100.0
2026-02-08T09:57:24.792202,5.9,14.8,2100.0
2026-02-08T09:57:25.292711,6.5,14.8,2100.0
2026-02-08T09:57:25.793714,6.0,14.8,2100.0
2026-02-08T09:57:26.295241,8.2,14.8,2100.0
2026-02-08T09:57:26.795912,8.1,14.8,2100.0
2026-02-08T09:57:27.296485,12.5,14.8,2100.0
2026-02-08T09:57:27.797110,15.4,14.8,2100.0
2026-02-08T09:57:28.297680,6.5,14.8,2100.0
2026-02-08T09:57:28.798580,8.4,14.8,2100.0
2026-02-08T09:57:29.299043,4.8,14.8,2100.0
2026-02-08T09:57:29.799746,8.8,14.8,2100.0
2026-02-08T09:57:30.300304,4.9,14.8,2100.0
2026-02-08T09:57:30.801003,10.1,14.8,2100.0
2026-02-08T09:57:31.303050,4.1,14.8,2100.0
2026-02-08T09:57:31.804105,7.0,14.8,2100.0
2026-02-08T09:57:32.305010,11.9,14.8,2100.0
2026-02-08T09:57:32.806037,12.7,14.8,2100.0
2026-02-08T09:57:33.307237,10.4,14.8,2100.0
2026-02-08T09:57:33.807864,11.4,14.8,2100.0
2026-02-08T09:57:34.310033,6.1,14.8,2100.0
2026-02-08T09:57:34.810831,7.7,14.8,2100.0
2026-02-08T09:57:35.311590,8.1,14.8,2100.0
2026-02-08T09:57:35.812460,11.5,14.8,2100.0
2026-02-08T09:57:36.313294,7.4,14.8,2100.0
2026-02-08T09:57:36.813926,7.3,14.8,2100.0
2026-02-08T09:57:37.320665,6.2,14.8,2100.0
2026-02-08T09:57:37.823962,10.3,14.8,2100.0
2026-02-08T09:57:38.324657,6.5,14.8,2100.0
2026-02-08T09:57:38.825464,15.3,14.8,2100.0
2026-02-08T09:57:39.326559,11.6,14.8,2100.0
2026-02-08T09:57:39.829649,22.6,14.8,2100.0
2026-02-08T09:57:40.330127,6.8,14.8,2100.0
2026-02-08T09:57:40.830704,11.5,14.8,2100.0
2026-02-08T09:57:41.331183,6.3,14.8,2100.0
2026-02-08T09:57:41.831627,10.0,14.8,2100.0
2026-02-08T09:57:42.336532,5.9,14.8,2100.0
2026-02-08T09:57:42.837253,13.3,14.8,2100.0
2026-02-08T09:57:43.338548,7.0,14.8,2100.0
2026-02-08T09:57:43.839473,12.2,14.8,2100.0
2026-02-08T09:57:44.339935,5.0,14.8,2100.0
2026-02-08T09:57:44.840699,9.3,14.8,2100.0
2026-02-08T09:57:45.341872,6.8,14.8,2100.0
2026-02-08T09:57:45.842779,11.1,14.8,2100.0
2026-02-08T09:57:46.344642,5.5,14.8,2100.0
2026-02-08T09:57:46.845628,7.9,14.8,2100.0
2026-02-08T09:57:47.346301,6.0,14.8,2100.0
2026-02-08T09:57:47.847083,11.0,14.8,2100.0
2026-02-08T09:57:48.347949,5.0,14.8,2100.0
2026-02-08T09:57:48.848604,7.5,14.8,2100.0
2026-02-08T09:57:49.349323,7.4,14.8,2100.0
2026-02-08T09:57:49.850249,8.9,14.8,2100.0
2026-02-08T09:57:50.351049,7.2,14.8,2100.0
2026-02-08T09:57:50.851802,6.8,14.8,2100.0
2026-02-08T09:57:51.352605,5.4,14.8,2100.0
2026-02-08T09:57:51.853715,10.8,14.8,2100.0
2026-02-08T09:57:52.354573,5.5,14.8,2100.0
2026-02-08T09:57:52.855023,10.4,14.8,2100.0
2026-02-08T09:57:53.356119,6.0,14.8,2100.0
2026-02-08T09:57:53.857865,5.8,14.8,2100.0
2026-02-08T09:57:54.358384,5.8,14.8,2100.0
2026-02-08T09:57:54.859261,5.4,14.8,2100.0
2026-02-08T09:57:55.359681,8.4,14.8,2100.0
2026-02-08T09:57:55.860618,7.4,14.8,2100.0
2026-02-08T09:57:56.361388,9.1,14.8,2100.0
2026-02-08T09:57:56.862107,13.3,14.8,2100.0
2026-02-08T09:57:57.362608,8.7,14.8,2100.0
2026-02-08T09:57:57.863184,10.1,14.8,2100.0
2026-02-08T09:57:58.363714,9.0,14.8,2100.0
2026-02-08T09:57:58.864314,9.4,14.8,2100.0
2026-02-08T09:57:59.365016,9.6,14.8,2100.0
2026-02-08T09:57:59.865350,6.0,14.8,2100.0
2026-02-08T09:58:00.366199,6.7,14.8,2100.0
2026-02-08T09:58:00.867139,8.6,14.8,2100.0
2026-02-08T09:58:01.367568,8.7,14.8,2100.0
2026-02-08T09:58:01.868007,10.3,14.8,2100.0
2026-02-08T09:58:02.368347,9.5,14.8,2100.0
2026-02-08T09:58:02.869834,5.2,14.8,2100.0
2026-02-08T09:58:03.370898,7.2,14.8,2100.0
2026-02-08T09:58:03.871610,5.0,14.8,2100.0
2026-02-08T09:58:04.372415,6.1,14.8,2100.0
2026-02-08T09:58:04.873097,5.8,14.8,2100.0
2026-02-08T09:58:05.374031,9.5,14.8,2100.0
2026-02-08T09:58:05.875975,6.1,14.8,2100.0
2026-02-08T09:58:06.376713,5.1,14.8,2100.0
2026-02-08T09:58:06.877455,3.9,14.8,2100.0
2026-02-08T09:58:07.377963,7.1,14.8,2100.0
2026-02-08T09:58:07.878954,7.1,14.8,2100.0
2026-02-08T09:58:08.379332,6.8,14.8,2100.0
2026-02-08T09:58:08.880082,6.0,14.8,2100.0
2026-02-08T09:58:09.380547,9.1,14.8,2100.0
2026-02-08T09:58:09.881571,8.3,14.8,2100.0
2026-02-08T09:58:10.382202,8.6,14.8,2100.0
2026-02-08T09:58:10.882766,9.2,14.8,2100.0
2026-02-08T09:58:11.383318,6.8,14.8,2100.0
2026-02-08T09:58:11.884208,16.4,14.8,2100.0
2026-02-08T09:58:12.385306,11.9,14.8,2100.0
2026-02-08T09:58:12.886493,7.8,14.8,2100.0
2026-02-08T09:58:13.388226,4.3,14.8,2100.0
2026-02-08T09:58:13.889413,9.0,14.8,2100.0
2026-02-08T09:58:14.389994,5.5,14.8,2100.0
2026-02-08T09:58:14.890399,4.0,14.8,2100.0
2026-02-08T09:58:15.413754,13.3,14.9,2100.0
2026-02-08T09:58:15.914228,8.9,14.9,2100.0
2026-02-08T09:58:16.414989,4.2,14.9,2100.0
2026-02-08T09:58:16.915469,12.7,14.9,2100.0
2026-02-08T09:58:17.416062,6.1,14.9,2100.0
2026-02-08T09:58:17.916612,6.6,14.9,2100.0
2026-02-08T09:58:18.417434,5.8,14.9,2100.0
2026-02-08T09:58:18.919149,8.8,14.9,2100.0
2026-02-08T09:58:19.419563,7.0,14.9,2100.0
2026-02-08T09:58:19.920610,7.6,14.9,2100.0
2026-02-08T09:58:20.457793,10.6,14.8,2100.0
2026-02-08T09:58:20.958710,8.2,14.8,2100.0
2026-02-08T09:58:21.459629,6.6,14.8,2100.0
2026-02-08T09:58:21.960125,9.9,14.8,2100.0
2026-02-08T09:58:22.460873,7.4,14.8,2100.0
2026-02-08T09:58:22.961750,7.4,14.8,2100.0
2026-02-08T09:58:23.462177,9.5,14.8,2100.0
2026-02-08T09:58:23.962769,6.6,14.8,2100.0
2026-02-08T09:58:24.463682,8.3,14.8,2100.0
2026-02-08T09:58:24.964527,6.9,14.8,2100.0
2026-02-08T09:58:25.522913,9.3,14.8,2100.0
2026-02-08T09:58:26.023401,5.3,14.8,2100.0
2026-02-08T09:58:26.525028,6.3,14.8,2100.0
2026-02-08T09:58:27.026776,5.5,14.8,2100.0
2026-02-08T09:58:27.527587,7.8,14.8,2100.0
2026-02-08T09:58:28.028880,6.8,14.8,2100.0
2026-02-08T09:58:28.529673,7.7,14.8,2100.0
2026-02-08T09:58:29.030675,7.3,14.8,2100.0
2026-02-08T09:58:29.531256,7.3,14.8,2100.0
2026-02-08T09:58:30.031652,5.9,14.8,2100.0
2026-02-08T09:58:30.532407,13.9,14.8,2100.0
2026-02-08T09:58:31.033119,13.2,14.9,2100.0
2026-02-08T09:58:31.534105,9.4,14.9,2100.0
2026-02-08T09:58:32.035178,8.7,14.9,2100.0
2026-02-08T09:58:32.535708,12.7,14.9,2100.0
2026-02-08T09:58:33.036511,8.4,14.9,2100.0
2026-02-08T09:58:33.537354,7.7,14.9,2100.0
2026-02-08T09:58:34.038282,13.7,14.9,2100.0
2026-02-08T09:58:34.540974,14.6,14.9,2100.0
2026-02-08T09:58:35.042666,8.0,14.9,2100.0
2026-02-08T09:58:35.543322,7.9,14.9,2100.0
2026-02-08T09:58:36.043929,6.3,14.9,2100.0
2026-02-08T09:58:36.544911,9.1,14.9,2100.0
2026-02-08T09:58:37.045770,8.3,14.9,2100.0
2026-02-08T09:58:37.546551,12.9,14.9,2100.0
2026-02-08T09:58:38.047254,9.1,14.9,2100.0
2026-02-08T09:58:38.547971,9.5,14.9,2100.0
2026-02-08T09:58:39.050826,9.0,14.9,2100.0
2026-02-08T09:58:39.551774,6.0,14.9,2100.0
2026-02-08T09:58:40.052552,6.9,14.9,2100.0
2026-02-08T09:58:40.553148,7.6,14.9,2100.0
2026-02-08T09:58:41.054031,7.9,14.9,2100.0
2026-02-08T09:58:41.554830,7.9,14.9,2100.0
2026-02-08T09:58:42.057128,8.0,14.9,2100.0
2026-02-08T09:58:42.558198,10.9,14.9,2100.0
2026-02-08T09:58:43.058886,6.4,14.9,2100.0
2026-02-08T09:58:43.559978,9.4,14.9,2100.0
2026-02-08T09:58:44.065526,6.8,14.9,2100.0
2026-02-08T09:58:44.565952,12.4,14.9,2100.0
2026-02-08T09:58:45.066949,9.0,14.8,2100.0
2026-02-08T09:58:45.567810,11.7,14.8,2100.0
2026-02-08T09:58:46.068321,5.4,14.8,2100.0
2026-02-08T09:58:46.569026,8.4,14.8,2100.0
2026-02-08T09:58:47.069617,10.4,14.8,2100.0
2026-02-08T09:58:47.570382,9.9,14.8,2100.0
2026-02-08T09:58:48.072347,6.3,14.8,2100.0
2026-02-08T09:58:48.573020,9.5,14.8,2100.0
2026-02-08T09:58:49.074282,6.5,14.8,2100.0
2026-02-08T09:58:49.575417,11.8,14.8,2100.0
2026-02-08T09:58:50.076328,6.2,14.8,2100.0
2026-02-08T09:58:50.576954,8.1,14.8,2100.0
2026-02-08T09:58:51.077440,6.6,14.8,2100.0
2026-02-08T09:58:51.578124,9.9,14.8,2100.0
2026-02-08T09:58:52.078623,5.8,14.8,2100.0
2026-02-08T09:58:52.579437,7.2,14.8,2100.0
2026-02-08T09:58:53.080082,7.3,14.8,2100.0
2026-02-08T09:58:53.580631,9.4,14.8,2100.0
2026-02-08T09:58:54.081501,7.5,14.8,2100.0
2026-02-08T09:58:54.582235,9.1,14.8,2100.0
2026-02-08T09:58:55.083081,5.2,14.8,2100.0
2026-02-08T09:58:55.584049,8.5,14.8,2100.0
2026-02-08T09:58:56.084859,5.3,14.8,2100.0
2026-02-08T09:58:56.585986,6.3,14.8,2100.0
2026-02-08T09:58:57.086652,4.6,14.7,2100.0
2026-02-08T09:58:57.587115,9.2,14.7,2100.0
2026-02-08T09:58:58.087696,7.4,14.7,2100.0
2026-02-08T09:58:58.588492,16.0,14.8,2100.0
2026-02-08T09:58:59.089581,5.5,14.8,2100.0
2026-02-08T09:58:59.590352,8.3,14.8,2100.0
2026-02-08T09:59:00.090951,10.2,14.8,2100.0
2026-02-08T09:59:00.591350,12.6,14.8,2100.0
2026-02-08T09:59:01.092204,12.9,14.8,2100.0
2026-02-08T09:59:01.592977,7.2,14.8,2100.0
2026-02-08T09:59:02.093752,6.5,14.8,2100.0
2026-02-08T09:59:02.594191,8.0,14.8,2100.0
2026-02-08T09:59:03.094918,6.2,14.8,2100.0
2026-02-08T09:59:03.595784,13.2,14.8,2100.0
2026-02-08T09:59:04.096672,6.0,14.8,2100.0
2026-02-08T09:59:04.597643,10.4,14.8,2100.0
2026-02-08T09:59:05.098460,6.1,14.8,2100.0
2026-02-08T09:59:05.599579,11.0,14.8,2100.0
2026-02-08T09:59:06.100587,6.8,14.8,2100.0
2026-02-08T09:59:06.601564,8.0,14.8,2100.0
2026-02-08T09:59:07.102307,9.1,14.8,2100.0
2026-02-08T09:59:07.603128,6.5,14.8,2100.0
2026-02-08T09:59:08.103572,10.6,14.8,2100.0
2026-02-08T09:59:08.604584,8.3,14.8,2100.0
2026-02-08T09:59:09.105414,3.8,14.8,2100.0
2026-02-08T09:59:09.605985,7.5,14.8,2100.0
2026-02-08T09:59:10.108077,7.3,14.8,2100.0
2026-02-08T09:59:10.608511,7.7,14.8,2100.0
2026-02-08T09:59:11.109212,5.9,14.8,2100.0
2026-02-08T09:59:11.610144,7.7,14.8,2100.0
2026-02-08T09:59:12.110675,7.3,14.8,2100.0
2026-02-08T09:59:12.611317,9.9,14.8,2100.0
2026-02-08T09:59:13.112508,9.4,14.8,2100.0
2026-02-08T09:59:13.613018,6.3,14.8,2100.0
2026-02-08T09:59:14.113415,6.1,14.8,2100.0
2026-02-08T09:59:14.613825,7.4,14.8,2100.0
2026-02-08T09:59:15.114481,8.4,14.8,2100.0
2026-02-08T09:59:15.616014,10.6,14.8,2100.0
2026-02-08T09:59:16.116710,8.1,14.8,2100.0
2026-02-08T09:59:16.617760,5.3,14.8,2100.0
2026-02-08T09:59:17.118887,8.4,14.8,2100.0
2026-02-08T09:59:17.619633,6.4,14.8,2100.0
2026-02-08T09:59:18.120728,6.6,14.8,2100.0
2026-02-08T09:59:18.621652,5.5,14.8,2100.0
2026-02-08T09:59:19.122228,6.7,14.8,2100.0
2026-02-08T09:59:19.623075,9.4,14.8,2100.0
2026-02-08T09:59:20.124060,10.4,14.8,2100.0
2026-02-08T09:59:20.624767,5.3,14.8,2100.0
2026-02-08T09:59:21.125461,6.4,14.8,2100.0
2026-02-08T09:59:21.626147,6.5,14.8,2100.0
2026-02-08T09:59:22.126902,8.6,14.8,2100.0
2026-02-08T09:59:22.628060,6.3,14.8,2100.0
2026-02-08T09:59:23.129130,8.3,14.8,2100.0
2026-02-08T09:59:23.629524,6.5,14.8,2100.0
2026-02-08T09:59:24.130052,6.2,14.8,2100.0
2026-02-08T09:59:24.630838,8.8,14.8,2100.0
2026-02-08T09:59:25.131783,6.2,14.8,2100.0
2026-02-08T09:59:25.633066,7.8,14.8,2100.0
2026-02-08T09:59:26.133668,8.7,14.8,2100.0
2026-02-08T09:59:26.634422,10.9,14.8,2100.0
2026-02-08T09:59:27.135419,4.6,14.8,2100.0
2026-02-08T09:59:27.635957,13.6,14.8,2100.0
2026-02-08T09:59:28.136468,6.9,14.8,2100.0
2026-02-08T09:59:28.637174,8.4,14.8,2100.0
2026-02-08T09:59:29.137755,6.8,14.8,2100.0
2026-02-08T09:59:29.640227,7.4,14.8,2100.0
2026-02-08T09:59:30.140758,8.6,14.7,2100.0
2026-02-08T09:59:30.641567,9.7,14.7,2100.0
2026-02-08T09:59:31.142400,9.7,14.7,2100.0
2026-02-08T09:59:31.643339,10.5,14.7,2100.0
2026-02-08T09:59:32.143847,5.9,14.8,2100.0
2026-02-08T09:59:32.644766,8.2,14.8,2100.0
2026-02-08T09:59:33.145499,4.9,14.8,2100.0
2026-02-08T09:59:33.646194,7.5,14.8,2100.0
2026-02-08T09:59:34.146889,4.7,14.8,2100.0
2026-02-08T09:59:34.647606,15.7,14.8,2100.0
2026-02-08T09:59:35.148638,6.5,14.7,2100.0
2026-02-08T09:59:35.649513,5.8,14.7,2100.0
2026-02-08T09:59:36.150318,7.8,14.7,2100.0
2026-02-08T09:59:36.651341,8.2,14.8,2100.0
2026-02-08T09:59:37.151884,5.3,14.7,2100.0
2026-02-08T09:59:37.652764,5.7,14.7,2100.0
2026-02-08T09:59:38.153926,7.8,14.7,2100.0
2026-02-08T09:59:38.654620,11.6,14.7,2100.0
2026-02-08T09:59:39.155371,9.4,14.7,2100.0
2026-02-08T09:59:39.656424,13.0,14.7,2100.0
2026-02-08T09:59:40.156990,4.8,14.8,2100.0
2026-02-08T09:59:40.657693,7.6,14.8,2100.0
2026-02-08T09:59:41.158162,7.2,14.8,2100.0
2026-02-08T09:59:41.658757,11.0,14.8,2100.0
2026-02-08T09:59:42.159580,5.2,14.8,2100.0
2026-02-08T09:59:42.660475,10.1,14.8,2100.0
2026-02-08T09:59:43.161186,5.0,14.8,2100.0
2026-02-08T09:59:43.661864,13.5,14.8,2100.0
2026-02-08T09:59:44.162587,9.6,14.8,2100.0
2026-02-08T09:59:44.663550,14.1,14.8,2100.0
2026-02-08T09:59:45.164808,9.1,14.8,2100.0
2026-02-08T09:59:45.669532,9.1,14.8,2100.0
2026-02-08T09:59:46.175741,7.6,14.8,2100.0
2026-02-08T09:59:46.676162,11.0,14.8,2100.0
2026-02-08T09:59:47.177229,6.2,14.8,2100.0
2026-02-08T09:59:47.677700,10.4,14.8,2100.0
2026-02-08T09:59:48.178678,9.4,14.8,2100.0
2026-02-08T09:59:48.679511,14.2,14.8,2100.0
2026-02-08T09:59:49.180001,8.9,14.8,2100.0
2026-02-08T09:59:49.681324,9.9,14.8,2100.0
2026-02-08T09:59:50.184258,6.6,14.8,2100.0
2026-02-08T09:59:50.685034,11.1,14.8,2100.0
2026-02-08T09:59:51.186255,7.1,14.8,2100.0
2026-02-08T09:59:51.687182,12.7,14.8,2100.0
2026-02-08T09:59:52.187617,7.0,14.8,2100.0
2026-02-08T09:59:52.688406,7.6,14.8,2100.0
2026-02-08T09:59:53.189059,7.6,14.8,2100.0
2026-02-08T09:59:53.689581,6.4,14.8,2100.0
2026-02-08T09:59:54.190457,5.3,14.8,2100.0
2026-02-08T09:59:54.690851,8.2,14.8,2100.0
2026-02-08T09:59:55.191595,6.2,14.8,2100.0
2026-02-08T09:59:55.692233,8.3,14.8,2100.0
2026-02-08T09:59:56.192766,7.2,14.8,2100.0
2026-02-08T09:59:56.693471,8.4,14.8,2100.0
2026-02-08T09:59:57.194312,7.0,14.8,2100.0
2026-02-08T09:59:57.695107,9.6,14.8,2100.0
2026-02-08T09:59:58.195819,8.6,14.8,2100.0
2026-02-08T09:59:58.696979,6.5,14.8,2100.0
2026-02-08T09:59:59.197692,5.8,14.8,2100.0
2026-02-08T09:59:59.698119,7.0,14.8,2100.0
2026-02-08T10:00:00.199008,7.7,14.8,2100.0
2026-02-08T10:00:00.699449,10.2,14.8,2100.0
2026-02-08T10:00:01.200903,16.6,14.8,2100.0
2026-02-08T10:00:01.701459,5.7,14.8,2100.0
2026-02-08T10:00:02.201932,4.5,14.8,2100.0
2026-02-08T10:00:02.702618,7.0,14.8,2100.0
2026-02-08T10:00:03.203472,10.5,14.8,2100.0
2026-02-08T10:00:03.704136,4.8,14.8,2100.0
2026-02-08T10:00:04.204792,8.8,14.8,2100.0
2026-02-08T10:00:04.705429,8.9,14.8,2100.0
2026-02-08T10:00:05.206080,6.3,14.8,2100.0
2026-02-08T10:00:05.706673,6.2,14.8,2100.0
2026-02-08T10:00:06.207223,8.5,14.8,2100.0
2026-02-08T10:00:06.707662,8.2,14.8,2100.0
2026-02-08T10:00:07.208019,11.0,14.8,2100.0
2026-02-08T10:00:07.708954,9.6,14.8,2100.0
2026-02-08T10:00:08.209746,8.0,14.8,2100.0
2026-02-08T10:00:08.710182,6.4,14.8,2100.0
2026-02-08T10:00:09.210904,19.4,14.8,2100.0
2026-02-08T10:00:09.711888,9.9,14.8,2100.0
2026-02-08T10:00:10.212368,8.6,14.8,2100.0
2026-02-08T10:00:10.714172,5.6,14.8,2100.0
2026-02-08T10:00:11.215288,10.6,14.8,2100.0
2026-02-08T10:00:11.716240,8.3,14.8,2100.0
2026-02-08T10:00:12.216754,6.0,14.8,2100.0
2026-02-08T10:00:12.717436,15.6,14.8,2100.0
2026-02-08T10:00:13.218256,7.1,14.8,2100.0
2026-02-08T10:00:13.718704,9.7,14.8,2100.0
2026-02-08T10:00:14.219384,5.1,14.8,2100.0
2026-02-08T10:00:14.719740,5.0,14.8,2100.0
2026-02-08T10:00:15.220277,7.9,14.8,2100.0
2026-02-08T10:00:15.720717,8.9,14.8,2100.0
2026-02-08T10:00:16.225263,9.9,14.8,2100.0
2026-02-08T10:00:16.725746,9.6,14.8,2100.0
2026-02-08T10:00:17.226289,7.5,14.8,2100.0
2026-02-08T10:00:17.727149,10.9,14.8,2100.0
2026-02-08T10:00:18.227837,5.5,14.8,2100.0
2026-02-08T10:00:18.728433,11.4,14.8,2100.0
2026-02-08T10:00:19.230167,6.6,14.8,2100.0
2026-02-08T10:00:19.731480,9.2,14.8,2100.0
2026-02-08T10:00:20.232942,5.5,14.8,2100.0
2026-02-08T10:00:20.734000,8.2,14.8,2100.0
2026-02-08T10:00:21.234757,6.7,14.8,2100.0
2026-02-08T10:00:21.735547,9.3,14.8,2100.0
2026-02-08T10:00:22.236668,7.1,14.8,2100.0
2026-02-08T10:00:22.737544,9.7,14.8,2100.0
2026-02-08T10:00:23.238175,3.9,14.8,2100.0
2026-02-08T10:00:23.738757,7.8,14.8,2100.0
2026-02-08T10:00:24.239429,4.6,14.8,2100.0
2026-02-08T10:00:24.740209,8.8,14.8,2100.0
2026-02-08T10:00:25.240655,7.3,14.8,2100.0
2026-02-08T10:00:25.741158,7.7,14.8,2100.0
2026-02-08T10:00:26.241742,4.5,14.8,2100.0
2026-02-08T10:00:26.742147,8.7,14.8,2100.0
2026-02-08T10:00:27.242817,6.6,14.8,2100.0
2026-02-08T10:00:27.743329,5.8,14.8,2100.0
2026-02-08T10:00:28.243962,8.4,14.8,2100.0
2026-02-08T10:00:28.744807,8.9,14.8,2100.0
2026-02-08T10:00:29.246161,6.6,14.8,2100.0
2026-02-08T10:00:29.747462,10.6,14.8,2100.0
2026-02-08T10:00:30.248258,6.1,14.8,2100.0
2026-02-08T10:00:30.748976,9.7,14.8,2100.0
2026-02-08T10:00:31.250010,6.6,14.8,2100.0
2026-02-08T10:00:31.750992,9.3,14.8,2100.0
2026-02-08T10:00:32.251438,7.2,14.8,2100.0
2026-02-08T10:00:32.752280,13.1,14.8,2100.0
2026-02-08T10:00:33.252829,9.3,14.7,2100.0
2026-02-08T10:00:33.753596,14.1,14.7,2100.0
2026-02-08T10:00:34.254264,7.4,14.7,2100.0
2026-02-08T10:00:34.754696,4.6,14.7,2100.0
2026-02-08T10:00:35.255459,6.5,14.7,2100.0
2026-02-08T10:00:35.755951,7.8,14.7,2100.0
2026-02-08T10:00:36.256544,6.4,14.7,2100.0
2026-02-08T10:00:36.757380,6.2,14.7,2100.0
2026-02-08T10:00:37.258251,10.5,14.7,2100.0
2026-02-08T10:00:37.759089,8.9,14.7,2100.0
2026-02-08T10:00:38.259503,6.8,14.7,2100.0
2026-02-08T10:00:38.760184,9.0,14.8,2100.0
2026-02-08T10:00:39.260673,6.6,14.8,2100.0
2026-02-08T10:00:39.762292,6.5,14.8,2100.0
2026-02-08T10:00:40.262953,8.6,14.8,2100.0
2026-02-08T10:00:40.763927,7.2,14.8,2100.0
2026-02-08T10:00:41.265520,6.0,14.8,2100.0
2026-02-08T10:00:41.765928,9.8,14.8,2100.0
2026-02-08T10:00:42.266830,6.4,14.8,2100.0
2026-02-08T10:00:42.768747,6.3,14.8,2100.0
2026-02-08T10:00:43.269368,7.9,14.8,2100.0
2026-02-08T10:00:43.770032,5.8,14.8,2100.0
2026-02-08T10:00:44.270457,5.6,14.8,2100.0
2026-02-08T10:00:44.771134,6.0,14.8,2100.0
2026-02-08T10:00:45.271879,7.3,14.8,2100.0
2026-02-08T10:00:45.772756,6.5,14.8,2100.0
2026-02-08T10:00:46.273256,6.4,14.8,2100.0
2026-02-08T10:00:46.774232,5.3,14.8,2100.0
2026-02-08T10:00:47.275015,6.0,14.8,2100.0
2026-02-08T10:00:47.775497,5.5,14.8,2100.0
2026-02-08T10:00:48.276322,7.8,14.8,2100.0
2026-02-08T10:00:48.777007,9.5,14.8,2100.0
2026-02-08T10:00:49.279131,6.0,14.8,2100.0
2026-02-08T10:00:49.779937,7.8,14.8,2100.0
2026-02-08T10:00:50.280373,9.8,14.8,2100.0
2026-02-08T10:00:50.780908,7.3,14.8,2100.0
2026-02-08T10:00:51.281910,7.8,14.8,2100.0
2026-02-08T10:00:51.782417,8.5,14.8,2100.0
2026-02-08T10:00:52.283355,5.7,14.8,2100.0
2026-02-08T10:00:52.783818,8.3,14.8,2100.0
2026-02-08T10:00:53.285699,9.5,14.8,2100.0
2026-02-08T10:00:53.786337,6.6,14.8,2100.0
2026-02-08T10:00:54.287004,8.0,14.8,2100.0
2026-02-08T10:00:54.787473,5.5,14.8,2100.0
2026-02-08T10:00:55.288066,7.9,14.8,2100.0
2026-02-08T10:00:55.788705,5.8,14.8,2100.0
2026-02-08T10:00:56.289558,7.8,14.8,2100.0
2026-02-08T10:00:56.790185,16.1,14.7,2100.0
2026-02-08T10:00:57.290694,8.8,14.7,2100.0
2026-02-08T10:00:57.791125,10.4,14.7,2100.0
2026-02-08T10:00:58.291732,6.2,14.7,2100.0
2026-02-08T10:00:58.792517,10.0,14.7,2100.0
2026-02-08T10:00:59.293464,7.1,14.7,2100.0
2026-02-08T10:00:59.794451,7.3,14.7,2100.0
2026-02-08T10:01:00.295090,8.2,14.7,2100.0
2026-02-08T10:01:00.795746,6.1,14.7,2100.0
2026-02-08T10:01:01.296739,6.3,14.7,2100.0
2026-02-08T10:01:01.797909,8.2,14.7,2100.0
2026-02-08T10:01:02.298410,7.2,14.7,2100.0
2026-02-08T10:01:02.799923,8.9,14.7,2100.0
2026-02-08T10:01:03.300886,4.7,14.7,2100.0
2026-02-08T10:01:03.801623,6.4,14.7,2100.0
2026-02-08T10:01:04.302146,5.3,14.7,2100.0
2026-02-08T10:01:04.802901,8.5,14.7,2100.0
2026-02-08T10:01:05.303456,7.4,14.7,2100.0
2026-02-08T10:01:05.804329,5.2,14.7,2100.0
2026-02-08T10:01:06.305314,8.4,14.7,2100.0
2026-02-08T10:01:06.806197,8.5,14.8,2100.0
2026-02-08T10:01:07.306815,7.1,14.8,2100.0
2026-02-08T10:01:07.807468,4.3,14.8,2100.0
2026-02-08T10:01:08.307908,8.1,14.8,2100.0
2026-02-08T10:01:08.808776,9.1,14.8,2100.0
2026-02-08T10:01:09.309503,6.0,14.8,2100.0
2026-02-08T10:01:09.811519,8.5,14.8,2100.0
2026-02-08T10:01:10.311968,8.8,14.8,2100.0
2026-02-08T10:01:10.813264,7.4,14.8,2100.0
2026-02-08T10:01:11.314852,9.7,14.8,2100.0
2026-02-08T10:01:11.819992,8.2,14.8,2100.0
2026-02-08T10:01:12.320793,6.0,14.8,2100.0
2026-02-08T10:01:12.821564,10.7,14.8,2100.0
2026-02-08T10:01:13.322074,9.5,14.8,2100.0
2026-02-08T10:01:13.822882,12.8,14.8,2100.0
2026-02-08T10:01:14.323774,6.7,14.8,2100.0
2026-02-08T10:01:14.824301,15.6,14.8,2100.0
2026-02-08T10:01:15.324896,6.4,14.8,2100.0
2026-02-08T10:01:15.825648,11.7,14.8,2100.0
2026-02-08T10:01:16.326784,5.0,14.8,2100.0
2026-02-08T10:01:16.827688,9.6,14.8,2100.0
2026-02-08T10:01:17.328246,7.6,14.8,2100.0
2026-02-08T10:01:17.829165,8.2,14.8,2100.0
2026-02-08T10:01:18.330118,5.4,14.8,2100.0
2026-02-08T10:01:18.831051,9.3,14.8,2100.0
2026-02-08T10:01:19.332160,6.4,14.8,2100.0
2026-02-08T10:01:19.834759,9.3,14.8,2100.0
2026-02-08T10:01:20.335542,6.8,14.8,2100.0
2026-02-08T10:01:20.836067,5.6,14.8,2100.0
2026-02-08T10:01:21.336808,6.9,14.8,2100.0
2026-02-08T10:01:21.837321,7.1,14.8,2100.0
2026-02-08T10:01:22.338102,7.8,14.8,2100.0
2026-02-08T10:01:22.838706,8.0,14.8,2100.0
2026-02-08T10:01:23.341146,12.1,14.8,2100.0
2026-02-08T10:01:23.842159,5.8,14.8,2100.0
2026-02-08T10:01:24.343699,7.3,14.8,2100.0
2026-02-08T10:01:24.844337,6.5,14.8,2100.0
2026-02-08T10:01:25.345118,7.1,14.8,2100.0
2026-02-08T10:01:25.845931,6.0,14.8,2100.0
2026-02-08T10:01:26.347020,7.3,14.8,2100.0
2026-02-08T10:01:26.847618,6.3,14.8,2100.0
2026-02-08T10:01:27.348481,8.2,14.8,2100.0
2026-02-08T10:01:27.848888,6.1,14.8,2100.0
2026-02-08T10:01:28.349918,9.6,14.8,2100.0
2026-02-08T10:01:28.850816,6.6,14.8,2100.0
2026-02-08T10:01:29.351302,6.6,14.7,2100.0
2026-02-08T10:01:29.852067,5.4,14.7,2100.0
2026-02-08T10:01:30.352559,7.6,14.7,2100.0
2026-02-08T10:01:30.853391,4.7,14.7,2100.0
2026-02-08T10:01:31.354142,9.4,14.7,2100.0
2026-02-08T10:01:31.854957,7.9,14.7,2100.0
2026-02-08T10:01:32.355375,7.3,14.8,2100.0
2026-02-08T10:01:32.855837,7.2,14.8,2100.0
2026-02-08T10:01:33.357914,10.2,14.8,2100.0
2026-02-08T10:01:33.860765,5.1,14.8,2100.0
2026-02-08T10:01:34.362012,8.3,14.8,2100.0
2026-02-08T10:01:34.862610,8.4,14.8,2100.0
2026-02-08T10:01:35.363298,11.5,14.8,2100.0
2026-02-08T10:01:35.863767,7.4,14.8,2100.0
2026-02-08T10:01:36.365118,11.9,14.8,2100.0
2026-02-08T10:01:36.865747,7.9,14.8,2100.0
2026-02-08T10:01:37.366441,12.6,14.8,2100.0
2026-02-08T10:01:37.867504,9.3,14.8,2100.0
2026-02-08T10:01:38.368374,9.8,14.8,2100.0
2026-02-08T10:01:38.869192,6.8,14.7,2100.0
2026-02-08T10:01:39.369840,8.6,14.7,2100.0
2026-02-08T10:01:39.870316,6.3,14.7,2100.0
2026-02-08T10:01:40.371393,7.6,14.7,2100.0
2026-02-08T10:01:40.872059,5.0,14.7,2100.0
2026-02-08T10:01:41.372843,8.5,14.7,2100.0
2026-02-08T10:01:41.873651,6.4,14.7,2100.0
2026-02-08T10:01:42.374460,9.1,14.7,2100.0
2026-02-08T10:01:42.875623,5.2,14.7,2100.0
2026-02-08T10:01:43.376944,19.3,14.8,2100.0
2026-02-08T10:01:43.877414,11.4,14.8,2100.0
2026-02-08T10:01:44.378309,6.4,14.8,2100.0
2026-02-08T10:01:44.881017,9.9,14.8,2100.0
2026-02-08T10:01:45.381784,6.5,14.8,2100.0
2026-02-08T10:01:45.882461,8.1,14.8,2100.0
2026-02-08T10:01:46.383203,13.4,14.8,2100.0
2026-02-08T10:01:46.884015,9.8,14.8,2100.0
2026-02-08T10:01:47.384740,8.0,14.8,2100.0
2026-02-08T10:01:47.885674,7.1,14.8,2100.0
2026-02-08T10:01:48.386272,4.5,14.8,2100.0
2026-02-08T10:01:48.886951,7.5,14.8,2100.0
2026-02-08T10:01:49.387403,6.1,14.8,2100.0
2026-02-08T10:01:49.888044,6.0,14.8,2100.0
2026-02-08T10:01:50.388848,6.0,14.8,2100.0
2026-02-08T10:01:50.889847,5.5,14.8,2100.0
2026-02-08T10:01:51.391548,5.0,14.8,2100.0
2026-02-08T10:01:51.892294,7.3,14.8,2100.0
2026-02-08T10:01:52.392812,6.3,14.7,2100.0
2026-02-08T10:01:52.893517,7.9,14.7,2100.0
2026-02-08T10:01:53.394345,5.5,14.7,2100.0
2026-02-08T10:01:53.895104,6.4,14.7,2100.0
2026-02-08T10:01:54.396003,7.0,14.7,2100.0
2026-02-08T10:01:54.897705,6.2,14.7,2100.0
2026-02-08T10:01:55.398306,10.9,14.7,2100.0
2026-02-08T10:01:55.899062,11.0,14.7,2100.0
2026-02-08T10:01:56.399538,6.9,14.7,2100.0
2026-02-08T10:01:56.899941,8.6,14.7,2100.0
2026-02-08T10:01:57.400890,6.5,14.7,2100.0
2026-02-08T10:01:57.901614,6.9,14.7,2100.0
2026-02-08T10:01:58.404720,9.9,14.7,2100.0
2026-02-08T10:01:58.905536,9.2,14.7,2100.0
2026-02-08T10:01:59.406223,5.1,14.7,2100.0
2026-02-08T10:01:59.906688,9.5,14.7,2100.0
2026-02-08T10:02:00.407643,7.7,14.7,2100.0
2026-02-08T10:02:00.908430,7.9,14.7,2100.0
2026-02-08T10:02:01.408875,5.8,14.7,2100.0
2026-02-08T10:02:01.909547,8.5,14.7,2100.0
2026-02-08T10:02:02.410047,8.7,14.7,2100.0
2026-02-08T10:02:02.910588,6.4,14.7,2100.0
2026-02-08T10:02:03.412148,8.6,14.7,2100.0
2026-02-08T10:02:03.912828,10.3,14.7,2100.0
2026-02-08T10:02:04.413407,4.6,14.7,2100.0
2026-02-08T10:02:04.914531,8.4,14.7,2100.0
2026-02-08T10:02:05.415354,7.5,14.7,2100.0
2026-02-08T10:02:05.916217,10.5,14.7,2100.0
2026-02-08T10:02:06.417067,5.7,14.7,2100.0
2026-02-08T10:02:06.917811,7.1,14.7,2100.0
2026-02-08T10:02:07.418554,8.0,14.7,2100.0
2026-02-08T10:02:07.919113,7.0,14.7,2100.0
2026-02-08T10:02:08.419946,5.8,14.7,2100.0
2026-02-08T10:02:08.920368,7.1,14.7,2100.0
2026-02-08T10:02:09.421219,7.8,14.7,2100.0
2026-02-08T10:02:09.921767,6.4,14.7,2100.0
2026-02-08T10:02:10.422207,7.1,14.7,2100.0
2026-02-08T10:02:10.922675,5.6,14.7,2100.0
2026-02-08T10:02:11.423233,4.3,14.7,2100.0
2026-02-08T10:02:11.924935,8.9,14.7,2100.0
2026-02-08T10:02:12.425777,7.2,14.7,2100.0
2026-02-08T10:02:12.926510,6.6,14.7,2100.0
2026-02-08T10:02:13.426957,5.4,14.7,2100.0
2026-02-08T10:02:13.927549,5.8,14.7,2100.0
2026-02-08T10:02:14.428095,6.6,14.7,2100.0
2026-02-08T10:02:14.928996,5.9,14.7,2100.0
2026-02-08T10:02:15.430420,5.5,14.7,2100.0
2026-02-08T10:02:15.931132,8.6,14.7,2100.0
2026-02-08T10:02:16.431972,5.8,14.7,2100.0
2026-02-08T10:02:16.932751,9.6,14.7,2100.0
2026-02-08T10:02:17.433367,7.5,14.7,2100.0
2026-02-08T10:02:17.934562,7.7,14.7,2100.0
2026-02-08T10:02:18.435245,9.9,14.7,2100.0
2026-02-08T10:02:18.935984,7.1,14.7,2100.0
2026-02-08T10:02:19.436502,11.1,14.7,2100.0
2026-02-08T10:02:19.937310,6.7,14.7,2100.0
2026-02-08T10:02:20.438199,8.0,14.7,2100.0
2026-02-08T10:02:20.938816,7.0,14.7,2100.0
2026-02-08T10:02:21.439767,8.9,14.7,2100.0
2026-02-08T10:02:21.940582,10.7,14.7,2100.0
2026-02-08T10:02:22.440976,10.5,14.7,2100.0
2026-02-08T10:02:22.941721,5.6,14.7,2100.0
2026-02-08T10:02:23.442443,8.4,14.7,2100.0
2026-02-08T10:02:23.943567,6.1,14.7,2100.0
2026-02-08T10:02:24.444132,6.9,14.7,2100.0
2026-02-08T10:02:24.944746,5.9,14.7,2100.0
2026-02-08T10:02:25.445517,8.1,14.7,2100.0
2026-02-08T10:02:25.946537,5.2,14.7,2100.0
2026-02-08T10:02:26.447939,10.0,14.7,2100.0
2026-02-08T10:02:26.948526,5.0,14.7,2100.0
2026-02-08T10:02:27.449035,9.5,14.7,2100.0
2026-02-08T10:02:27.949674,6.2,14.7,2100.0
2026-02-08T10:02:28.450436,10.6,14.7,2100.0
2026-02-08T10:02:28.951233,6.0,14.7,2100.0
2026-02-08T10:02:29.451845,11.4,14.7,2100.0
2026-02-08T10:02:29.952559,4.8,14.7,2100.0
2026-02-08T10:02:30.452993,10.7,14.7,2100.0
2026-02-08T10:02:30.953367,4.0,14.7,2100.0
2026-02-08T10:02:31.455791,9.8,14.7,2100.0
2026-02-08T10:02:31.957054,13.3,14.8,2100.0
2026-02-08T10:02:32.457850,13.8,14.8,2100.0
2026-02-08T10:02:32.958417,7.8,14.8,2100.0
2026-02-08T10:02:33.459495,6.9,14.8,2100.0
2026-02-08T10:02:33.960195,4.2,14.8,2100.0
2026-02-08T10:02:34.461157,6.8,14.8,2100.0
2026-02-08T10:02:34.962219,5.1,14.8,2100.0
2026-02-08T10:02:35.462934,8.4,14.8,2100.0
2026-02-08T10:02:35.963891,3.4,14.8,2100.0
2026-02-08T10:02:36.464625,7.9,14.8,2100.0
2026-02-08T10:02:36.965333,8.4,14.8,2100.0
2026-02-08T10:02:37.465815,8.8,14.8,2100.0
2026-02-08T10:02:37.966554,7.9,14.8,2100.0
2026-02-08T10:02:38.467471,10.2,14.8,2100.0
2026-02-08T10:02:38.968589,6.4,14.8,2100.0
2026-02-08T10:02:39.469319,10.5,14.8,2100.0
2026-02-08T10:02:39.970271,5.8,14.8,2100.0
2026-02-08T10:02:40.471283,11.0,14.8,2100.0
2026-02-08T10:02:40.972981,5.8,14.8,2100.0
2026-02-08T10:02:41.473685,8.0,14.8,2100.0
2026-02-08T10:02:41.974567,5.7,14.8,2100.0
2026-02-08T10:02:42.475146,9.4,14.8,2100.0
2026-02-08T10:02:42.976016,5.7,14.8,2100.0
2026-02-08T10:02:43.477200,7.8,14.8,2100.0
2026-02-08T10:02:43.977800,6.4,14.8,2100.0
2026-02-08T10:02:44.479017,9.5,14.8,2100.0
2026-02-08T10:02:44.980346,9.7,14.8,2100.0
2026-02-08T10:02:45.480883,9.1,14.8,2100.0
2026-02-08T10:02:45.981717,6.6,14.8,2100.0
2026-02-08T10:02:46.482164,7.5,14.8,2100.0
2026-02-08T10:02:46.982556,9.2,14.8,2100.0
2026-02-08T10:02:47.483334,9.2,14.8,2100.0
2026-02-08T10:02:47.984056,7.0,14.8,2100.0
2026-02-08T10:02:48.484682,6.2,14.8,2100.0
2026-02-08T10:02:48.985768,6.9,14.8,2100.0
2026-02-08T10:02:49.486166,8.3,14.8,2100.0
2026-02-08T10:02:49.987019,7.2,14.8,2100.0
2026-02-08T10:02:50.487704,7.6,14.8,2100.0
2026-02-08T10:02:50.988780,6.0,14.8,2100.0
2026-02-08T10:02:51.489497,7.6,14.8,2100.0
2026-02-08T10:02:51.990890,5.5,14.8,2100.0
2026-02-08T10:02:52.491565,10.6,14.8,2100.0
2026-02-08T10:02:52.992007,12.6,14.8,2100.0
2026-02-08T10:02:53.492740,11.1,14.8,2100.0
2026-02-08T10:02:53.993214,6.5,14.8,2100.0
2026-02-08T10:02:54.494339,8.8,14.8,2100.0
2026-02-08T10:02:54.994848,5.2,14.8,2100.0
2026-02-08T10:02:55.495432,8.7,14.8,2100.0
2026-02-08T10:02:55.996197,6.8,14.8,2100.0
2026-02-08T10:02:56.496689,10.5,14.8,2100.0
2026-02-08T10:02:56.997575,6.4,14.8,2100.0
2026-02-08T10:02:57.498161,9.7,14.8,2100.0
2026-02-08T10:02:57.998706,4.5,14.8,2100.0
2026-02-08T10:02:58.499187,9.4,14.8,2100.0
2026-02-08T10:02:59.000116,6.8,14.8,2100.0
2026-02-08T10:02:59.501060,7.0,14.8,2100.0
2026-02-08T10:03:00.001736,4.8,14.8,2100.0
2026-02-08T10:03:00.502756,10.7,14.8,2100.0
2026-02-08T10:03:01.003640,4.7,14.8,2100.0
2026-02-08T10:03:01.504647,6.8,14.8,2100.0
2026-02-08T10:03:02.005653,9.9,14.8,2100.0
2026-02-08T10:03:02.506729,15.0,14.8,2100.0
2026-02-08T10:03:03.007326,7.0,14.8,2100.0
2026-02-08T10:03:03.511336,10.0,14.8,2100.0
2026-02-08T10:03:04.011932,5.7,14.8,2100.0
2026-02-08T10:03:04.512641,9.6,14.8,2100.0
2026-02-08T10:03:05.013403,6.0,14.8,2100.0
2026-02-08T10:03:05.514080,7.1,14.8,2100.0
2026-02-08T10:03:06.014899,6.3,14.8,2100.0
2026-02-08T10:03:06.515483,6.9,14.8,2100.0
2026-02-08T10:03:07.016143,7.6,14.8,2100.0
2026-02-08T10:03:07.516959,10.8,14.8,2100.0
2026-02-08T10:03:08.017688,10.3,14.8,2100.0
2026-02-08T10:03:08.518145,9.1,14.8,2100.0
2026-02-08T10:03:09.018580,6.0,14.8,2100.0
2026-02-08T10:03:09.519379,8.7,14.8,2100.0
2026-02-08T10:03:10.020310,6.9,14.8,2100.0
2026-02-08T10:03:10.521688,8.7,14.8,2100.0
2026-02-08T10:03:11.023190,5.8,14.8,2100.0
2026-02-08T10:03:11.524537,7.9,14.8,2100.0
2026-02-08T10:03:12.025577,6.5,14.8,2100.0
2026-02-08T10:03:12.526165,8.2,14.8,2100.0
2026-02-08T10:03:13.026786,5.9,14.8,2100.0
2026-02-08T10:03:13.527506,8.1,14.8,2100.0
2026-02-08T10:03:14.028219,7.4,14.8,2100.0
2026-02-08T10:03:14.529085,12.9,14.8,2100.0
2026-02-08T10:03:15.029547,7.7,14.8,2100.0
2026-02-08T10:03:15.530146,8.6,14.8,2100.0
2026-02-08T10:03:16.030507,6.5,14.8,2100.0
2026-02-08T10:03:16.530894,18.3,14.9,2100.0
2026-02-08T10:03:17.031826,6.6,14.9,2100.0
2026-02-08T10:03:17.532235,8.4,14.9,2100.0
2026-02-08T10:03:18.032703,11.2,14.9,2100.0
2026-02-08T10:03:18.533518,16.5,14.9,2100.0
2026-02-08T10:03:19.034330,6.0,14.9,2100.0
2026-02-08T10:03:19.538154,7.7,14.9,2100.0
2026-02-08T10:03:20.039848,5.1,14.9,2100.0
2026-02-08T10:03:20.541345,9.4,14.9,2100.0
2026-02-08T10:03:21.041728,5.4,14.8,2100.0
2026-02-08T10:03:21.542294,5.9,14.8,2100.0
2026-02-08T10:03:22.044950,6.7,14.8,2100.0
2026-02-08T10:03:22.546050,18.2,14.9,2100.0
2026-02-08T10:03:23.047006,7.6,14.8,2100.0
2026-02-08T10:03:23.547493,9.2,14.8,2100.0
2026-02-08T10:03:24.048367,7.5,14.8,2100.0
2026-02-08T10:03:24.549096,7.9,14.8,2100.0
2026-02-08T10:03:25.050190,6.7,14.8,2100.0
2026-02-08T10:03:25.551206,8.2,14.8,2100.0
2026-02-08T10:03:26.052035,4.9,14.8,2100.0
2026-02-08T10:03:26.552598,8.9,14.8,2100.0
2026-02-08T10:03:27.054085,7.2,14.8,2100.0
2026-02-08T10:03:27.555235,7.7,14.8,2100.0
2026-02-08T10:03:28.056219,5.4,14.8,2100.0
2026-02-08T10:03:28.556754,7.8,14.8,2100.0
2026-02-08T10:03:29.057336,7.5,14.8,2100.0
2026-02-08T10:03:29.559482,9.3,14.8,2100.0
2026-02-08T10:03:30.059916,7.5,14.8,2100.0
2026-02-08T10:03:30.560604,8.9,14.8,2100.0
2026-02-08T10:03:31.061756,6.3,14.8,2100.0
2026-02-08T10:03:31.562404,7.4,14.8,2100.0
2026-02-08T10:03:32.063203,4.9,14.8,2100.0
2026-02-08T10:03:32.564038,9.9,14.8,2100.0
2026-02-08T10:03:33.064872,8.5,14.8,2100.0
2026-02-08T10:03:33.565368,7.0,14.8,2100.0
2026-02-08T10:03:34.065913,6.4,14.8,2100.0
2026-02-08T10:03:34.566670,6.2,14.8,2100.0
2026-02-08T10:03:35.071924,7.6,14.8,2100.0
2026-02-08T10:03:35.573099,7.0,14.8,2100.0
2026-02-08T10:03:36.073828,11.2,14.8,2100.0
2026-02-08T10:03:36.574726,10.9,14.8,2100.0
2026-02-08T10:03:37.075804,7.9,14.8,2100.0
2026-02-08T10:03:37.576930,10.5,14.8,2100.0
2026-02-08T10:03:38.077607,11.3,14.9,2100.0
2026-02-08T10:03:38.578599,10.4,14.9,2100.0
2026-02-08T10:03:39.079262,7.9,14.9,2100.0
2026-02-08T10:03:39.580012,10.9,14.9,2100.0
2026-02-08T10:03:40.080721,5.1,14.9,2100.0
2026-02-08T10:03:40.581846,7.6,14.9,2100.0
2026-02-08T10:03:41.082673,4.1,14.9,2100.0
2026-02-08T10:03:41.583499,9.2,14.9,2100.0
2026-02-08T10:03:42.084551,4.6,14.9,2100.0
2026-02-08T10:03:42.585399,9.2,14.9,2100.0
2026-02-08T10:03:43.086277,7.7,14.8,2100.0
2026-02-08T10:03:43.586853,9.9,14.8,2100.0
2026-02-08T10:03:44.087314,9.5,14.8,2100.0
2026-02-08T10:03:44.588347,10.3,14.8,2100.0
2026-02-08T10:03:45.089253,4.9,14.8,2100.0
2026-02-08T10:03:45.589829,13.0,14.8,2100.0
2026-02-08T10:03:46.090720,5.5,14.8,2100.0
2026-02-08T10:03:46.592671,9.8,14.8,2100.0
2026-02-08T10:03:47.093351,7.8,14.8,2100.0
2026-02-08T10:03:47.594100,9.3,14.8,2100.0
2026-02-08T10:03:48.094848,5.8,14.8,2100.0
2026-02-08T10:03:48.595521,13.1,14.8,2100.0
2026-02-08T10:03:49.096389,5.2,14.8,2100.0
2026-02-08T10:03:49.596842,6.9,14.8,2100.0
2026-02-08T10:03:50.097473,8.7,14.8,2100.0
2026-02-08T10:03:50.598196,9.4,14.8,2100.0
2026-02-08T10:03:51.098665,4.6,14.8,2100.0
2026-02-08T10:03:51.599463,12.1,14.8,2100.0
2026-02-08T10:03:52.100273,7.2,14.8,2100.0
2026-02-08T10:03:52.601058,7.7,14.8,2100.0
2026-02-08T10:03:53.102019,15.2,14.8,2100.0
2026-02-08T10:03:53.602662,7.8,14.8,2100.0
2026-02-08T10:03:54.103570,6.5,14.8,2100.0
2026-02-08T10:03:54.604041,8.4,14.8,2100.0
2026-02-08T10:03:55.110806,3.6,14.8,2100.0
2026-02-08T10:03:55.611554,9.3,14.8,2100.0
2026-02-08T10:03:56.112074,5.3,14.8,2100.0
2026-02-08T10:03:56.612913,10.1,14.8,2100.0
2026-02-08T10:03:57.113697,6.0,14.8,2100.0
2026-02-08T10:03:57.614639,6.2,14.8,2100.0
2026-02-08T10:03:58.115784,8.6,14.8,2100.0
2026-02-08T10:03:58.616465,8.3,14.8,2100.0
2026-02-08T10:03:59.116875,6.5,14.8,2100.0
2026-02-08T10:03:59.617472,10.9,14.8,2100.0
2026-02-08T10:04:00.117976,5.0,14.8,2100.0
2026-02-08T10:04:00.618971,9.4,14.8,2100.0
2026-02-08T10:04:01.119685,6.5,14.8,2100.0
2026-02-08T10:04:01.620459,8.5,14.8,2100.0
2026-02-08T10:04:02.120885,4.9,14.8,2100.0
2026-02-08T10:04:02.621371,11.7,14.8,2100.0
2026-02-08T10:04:03.121827,6.0,14.8,2100.0
2026-02-08T10:04:03.622883,8.0,14.8,2100.0
2026-02-08T10:04:04.123428,5.4,14.8,2100.0
2026-02-08T10:04:04.624307,7.5,14.8,2100.0
2026-02-08T10:04:05.125129,5.5,14.8,2100.0
2026-02-08T10:04:05.625826,10.6,14.8,2100.0
2026-02-08T10:04:06.126765,7.2,14.8,2100.0
2026-02-08T10:04:06.627632,8.3,14.8,2100.0
2026-02-08T10:04:07.128132,7.7,14.8,2100.0
2026-02-08T10:04:07.628895,8.6,14.8,2100.0
2026-02-08T10:04:08.129704,8.0,14.8,2100.0
2026-02-08T10:04:08.630220,8.2,14.8,2100.0
2026-02-08T10:04:09.130821,8.1,14.8,2100.0
2026-02-08T10:04:09.631403,10.3,14.8,2100.0
2026-02-08T10:04:10.132335,6.5,14.8,2100.0
2026-02-08T10:04:10.633233,9.0,14.8,2100.0
2026-02-08T10:04:11.133812,6.9,14.8,2100.0
2026-02-08T10:04:11.635351,8.8,14.8,2100.0
2026-02-08T10:04:12.135945,6.8,14.8,2100.0
2026-02-08T10:04:12.636472,8.2,14.8,2100.0
2026-02-08T10:04:13.137863,8.2,14.8,2100.0
2026-02-08T10:04:13.638416,7.1,14.8,2100.0
2026-02-08T10:04:14.139241,5.8,14.8,2100.0
2026-02-08T10:04:14.640985,8.0,14.8,2100.0
2026-02-08T10:04:15.141664,7.6,14.8,2100.0
2026-02-08T10:04:15.642362,8.0,14.8,2100.0
2026-02-08T10:04:16.143258,8.0,14.8,2100.0
2026-02-08T10:04:16.643815,8.2,14.8,2100.0
2026-02-08T10:04:17.144392,6.1,14.8,2100.0
2026-02-08T10:04:17.644984,12.6,14.8,2100.0
2026-02-08T10:04:18.145649,11.3,14.8,2100.0
2026-02-08T10:04:18.646206,7.0,14.8,2100.0
2026-02-08T10:04:19.146849,17.3,14.9,2100.0
2026-02-08T10:04:19.647466,7.2,14.9,2100.0
2026-02-08T10:04:20.148222,6.7,14.9,2100.0
2026-02-08T10:04:20.648576,5.5,14.9,2100.0
2026-02-08T10:04:21.149196,5.9,14.9,2100.0
2026-02-08T10:04:21.649994,9.6,14.9,2100.0
2026-02-08T10:04:22.150996,6.2,14.9,2100.0
2026-02-08T10:04:22.651620,7.7,14.9,2100.0
2026-02-08T10:04:23.152395,7.5,14.9,2100.0
2026-02-08T10:04:23.653404,5.5,14.9,2100.0
2026-02-08T10:04:24.153854,4.8,14.9,2100.0
2026-02-08T10:04:24.654835,9.2,14.9,2100.0
2026-02-08T10:04:25.155706,8.5,14.9,2100.0
2026-02-08T10:04:25.656772,6.3,14.9,2100.0
2026-02-08T10:04:26.157580,7.3,14.8,2100.0
2026-02-08T10:04:26.658368,6.5,14.8,2100.0
2026-02-08T10:04:27.159263,12.0,14.8,2100.0
2026-02-08T10:04:27.666723,22.0,14.8,2100.0
2026-02-08T10:04:28.167520,6.3,14.8,2100.0
2026-02-08T10:04:28.668813,9.1,14.8,2100.0
2026-02-08T10:04:29.169364,9.6,14.8,2100.0
2026-02-08T10:04:29.670517,13.0,14.8,2100.0
2026-02-08T10:04:30.171251,6.2,14.8,2100.0
2026-02-08T10:04:30.672148,10.7,14.8,2100.0
2026-02-08T10:04:31.173376,4.8,14.8,2100.0
2026-02-08T10:04:31.673785,8.9,14.8,2100.0
2026-02-08T10:04:32.174694,5.5,14.8,2100.0
2026-02-08T10:04:32.675417,12.7,14.8,2100.0
2026-02-08T10:04:33.176645,7.3,14.8,2100.0
2026-02-08T10:04:33.677536,12.4,14.8,2100.0
2026-02-08T10:04:34.178652,5.0,14.8,2100.0
2026-02-08T10:04:34.679446,9.2,14.8,2100.0
2026-02-08T10:04:35.180199,7.1,14.8,2100.0
2026-02-08T10:04:35.680897,11.5,14.8,2100.0
2026-02-08T10:04:36.181583,5.2,14.8,2100.0
2026-02-08T10:04:36.682192,8.8,14.8,2100.0
2026-02-08T10:04:37.183252,3.6,14.8,2100.0
2026-02-08T10:04:37.684233,7.5,14.8,2100.0
2026-02-08T10:04:38.185081,9.6,14.8,2100.0
2026-02-08T10:04:38.685484,10.4,14.9,2100.0
2026-02-08T10:04:39.186366,5.0,14.9,2100.0
2026-02-08T10:04:39.688060,11.0,14.9,2100.0
2026-02-08T10:04:40.188819,3.9,14.9,2100.0
2026-02-08T10:04:40.689389,10.9,14.9,2100.0
2026-02-08T10:04:41.190752,4.9,14.9,2100.0
2026-02-08T10:04:41.691411,9.1,14.9,2100.0
2026-02-08T10:04:42.191905,4.6,14.9,2100.0
2026-02-08T10:04:42.692540,10.4,14.9,2100.0
2026-02-08T10:04:43.192873,4.7,14.9,2100.0
2026-02-08T10:04:43.693635,9.0,14.9,2100.0
2026-02-08T10:04:44.194228,3.2,14.9,2100.0
2026-02-08T10:04:44.694897,7.7,14.9,2100.0
2026-02-08T10:04:45.195787,6.1,14.9,2100.0
2026-02-08T10:04:45.696264,9.7,14.9,2100.0
2026-02-08T10:04:46.197160,4.8,14.9,2100.0
2026-02-08T10:04:46.697752,9.9,14.9,2100.0
2026-02-08T10:04:47.198446,4.6,14.9,2100.0
2026-02-08T10:04:47.699784,11.8,14.8,2100.0
2026-02-08T10:04:48.200899,7.1,14.9,2100.0
2026-02-08T10:04:48.702402,11.6,14.9,2100.0
2026-02-08T10:04:49.203284,5.0,14.8,2100.0
2026-02-08T10:04:49.703871,11.3,14.8,2100.0
2026-02-08T10:04:50.204427,5.5,14.8,2100.0
2026-02-08T10:04:50.705583,9.9,14.8,2100.0
2026-02-08T10:04:51.206503,5.9,14.8,2100.0
2026-02-08T10:04:51.707757,13.4,14.9,2100.0
2026-02-08T10:04:52.208413,6.5,14.8,2100.0
2026-02-08T10:04:52.709264,9.4,14.8,2100.0
2026-02-08T10:04:53.209746,7.2,14.8,2100.0
2026-02-08T10:04:53.710691,9.7,14.8,2100.0
2026-02-08T10:04:54.211170,7.1,14.8,2100.0
2026-02-08T10:04:54.711842,7.6,14.8,2100.0
2026-02-08T10:04:55.212251,7.1,14.8,2100.0
2026-02-08T10:04:55.712756,7.2,14.8,2100.0
2026-02-08T10:04:56.213538,7.3,14.8,2100.0
2026-02-08T10:04:56.714011,8.5,14.8,2100.0
2026-02-08T10:04:57.214706,5.8,14.8,2100.0
2026-02-08T10:04:57.715539,8.7,14.8,2100.0
2026-02-08T10:04:58.216276,8.4,14.8,2100.0
2026-02-08T10:04:58.717205,8.6,14.8,2100.0
2026-02-08T10:04:59.219619,7.5,14.8,2100.0
2026-02-08T10:04:59.720153,5.6,14.8,2100.0
2026-02-08T10:05:00.220904,10.1,14.8,2100.0
2026-02-08T10:05:00.721522,7.7,14.8,2100.0
2026-02-08T10:05:01.222092,6.1,14.8,2100.0
2026-02-08T10:05:01.723113,7.4,14.8,2100.0
2026-02-08T10:05:02.223947,9.1,14.8,2100.0
2026-02-08T10:05:02.724622,9.1,14.8,2100.0
2026-02-08T10:05:03.225393,7.2,14.8,2100.0
2026-02-08T10:05:03.725892,5.4,14.8,2100.0
2026-02-08T10:05:04.226486,4.6,14.8,2100.0
2026-02-08T10:05:04.727227,4.5,14.8,2100.0
2026-02-08T10:05:05.227664,7.6,14.8,2100.0
2026-02-08T10:05:05.728119,4.9,14.8,2100.0
2026-02-08T10:05:06.228834,7.1,14.8,2100.0
2026-02-08T10:05:06.729718,7.7,14.8,2100.0
2026-02-08T10:05:07.230598,17.0,14.9,2100.0
2026-02-08T10:05:07.731267,12.7,14.9,2100.0
2026-02-08T10:05:08.232596,12.7,14.9,2100.0
2026-02-08T10:05:08.733070,11.8,14.9,2100.0
2026-02-08T10:05:09.233834,7.2,14.9,2100.0
2026-02-08T10:05:09.735174,12.2,14.9,2100.0
2026-02-08T10:05:10.235774,9.6,14.9,2100.0
2026-02-08T10:05:10.736502,10.7,14.9,2100.0
2026-02-08T10:05:11.237368,8.9,14.9,2100.0
2026-02-08T10:05:11.737883,8.7,14.9,2100.0
2026-02-08T10:05:12.238567,12.2,14.9,2100.0
2026-02-08T10:05:12.739007,12.3,14.9,2100.0
2026-02-08T10:05:13.239511,9.2,14.9,2100.0
2026-02-08T10:05:13.739947,8.4,14.9,2100.0
2026-02-08T10:05:14.240572,9.2,14.9,2100.0
2026-02-08T10:05:14.741194,8.9,14.9,2100.0
2026-02-08T10:05:15.242029,12.0,14.9,2100.0
2026-02-08T10:05:15.742667,12.1,14.9,2100.0
2026-02-08T10:05:16.243160,6.5,14.9,2100.0
2026-02-08T10:05:16.743584,7.8,14.9,2100.0
2026-02-08T10:05:17.244203,10.3,14.9,2100.0
2026-02-08T10:05:17.744662,10.2,14.9,2100.0
2026-02-08T10:05:18.245324,5.8,14.9,2100.0
2026-02-08T10:05:18.745953,9.8,14.9,2100.0
2026-02-08T10:05:19.246577,9.2,14.9,2100.0
2026-02-08T10:05:19.747223,10.4,14.9,2100.0
2026-02-08T10:05:20.249459,6.3,14.9,2100.0
2026-02-08T10:05:20.750041,10.9,14.9,2100.0
2026-02-08T10:05:21.250413,4.3,14.9,2100.0
2026-02-08T10:05:21.751364,6.4,14.9,2100.0
2026-02-08T10:05:22.251905,6.1,14.9,2100.0
2026-02-08T10:05:22.752344,14.3,14.9,2100.0
2026-02-08T10:05:23.252808,9.7,14.8,2100.0
2026-02-08T10:05:23.753972,8.9,14.8,2100.0
2026-02-08T10:05:24.255085,6.3,14.8,2100.0
2026-02-08T10:05:24.755865,7.2,14.8,2100.0
2026-02-08T10:05:25.256318,5.7,14.8,2100.0
2026-02-08T10:05:25.757040,10.7,14.8,2100.0
2026-02-08T10:05:26.257649,6.3,14.8,2100.0
2026-02-08T10:05:26.758317,7.8,14.8,2100.0
2026-02-08T10:05:27.258916,5.5,14.8,2100.0
2026-02-08T10:05:27.759886,10.4,14.8,2100.0
2026-02-08T10:05:28.260686,5.7,14.8,2100.0
2026-02-08T10:05:28.761428,6.9,14.8,2100.0
2026-02-08T10:05:29.261972,10.3,14.8,2100.0
2026-02-08T10:05:29.762846,9.3,14.8,2100.0
2026-02-08T10:05:30.263412,5.7,14.8,2100.0
2026-02-08T10:05:30.764298,8.0,14.8,2100.0
2026-02-08T10:05:31.264982,5.0,14.8,2100.0
2026-02-08T10:05:31.766544,9.7,14.8,2100.0
2026-02-08T10:05:32.267352,7.6,14.8,2100.0
2026-02-08T10:05:32.767894,13.6,14.8,2100.0
2026-02-08T10:05:33.268541,5.8,14.8,2100.0
2026-02-08T10:05:33.769398,6.5,14.8,2100.0
2026-02-08T10:05:34.269878,5.4,14.8,2100.0
2026-02-08T10:05:34.770359,10.8,14.8,2100.0
2026-02-08T10:05:35.271011,6.0,14.8,2100.0
2026-02-08T10:05:35.771466,6.9,14.8,2100.0
2026-02-08T10:05:36.272274,5.5,14.8,2100.0
2026-02-08T10:05:36.772873,15.8,14.8,2100.0
2026-02-08T10:05:37.273368,7.9,14.8,2100.0
2026-02-08T10:05:37.774260,10.3,14.8,2100.0
2026-02-08T10:05:38.274685,5.2,14.8,2100.0
2026-02-08T10:05:38.775279,9.1,14.8,2100.0
2026-02-08T10:05:39.276131,8.8,14.8,2100.0
2026-02-08T10:05:39.776651,8.4,14.8,2100.0
2026-02-08T10:05:40.277282,13.1,14.8,2100.0
2026-02-08T10:05:40.778077,9.8,14.8,2100.0
2026-02-08T10:05:41.278462,5.3,14.8,2100.0
2026-02-08T10:05:41.779110,11.7,14.8,2100.0
2026-02-08T10:05:42.280359,9.9,14.8,2100.0
2026-02-08T10:05:42.781075,7.6,14.8,2100.0
2026-02-08T10:05:43.281850,8.2,14.8,2100.0
2026-02-08T10:05:43.784341,10.2,14.8,2100.0
2026-02-08T10:05:44.285695,6.1,14.8,2100.0
2026-02-08T10:05:44.787523,6.7,14.8,2100.0
2026-02-08T10:05:45.288027,7.6,14.8,2100.0
2026-02-08T10:05:45.788591,7.3,14.8,2100.0
2026-02-08T10:05:46.289656,5.4,14.8,2100.0
2026-02-08T10:05:46.790399,8.9,14.8,2100.0
2026-02-08T10:05:47.291708,7.4,14.8,2100.0
2026-02-08T10:05:47.792483,6.4,14.8,2100.0
2026-02-08T10:05:48.292994,4.5,14.8,2100.0
2026-02-08T10:05:48.793958,6.0,14.8,2100.0
2026-02-08T10:05:49.294486,6.4,14.8,2100.0
2026-02-08T10:05:49.795266,6.9,14.8,2100.0
2026-02-08T10:05:50.295799,7.0,14.8,2100.0
2026-02-08T10:05:50.797376,6.6,14.8,2100.0
2026-02-08T10:05:51.297981,5.2,14.8,2100.0
2026-02-08T10:05:51.800142,8.1,14.8,2100.0
2026-02-08T10:05:52.301095,10.7,14.8,2100.0
2026-02-08T10:05:52.801904,8.8,14.8,2100.0
2026-02-08T10:05:53.302417,7.7,14.8,2100.0
2026-02-08T10:05:53.803081,9.4,14.8,2100.0
2026-02-08T10:05:54.303696,6.0,14.8,2100.0
2026-02-08T10:05:54.805211,7.0,14.8,2100.0
2026-02-08T10:05:55.305619,5.8,14.8,2100.0
2026-02-08T10:05:55.806356,11.0,14.8,2100.0
2026-02-08T10:05:56.307157,8.2,14.8,2100.0
2026-02-08T10:05:56.807871,6.7,14.8,2100.0
2026-02-08T10:05:57.308979,9.3,14.8,2100.0
2026-02-08T10:05:57.809760,7.3,14.8,2100.0
2026-02-08T10:05:58.310327,7.3,14.8,2100.0
2026-02-08T10:05:58.810958,8.6,14.8,2100.0
2026-02-08T10:05:59.311504,10.0,14.8,2100.0
2026-02-08T10:05:59.812538,5.4,14.8,2100.0
2026-02-08T10:06:00.313449,8.2,14.8,2100.0
2026-02-08T10:06:00.814080,7.9,14.8,2100.0
2026-02-08T10:06:01.316585,6.4,14.8,2100.0
2026-02-08T10:06:01.817213,6.3,14.8,2100.0
2026-02-08T10:06:02.317691,9.5,14.8,2100.0
2026-02-08T10:06:02.818485,6.9,14.8,2100.0
2026-02-08T10:06:03.319514,7.5,14.8,2100.0
2026-02-08T10:06:03.820304,6.4,14.8,2100.0
2026-02-08T10:06:04.321604,8.7,14.8,2100.0
2026-02-08T10:06:04.822067,11.7,14.8,2100.0
2026-02-08T10:06:05.322913,5.0,14.8,2100.0
2026-02-08T10:06:05.823663,7.9,14.8,2100.0
2026-02-08T10:06:06.324742,6.5,14.8,2100.0
2026-02-08T10:06:06.825271,8.4,14.8,2100.0
2026-02-08T10:06:07.325733,5.3,14.8,2100.0
2026-02-08T10:06:07.826419,7.1,14.8,2100.0
2026-02-08T10:06:08.326894,7.5,14.8,2100.0
2026-02-08T10:06:08.827616,8.3,14.8,2100.0
2026-02-08T10:06:09.328528,27.3,14.8,2100.0
2026-02-08T10:06:09.829623,15.5,14.8,2100.0
2026-02-08T10:06:10.330590,6.0,14.8,2100.0
2026-02-08T10:06:10.831453,7.7,14.8,2100.0
2026-02-08T10:06:11.331829,4.3,14.8,2100.0
2026-02-08T10:06:11.832662,7.7,14.8,2100.0
2026-02-08T10:06:12.333675,5.7,14.8,2100.0
2026-02-08T10:06:12.834252,9.2,14.8,2100.0
2026-02-08T10:06:13.334793,6.0,14.8,2100.0
2026-02-08T10:06:13.835659,5.6,14.8,2100.0
2026-02-08T10:06:14.336830,8.1,14.8,2100.0
2026-02-08T10:06:14.837308,11.1,14.8,2100.0
2026-02-08T10:06:15.337880,7.5,14.8,2100.0
2026-02-08T10:06:15.838798,12.7,14.8,2100.0
2026-02-08T10:06:16.339862,11.9,14.9,2100.0
2026-02-08T10:06:16.840291,9.9,14.9,2100.0
2026-02-08T10:06:17.340789,12.5,14.9,2100.0
2026-02-08T10:06:17.841416,16.2,14.9,2100.0
2026-02-08T10:06:18.342146,6.5,14.9,2100.0
2026-02-08T10:06:18.842611,5.3,14.9,2100.0
2026-02-08T10:06:19.343255,10.4,14.9,2100.0
2026-02-08T10:06:19.843650,10.7,14.9,2100.0
2026-02-08T10:06:20.344203,7.9,14.9,2100.0
2026-02-08T10:06:20.845956,10.6,14.9,2100.0
2026-02-08T10:06:21.346989,6.9,14.9,2100.0
2026-02-08T10:06:21.847951,11.9,14.9,2100.0
2026-02-08T10:06:22.348802,5.6,14.8,2100.0
2026-02-08T10:06:22.849597,14.3,14.8,2100.0
2026-02-08T10:06:23.350090,4.5,14.8,2100.0
2026-02-08T10:06:23.851534,5.8,14.8,2100.0
2026-02-08T10:06:24.352315,7.4,14.8,2100.0
2026-02-08T10:06:24.852809,8.1,14.8,2100.0
2026-02-08T10:06:25.353316,7.2,14.8,2100.0
2026-02-08T10:06:25.854062,8.5,14.8,2100.0
2026-02-08T10:06:26.354973,4.8,14.8,2100.0
2026-02-08T10:06:26.855855,7.7,14.8,2100.0
2026-02-08T10:06:27.356507,6.0,14.8,2100.0
2026-02-08T10:06:27.857513,7.6,14.8,2100.0
2026-02-08T10:06:28.358280,7.1,14.8,2100.0
2026-02-08T10:06:28.859097,7.8,14.8,2100.0
2026-02-08T10:06:29.360026,11.7,14.8,2100.0
2026-02-08T10:06:29.860697,7.5,14.8,2100.0
2026-02-08T10:06:30.362192,6.1,14.8,2100.0
2026-02-08T10:06:30.863219,5.8,14.8,2100.0
2026-02-08T10:06:31.363785,5.1,14.8,2100.0
2026-02-08T10:06:31.864310,13.7,14.8,2100.0
2026-02-08T10:06:32.364986,4.7,14.8,2100.0
2026-02-08T10:06:32.865899,6.9,14.8,2100.0
2026-02-08T10:06:33.366560,6.0,14.8,2100.0
2026-02-08T10:06:33.866979,5.6,14.8,2100.0
2026-02-08T10:06:34.368643,9.6,14.8,2100.0
2026-02-08T10:06:34.869477,6.4,14.8,2100.0
2026-02-08T10:06:35.370216,5.1,14.8,2100.0
2026-02-08T10:06:35.870944,6.4,14.8,2100.0
2026-02-08T10:06:36.371313,5.8,14.8,2100.0
2026-02-08T10:06:36.872082,8.5,14.8,2100.0
2026-02-08T10:06:37.372663,5.8,14.8,2100.0
2026-02-08T10:06:37.873485,6.8,14.8,2100.0
2026-02-08T10:06:38.374073,10.6,14.8,2100.0
2026-02-08T10:06:38.874596,9.3,14.8,2100.0
2026-02-08T10:06:39.375126,11.5,14.8,2100.0
2026-02-08T10:06:39.876848,16.8,14.9,2100.0
2026-02-08T10:06:40.378575,18.5,14.9,2100.0
2026-02-08T10:06:40.881721,11.3,14.9,2100.0
2026-02-08T10:06:41.382294,10.3,14.9,2100.0
2026-02-08T10:06:41.883122,14.5,14.9,2100.0
2026-02-08T10:06:42.384205,9.8,14.9,2100.0
2026-02-08T10:06:42.884827,5.8,14.9,2100.0
2026-02-08T10:06:43.386612,8.3,14.9,2100.0
2026-02-08T10:06:43.887128,6.3,14.9,2100.0
2026-02-08T10:06:44.387550,8.0,14.9,2100.0
2026-02-08T10:06:44.888056,5.8,14.9,2100.0
2026-02-08T10:06:45.389497,10.5,14.9,2100.0
2026-02-08T10:06:45.889904,11.7,14.9,2100.0
2026-02-08T10:06:46.390290,7.9,14.9,2100.0
2026-02-08T10:06:46.891118,10.2,14.9,2100.0
2026-02-08T10:06:47.391709,12.1,14.9,2100.0
2026-02-08T10:06:47.892385,6.2,14.9,2100.0
2026-02-08T10:06:48.393066,13.1,14.9,2100.0
2026-02-08T10:06:48.894680,5.2,14.9,2100.0
2026-02-08T10:06:49.395939,14.2,14.9,2100.0
2026-02-08T10:06:49.896792,10.7,14.9,2100.0
2026-02-08T10:06:50.398047,10.8,14.9,2100.0
2026-02-08T10:06:50.899133,5.1,14.9,2100.0
2026-02-08T10:06:51.399945,5.1,14.9,2100.0
2026-02-08T10:06:51.900462,11.1,14.9,2100.0
2026-02-08T10:06:52.401675,5.4,14.9,2100.0
2026-02-08T10:06:52.902073,12.7,14.9,2100.0
2026-02-08T10:06:53.403005,7.8,14.9,2100.0
2026-02-08T10:06:53.903501,5.8,14.9,2100.0
2026-02-08T10:06:54.404509,8.1,14.9,2100.0
2026-02-08T10:06:54.905154,8.7,14.9,2100.0
2026-02-08T10:06:55.405623,6.5,14.9,2100.0
2026-02-08T10:06:55.906260,9.9,14.9,2100.0
2026-02-08T10:06:56.407060,4.7,14.9,2100.0
2026-02-08T10:06:56.907689,5.7,14.9,2100.0
2026-02-08T10:06:57.408532,6.3,14.9,2100.0
2026-02-08T10:06:57.909393,7.0,14.9,2100.0
2026-02-08T10:06:58.410522,8.5,14.9,2100.0
2026-02-08T10:06:58.911282,11.7,14.9,2100.0
2026-02-08T10:06:59.413569,7.0,14.9,2100.0
2026-02-08T10:06:59.914224,10.5,14.9,2100.0
2026-02-08T10:07:00.416007,5.8,14.9,2100.0
2026-02-08T10:07:00.917032,11.2,14.9,2100.0
2026-02-08T10:07:01.418020,9.0,14.9,2100.0
2026-02-08T10:07:01.918721,14.8,14.9,2100.0
2026-02-08T10:07:02.419584,5.5,14.9,2100.0
2026-02-08T10:07:02.920237,8.0,14.9,2100.0
2026-02-08T10:07:03.420609,5.9,14.9,2100.0
2026-02-08T10:07:03.921079,10.2,14.9,2100.0
2026-02-08T10:07:04.421944,6.7,14.9,2100.0
2026-02-08T10:07:04.922877,11.6,14.9,2100.0
2026-02-08T10:07:05.423523,4.4,14.9,2100.0
2026-02-08T10:07:05.924306,8.1,14.9,2100.0
2026-02-08T10:07:06.424856,6.1,14.9,2100.0
2026-02-08T10:07:06.926412,11.7,14.9,2100.0
2026-02-08T10:07:07.426962,4.3,14.9,2100.0
2026-02-08T10:07:07.927650,7.9,14.9,2100.0
2026-02-08T10:07:08.428204,4.8,14.9,2100.0
2026-02-08T10:07:08.928681,8.4,14.9,2100.0
2026-02-08T10:07:09.429609,5.4,14.9,2100.0
2026-02-08T10:07:09.930513,11.0,14.9,2100.0
2026-02-08T10:07:10.431035,6.8,14.9,2100.0
2026-02-08T10:07:10.931778,10.4,14.9,2100.0
2026-02-08T10:07:11.432561,5.4,14.9,2100.0
2026-02-08T10:07:11.933739,9.5,14.9,2100.0
2026-02-08T10:07:12.434408,5.5,14.9,2100.0
2026-02-08T10:07:12.935267,12.3,14.9,2100.0
2026-02-08T10:07:13.437263,4.8,14.9,2100.0
2026-02-08T10:07:13.937893,9.5,14.9,2100.0
2026-02-08T10:07:14.438638,6.1,14.9,2100.0
2026-02-08T10:07:14.939498,5.9,14.9,2100.0
2026-02-08T10:07:15.440399,7.5,14.9,2100.0
2026-02-08T10:07:15.940829,6.7,14.9,2100.0
2026-02-08T10:07:16.442637,6.0,14.8,2100.0
2026-02-08T10:07:16.943239,7.2,14.8,2100.0
2026-02-08T10:07:17.443891,4.9,14.8,2100.0
2026-02-08T10:07:17.945365,8.5,14.8,2100.0
2026-02-08T10:07:18.446213,7.1,14.8,2100.0
2026-02-08T10:07:18.946660,5.3,14.8,2100.0
2026-02-08T10:07:19.448741,8.3,14.8,2100.0
2026-02-08T10:07:19.949372,9.1,14.8,2100.0
2026-02-08T10:07:20.449827,4.9,14.8,2100.0
2026-02-08T10:07:20.950905,5.6,14.8,2100.0
2026-02-08T10:07:21.451428,9.4,14.8,2100.0
2026-02-08T10:07:21.952197,10.0,14.8,2100.0
2026-02-08T10:07:22.453119,8.5,14.8,2100.0
2026-02-08T10:07:22.953878,8.1,14.8,2100.0
2026-02-08T10:07:23.454807,11.0,14.8,2100.0
2026-02-08T10:07:23.955295,7.2,14.8,2100.0
2026-02-08T10:07:24.455922,8.8,14.8,2100.0
2026-02-08T10:07:24.956337,7.4,14.8,2100.0
2026-02-08T10:07:25.456835,8.3,14.8,2100.0
2026-02-08T10:07:25.957238,5.8,14.8,2100.0
2026-02-08T10:07:26.457577,5.7,14.8,2100.0
2026-02-08T10:07:26.959177,7.2,14.8,2100.0
2026-02-08T10:07:27.460074,8.6,14.8,2100.0
2026-02-08T10:07:27.960602,5.6,14.8,2100.0
2026-02-08T10:07:28.461266,8.9,14.9,2100.0
2026-02-08T10:07:28.964520,5.6,14.9,2100.0
2026-02-08T10:07:29.465761,8.9,14.9,2100.0
2026-02-08T10:07:29.968296,5.7,14.9,2100.0
2026-02-08T10:07:30.468759,7.1,14.9,2100.0
2026-02-08T10:07:30.969476,6.2,14.9,2100.0
2026-02-08T10:07:31.470117,8.3,14.8,2100.0
2026-02-08T10:07:31.970920,5.6,14.9,2100.0
2026-02-08T10:07:32.471777,9.0,14.9,2100.0
2026-02-08T10:07:32.972556,8.3,14.9,2100.0
2026-02-08T10:07:33.473357,9.1,14.9,2100.0
2026-02-08T10:07:33.974512,5.5,14.8,2100.0
2026-02-08T10:07:34.475411,8.1,14.9,2100.0
2026-02-08T10:07:34.977461,7.4,14.9,2100.0
2026-02-08T10:07:35.478054,8.6,14.8,2100.0
2026-02-08T10:07:35.978852,5.0,14.8,2100.0
2026-02-08T10:07:36.479416,7.4,14.8,2100.0
2026-02-08T10:07:36.980704,5.2,14.8,2100.0
2026-02-08T10:07:37.481256,7.8,14.8,2100.0
2026-02-08T10:07:37.981814,5.3,14.8,2100.0
2026-02-08T10:07:38.483042,6.2,14.8,2100.0
2026-02-08T10:07:38.984124,5.8,14.8,2100.0
2026-02-08T10:07:39.484872,10.3,14.8,2100.0
2026-02-08T10:07:39.985604,5.7,14.8,2100.0
2026-02-08T10:07:40.486418,12.9,14.8,2100.0
2026-02-08T10:07:40.987102,10.8,14.8,2100.0
2026-02-08T10:07:41.487813,13.4,14.8,2100.0
2026-02-08T10:07:41.988200,6.6,14.8,2100.0
2026-02-08T10:07:42.488639,10.4,14.8,2100.0
2026-02-08T10:07:42.989391,5.6,14.8,2100.0
2026-02-08T10:07:43.490101,13.8,14.8,2100.0
2026-02-08T10:07:43.991297,6.7,14.8,2100.0
2026-02-08T10:07:44.491889,9.3,14.8,2100.0
2026-02-08T10:07:44.992332,7.8,14.8,2100.0
2026-02-08T10:07:45.492973,9.7,14.8,2100.0
2026-02-08T10:07:45.993746,7.0,14.8,2100.0
2026-02-08T10:07:46.494819,9.6,14.8,2100.0
2026-02-08T10:07:46.995413,8.7,14.8,2100.0
2026-02-08T10:07:47.496322,9.5,14.8,2100.0
2026-02-08T10:07:47.997868,17.0,14.9,2100.0
2026-02-08T10:07:48.498699,12.2,14.9,2100.0
2026-02-08T10:07:48.999597,11.4,14.9,2100.0
2026-02-08T10:07:49.500737,6.5,14.9,2100.0
2026-02-08T10:07:50.001645,8.1,14.9,2100.0
2026-02-08T10:07:50.501986,6.8,14.9,2100.0
2026-02-08T10:07:51.002677,6.7,14.9,2100.0
2026-02-08T10:07:51.503892,7.2,14.9,2100.0
2026-02-08T10:07:52.004612,7.9,14.9,2100.0
2026-02-08T10:07:52.505046,9.9,14.9,2100.0
2026-02-08T10:07:53.005710,11.0,14.9,2100.0
2026-02-08T10:07:53.506239,7.9,14.9,2100.0
2026-02-08T10:07:54.007016,5.7,14.9,2100.0
2026-02-08T10:07:54.507604,7.8,14.9,2100.0
2026-02-08T10:07:55.008240,6.2,14.9,2100.0
2026-02-08T10:07:55.509505,8.0,14.9,2100.0
2026-02-08T10:07:56.010608,8.7,14.9,2100.0
2026-02-08T10:07:56.511108,4.6,14.9,2100.0
2026-02-08T10:07:57.012189,8.9,14.9,2100.0
2026-02-08T10:07:57.512877,8.2,14.9,2100.0
2026-02-08T10:07:58.013632,9.9,14.9,2100.0
2026-02-08T10:07:58.514371,5.9,14.9,2100.0
2026-02-08T10:07:59.015119,5.6,14.8,2100.0
2026-02-08T10:07:59.515854,5.6,14.8,2100.0
2026-02-08T10:08:00.016372,8.5,14.9,2100.0
2026-02-08T10:08:00.517995,6.1,14.8,2100.0
2026-02-08T10:08:01.018878,8.0,14.8,2100.0
2026-02-08T10:08:01.519698,5.8,14.8,2100.0
2026-02-08T10:08:02.021317,7.1,14.8,2100.0
2026-02-08T10:08:02.521793,8.8,14.8,2100.0
2026-02-08T10:08:03.022351,6.3,14.8,2100.0
2026-02-08T10:08:03.523321,12.6,14.8,2100.0
2026-02-08T10:08:04.025143,5.2,14.9,2100.0
2026-02-08T10:08:04.525596,6.9,14.8,2100.0
2026-02-08T10:08:05.026240,7.2,14.8,2100.0
2026-02-08T10:08:05.527300,13.1,14.8,2100.0
2026-02-08T10:08:06.027830,6.9,14.8,2100.0
2026-02-08T10:08:06.528515,6.9,14.8,2100.0
2026-02-08T10:08:07.029765,9.0,14.9,2100.0
2026-02-08T10:08:07.530716,8.3,14.8,2100.0
2026-02-08T10:08:08.031351,9.8,14.9,2100.0
2026-02-08T10:08:08.532160,8.7,14.9,2100.0
2026-02-08T10:08:09.032882,5.6,14.9,2100.0
2026-02-08T10:08:09.533675,10.2,14.8,2100.0
2026-02-08T10:08:10.034453,6.4,14.9,2100.0
2026-02-08T10:08:10.535321,9.2,14.9,2100.0
2026-02-08T10:08:11.036271,7.8,14.9,2100.0
2026-02-08T10:08:11.536658,7.0,14.9,2100.0
2026-02-08T10:08:12.037149,7.9,14.9,2100.0
2026-02-08T10:08:12.537737,5.7,14.9,2100.0
2026-02-08T10:08:13.038236,5.9,14.9,2100.0
2026-02-08T10:08:13.538749,10.9,14.9,2100.0
2026-02-08T10:08:14.041163,6.3,14.9,2100.0
2026-02-08T10:08:14.542020,7.4,14.9,2100.0
2026-02-08T10:08:15.042882,6.6,14.9,2100.0
2026-02-08T10:08:15.544451,10.2,14.9,2100.0
2026-02-08T10:08:16.045357,6.1,14.9,2100.0
2026-02-08T10:08:16.545922,8.3,14.9,2100.0
2026-02-08T10:08:17.047947,6.2,14.9,2100.0
2026-02-08T10:08:17.548823,7.2,14.9,2100.0
2026-02-08T10:08:18.050657,6.3,14.9,2100.0
2026-02-08T10:08:18.551222,6.3,14.9,2100.0
2026-02-08T10:08:19.052246,6.5,14.9,2100.0
2026-02-08T10:08:19.553037,7.9,14.9,2100.0
2026-02-08T10:08:20.053998,6.5,14.9,2100.0
2026-02-08T10:08:20.555512,7.3,14.9,2100.0
2026-02-08T10:08:21.056570,3.2,14.9,2100.0
2026-02-08T10:08:21.557384,6.8,14.9,2100.0
2026-02-08T10:08:22.058078,7.1,14.9,2100.0
2026-02-08T10:08:22.558997,12.2,14.9,2100.0
2026-02-08T10:08:23.059751,6.7,14.9,2100.0
2026-02-08T10:08:23.560384,9.0,14.9,2100.0
2026-02-08T10:08:24.060886,3.8,14.9,2100.0
2026-02-08T10:08:24.561668,8.6,14.9,2100.0
2026-02-08T10:08:25.063115,5.7,14.9,2100.0
2026-02-08T10:08:25.565457,9.5,14.9,2100.0
2026-02-08T10:08:26.066048,5.3,14.9,2100.0
2026-02-08T10:08:26.566898,9.6,14.9,2100.0
2026-02-08T10:08:27.067897,8.0,14.9,2100.0
2026-02-08T10:08:27.568576,10.0,14.9,2100.0
2026-02-08T10:08:28.069174,5.7,14.9,2100.0
2026-02-08T10:08:28.569856,9.7,14.9,2100.0
2026-02-08T10:08:29.070454,5.8,14.9,2100.0
2026-02-08T10:08:29.570923,12.4,14.9,2100.0
2026-02-08T10:08:30.072063,5.5,14.9,2100.0
2026-02-08T10:08:30.573110,6.8,14.9,2100.0
2026-02-08T10:08:31.073762,5.1,14.8,2100.0
2026-02-08T10:08:31.575419,7.2,14.9,2100.0
2026-02-08T10:08:32.076793,7.8,14.8,2100.0
2026-02-08T10:08:32.577679,7.2,14.8,2100.0
2026-02-08T10:08:33.078308,6.4,14.9,2100.0
2026-02-08T10:08:33.579548,8.8,14.8,2100.0
2026-02-08T10:08:34.080850,5.2,14.8,2100.0
2026-02-08T10:08:34.581207,6.5,14.8,2100.0
2026-02-08T10:08:35.081751,6.2,14.8,2100.0
2026-02-08T10:08:35.582494,6.8,14.8,2100.0
2026-02-08T10:08:36.083539,5.7,14.8,2100.0
2026-02-08T10:08:36.583979,9.2,14.8,2100.0
2026-02-08T10:08:37.084857,7.1,14.8,2100.0
2026-02-08T10:08:37.585587,6.9,14.8,2100.0
2026-02-08T10:08:38.086486,5.5,14.8,2100.0
2026-02-08T10:08:38.586991,12.2,14.8,2100.0
2026-02-08T10:08:39.087491,8.1,14.8,2100.0
2026-02-08T10:08:39.588940,7.2,14.8,2100.0
2026-02-08T10:08:40.089732,11.9,14.8,2100.0
2026-02-08T10:08:40.591378,11.1,14.9,2100.0
2026-02-08T10:08:41.092104,13.4,14.9,2100.0
2026-02-08T10:08:41.593067,10.2,14.8,2100.0
2026-02-08T10:08:42.098584,12.4,14.8,2100.0
2026-02-08T10:08:42.600218,10.1,14.8,2100.0
2026-02-08T10:08:43.102003,14.3,14.9,2100.0
2026-02-08T10:08:43.604976,9.1,14.9,2100.0
2026-02-08T10:08:44.105802,12.4,14.9,2100.0
2026-02-08T10:08:44.607014,8.9,14.9,2100.0
2026-02-08T10:08:45.107613,14.9,14.9,2100.0
2026-02-08T10:08:45.608641,9.6,14.9,2100.0
2026-02-08T10:08:46.109914,11.0,14.9,2100.0
2026-02-08T10:08:46.611409,10.9,14.9,2100.0
2026-02-08T10:08:47.112550,15.8,14.9,2100.0
2026-02-08T10:08:47.613941,10.7,14.9,2100.0
2026-02-08T10:08:48.114846,15.1,14.9,2100.0
2026-02-08T10:08:48.615548,16.1,14.9,2100.0
2026-02-08T10:08:49.116724,15.5,14.9,2100.0
2026-02-08T10:08:49.618861,14.9,14.9,2100.0
2026-02-08T10:08:50.119743,10.0,14.9,2100.0
2026-02-08T10:08:50.620337,21.4,14.9,2100.0
2026-02-08T10:08:51.121425,10.5,14.9,2100.0
2026-02-08T10:08:51.624130,15.1,14.9,2100.0
2026-02-08T10:08:52.125570,15.3,14.9,2100.0
2026-02-08T10:08:52.626381,29.1,14.9,2100.0
2026-02-08T10:08:53.127857,14.2,14.9,2100.0
2026-02-08T10:08:53.629497,15.9,14.9,2100.0
2026-02-08T10:08:54.131845,14.3,14.9,2100.0
2026-02-08T10:08:54.632594,15.4,14.9,2100.0
2026-02-08T10:08:55.134894,10.1,14.9,2100.0
2026-02-08T10:08:55.635688,16.2,14.9,2100.0
2026-02-08T10:08:56.136594,9.5,14.9,2100.0
2026-02-08T10:08:56.637576,11.5,14.9,2100.0
2026-02-08T10:08:57.138744,12.6,14.9,2100.0
2026-02-08T10:08:57.640346,13.0,14.9,2100.0
2026-02-08T10:08:58.141173,11.7,14.9,2100.0
2026-02-08T10:08:58.643770,14.3,14.9,2100.0
2026-02-08T10:08:59.144869,12.0,14.9,2100.0
2026-02-08T10:08:59.647331,16.7,14.9,2100.0
2026-02-08T10:09:00.148087,9.3,14.9,2100.0
2026-02-08T10:09:00.649446,13.8,14.9,2100.0
2026-02-08T10:09:01.151294,11.5,14.9,2100.0
2026-02-08T10:09:01.652111,10.4,14.9,2100.0
2026-02-08T10:09:02.154267,12.7,14.9,2100.0
2026-02-08T10:09:02.655772,15.2,14.9,2100.0
2026-02-08T10:09:03.156499,11.3,14.9,2100.0
2026-02-08T10:09:03.657701,15.3,14.9,2100.0
2026-02-08T10:09:04.159773,10.2,14.9,2100.0
2026-02-08T10:09:04.661993,14.1,14.9,2100.0
2026-02-08T10:09:05.164020,9.8,14.9,2100.0
2026-02-08T10:09:05.665308,12.4,14.9,2100.0
2026-02-08T10:09:06.166599,7.7,14.9,2100.0
2026-02-08T10:09:06.667687,7.1,14.9,2100.0
2026-02-08T10:09:07.169653,9.0,14.9,2100.0
2026-02-08T10:09:07.670893,6.2,14.9,2100.0
2026-02-08T10:09:08.171711,7.5,14.9,2100.0
2026-02-08T10:09:08.672812,9.3,14.9,2100.0
2026-02-08T10:09:09.173502,8.2,14.9,2100.0
2026-02-08T10:09:09.674085,7.8,14.9,2100.0
2026-02-08T10:09:10.175338,7.7,14.9,2100.0
2026-02-08T10:09:10.676084,7.7,14.9,2100.0
2026-02-08T10:09:11.177026,8.3,14.9,2100.0
2026-02-08T10:09:11.677979,10.8,14.9,2100.0
2026-02-08T10:09:12.178511,7.1,14.9,2100.0
2026-02-08T10:09:12.679410,9.6,14.9,2100.0
2026-02-08T10:09:13.180611,9.5,14.9,2100.0
2026-02-08T10:09:13.681547,7.3,14.9,2100.0
2026-02-08T10:09:14.182384,5.7,14.9,2100.0
2026-02-08T10:09:14.683231,7.5,14.9,2100.0
2026-02-08T10:09:15.184082,10.3,14.9,2100.0
2026-02-08T10:09:15.684959,7.5,14.9,2100.0
2026-02-08T10:09:16.185662,5.9,14.9,2100.0
2026-02-08T10:09:16.686376,9.2,14.9,2100.0
2026-02-08T10:09:17.194414,5.6,14.9,2100.0
2026-02-08T10:09:17.695017,7.9,14.9,2100.0
2026-02-08T10:09:18.195363,5.7,14.9,2100.0
2026-02-08T10:09:18.695788,6.8,14.9,2100.0
2026-02-08T10:09:19.196280,7.3,14.9,2100.0
2026-02-08T10:09:19.696697,11.2,14.9,2100.0
2026-02-08T10:09:20.197306,7.3,14.9,2100.0
2026-02-08T10:09:20.698111,7.8,14.9,2100.0
2026-02-08T10:09:21.199621,7.2,14.9,2100.0
2026-02-08T10:09:21.700434,8.8,14.9,2100.0
2026-02-08T10:09:22.201238,6.8,14.9,2100.0
2026-02-08T10:09:22.702207,7.7,14.9,2100.0
2026-02-08T10:09:23.204796,5.9,14.9,2100.0
2026-02-08T10:09:23.705300,5.9,14.9,2100.0
2026-02-08T10:09:24.206030,6.3,14.9,2100.0
2026-02-08T10:09:24.707247,4.2,14.9,2100.0
2026-02-08T10:09:25.207755,7.3,14.9,2100.0
2026-02-08T10:09:25.708470,7.6,14.9,2100.0
2026-02-08T10:09:26.209005,8.6,14.9,2100.0
2026-02-08T10:09:26.709663,5.5,14.9,2100.0
2026-02-08T10:09:27.210761,6.0,14.9,2100.0
2026-02-08T10:09:27.711531,7.1,14.9,2100.0
2026-02-08T10:09:28.227155,12.9,14.9,2100.0
2026-02-08T10:09:28.727732,7.5,14.9,2100.0
2026-02-08T10:09:29.228327,9.8,14.9,2100.0
2026-02-08T10:09:29.728996,7.5,14.9,2100.0
2026-02-08T10:09:30.230036,9.9,14.9,2100.0
2026-02-08T10:09:30.730862,6.5,14.9,2100.0
2026-02-08T10:09:31.231720,9.0,14.9,2100.0
2026-02-08T10:09:31.732145,7.4,14.9,2100.0
2026-02-08T10:09:32.232948,8.5,14.9,2100.0
2026-02-08T10:09:32.733646,10.3,14.9,2100.0
2026-02-08T10:09:33.234404,10.5,14.9,2100.0
2026-02-08T10:09:33.734884,9.2,14.9,2100.0
2026-02-08T10:09:34.236068,8.1,14.9,2100.0
2026-02-08T10:09:34.737182,11.7,14.9,2100.0
2026-02-08T10:09:35.237892,6.8,14.9,2100.0
2026-02-08T10:09:35.739373,9.5,14.9,2100.0
2026-02-08T10:09:36.240273,7.7,14.9,2100.0
2026-02-08T10:09:36.740789,6.8,14.9,2100.0
2026-02-08T10:09:37.241283,10.4,14.9,2100.0
2026-02-08T10:09:37.742040,7.0,14.9,2100.0
2026-02-08T10:09:38.242698,10.6,14.9,2100.0
2026-02-08T10:09:38.743690,9.9,14.9,2100.0
2026-02-08T10:09:39.244363,7.2,14.9,2100.0
2026-02-08T10:09:39.745156,8.5,14.9,2100.0
2026-02-08T10:09:40.245817,6.5,14.9,2100.0
2026-02-08T10:09:40.746625,7.0,14.9,2100.0
2026-02-08T10:09:41.247438,6.1,14.9,2100.0
2026-02-08T10:09:41.748066,9.0,14.9,2100.0
2026-02-08T10:09:42.249296,6.1,14.9,2100.0
2026-02-08T10:09:42.749994,8.1,14.9,2100.0
2026-02-08T10:09:43.250957,5.4,14.9,2100.0
2026-02-08T10:09:43.752209,8.2,14.9,2100.0
2026-02-08T10:09:44.252915,4.7,14.9,2100.0
2026-02-08T10:09:44.753686,7.7,14.9,2100.0
2026-02-08T10:09:45.254361,4.3,14.9,2100.0
2026-02-08T10:09:45.755448,12.2,14.9,2100.0
2026-02-08T10:09:46.256099,4.3,14.9,2100.0
2026-02-08T10:09:46.757404,8.2,14.9,2100.0
2026-02-08T10:09:47.258347,4.8,14.9,2100.0
2026-02-08T10:09:47.759091,11.4,14.9,2100.0
2026-02-08T10:09:48.259657,7.1,14.9,2100.0
2026-02-08T10:09:48.760420,8.4,14.9,2100.0
2026-02-08T10:09:49.261015,4.1,14.9,2100.0
2026-02-08T10:09:49.761515,6.9,14.9,2100.0
2026-02-08T10:09:50.262312,5.5,14.9,2100.0
2026-02-08T10:09:50.763101,8.3,14.9,2100.0
2026-02-08T10:09:51.263559,6.9,14.9,2100.0
2026-02-08T10:09:51.764079,7.9,14.9,2100.0
2026-02-08T10:09:52.264608,5.9,14.9,2100.0
2026-02-08T10:09:52.765540,13.1,14.9,2100.0
2026-02-08T10:09:53.266271,5.9,14.9,2100.0
2026-02-08T10:09:53.766981,8.6,14.9,2100.0
2026-02-08T10:09:54.267919,6.7,14.9,2100.0
2026-02-08T10:09:54.769083,8.7,14.9,2100.0
2026-02-08T10:09:55.269854,7.6,14.9,2100.0
2026-02-08T10:09:55.770299,12.8,14.9,2100.0
2026-02-08T10:09:56.271206,8.0,14.9,2100.0
2026-02-08T10:09:56.772460,7.9,14.9,2100.0
2026-02-08T10:09:57.273222,8.7,14.9,2100.0
2026-02-08T10:09:57.773986,9.1,14.9,2100.0
2026-02-08T10:09:58.275058,7.4,14.9,2100.0
2026-02-08T10:09:58.775986,9.4,14.9,2100.0
2026-02-08T10:09:59.276697,7.4,14.9,2100.0
2026-02-08T10:09:59.777101,6.4,14.9,2100.0
2026-02-08T10:10:00.277417,6.1,14.9,2100.0
2026-02-08T10:10:00.777933,6.2,14.9,2100.0
2026-02-08T10:10:01.278369,9.7,14.9,2100.0
2026-02-08T10:10:01.778971,8.3,14.9,2100.0
2026-02-08T10:10:02.279525,6.4,14.9,2100.0
2026-02-08T10:10:02.780350,7.9,14.9,2100.0
2026-02-08T10:10:03.281382,7.3,14.9,2100.0
2026-02-08T10:10:03.782282,6.2,14.9,2100.0
2026-02-08T10:10:04.283050,6.8,14.9,2100.0
2026-02-08T10:10:04.783742,8.3,14.9,2100.0
2026-02-08T10:10:05.284745,8.4,14.9,2100.0
2026-02-08T10:10:05.785388,8.6,14.9,2100.0
2026-02-08T10:10:06.287308,8.5,14.9,2100.0
2026-02-08T10:10:06.787970,5.8,14.9,2100.0
2026-02-08T10:10:07.289457,4.1,14.9,2100.0
2026-02-08T10:10:07.790849,8.9,14.9,2100.0
2026-02-08T10:10:08.291368,6.4,14.9,2100.0
2026-02-08T10:10:08.792057,7.7,14.9,2100.0
2026-02-08T10:10:09.292735,6.1,14.9,2100.0
2026-02-08T10:10:09.793636,7.7,14.9,2100.0
2026-02-08T10:10:10.294077,6.7,14.9,2100.0
2026-02-08T10:10:10.794710,5.0,14.9,2100.0
2026-02-08T10:10:11.296149,6.3,14.9,2100.0
2026-02-08T10:10:11.796955,7.4,14.9,2100.0
2026-02-08T10:10:12.298128,11.1,14.9,2100.0
2026-02-08T10:10:12.798557,6.5,14.9,2100.0
2026-02-08T10:10:13.299352,7.2,14.9,2100.0
2026-02-08T10:10:13.799842,4.8,14.9,2100.0
2026-02-08T10:10:14.301345,10.2,14.9,2100.0
2026-02-08T10:10:14.802247,7.0,14.9,2100.0
2026-02-08T10:10:15.302823,12.0,14.9,2100.0
2026-02-08T10:10:15.803484,7.5,14.9,2100.0
2026-02-08T10:10:16.304718,8.9,14.9,2100.0
2026-02-08T10:10:16.805470,6.1,14.9,2100.0
2026-02-08T10:10:17.311235,9.4,14.9,2100.0
2026-02-08T10:10:17.811709,7.5,14.9,2100.0
2026-02-08T10:10:18.313796,13.5,14.9,2100.0
2026-02-08T10:10:18.814473,10.0,14.9,2100.0
2026-02-08T10:10:19.315203,6.0,14.9,2100.0
2026-02-08T10:10:19.816079,9.8,14.9,2100.0
2026-02-08T10:10:20.317327,5.7,14.9,2100.0
2026-02-08T10:10:20.825009,9.7,14.9,2100.0
2026-02-08T10:10:21.325698,7.4,14.9,2100.0
2026-02-08T10:10:21.826138,11.8,14.9,2100.0
2026-02-08T10:10:22.326836,5.9,14.9,2100.0
2026-02-08T10:10:22.827511,9.5,14.9,2100.0
2026-02-08T10:10:23.328198,4.7,14.9,2100.0
2026-02-08T10:10:23.828854,7.9,14.9,2100.0
2026-02-08T10:10:24.329359,5.5,14.9,2100.0
2026-02-08T10:10:24.830198,8.0,14.9,2100.0
2026-02-08T10:10:25.331072,7.2,14.9,2100.0
2026-02-08T10:10:25.831764,6.2,14.9,2100.0
2026-02-08T10:10:26.332613,4.8,14.9,2100.0
2026-02-08T10:10:26.833507,10.6,14.9,2100.0
2026-02-08T10:10:27.334296,4.6,14.9,2100.0
2026-02-08T10:10:27.834721,11.1,14.9,2100.0
2026-02-08T10:10:28.335618,7.0,14.9,2100.0
2026-02-08T10:10:28.838874,11.5,14.9,2100.0
2026-02-08T10:10:29.340301,7.2,14.9,2100.0
2026-02-08T10:10:29.841255,9.3,14.9,2100.0
2026-02-08T10:10:30.341800,5.9,14.9,2100.0
2026-02-08T10:10:30.842503,10.1,14.9,2100.0
2026-02-08T10:10:31.343216,5.8,14.9,2100.0
2026-02-08T10:10:31.843927,9.4,14.9,2100.0
2026-02-08T10:10:32.344880,8.8,14.9,2100.0
2026-02-08T10:10:32.845549,9.8,14.9,2100.0
2026-02-08T10:10:33.346348,5.6,14.9,2100.0
2026-02-08T10:10:33.846985,10.2,14.9,2100.0
2026-02-08T10:10:34.347745,4.2,14.9,2100.0
2026-02-08T10:10:34.848336,9.7,14.9,2100.0
2026-02-08T10:10:35.348901,5.1,14.9,2100.0
2026-02-08T10:10:35.849826,5.4,14.9,2100.0
2026-02-08T10:10:36.350673,9.2,14.9,2100.0
2026-02-08T10:10:36.851425,10.2,14.9,2100.0
2026-02-08T10:10:37.352088,7.1,14.9,2100.0
2026-02-08T10:10:37.852788,9.0,14.9,2100.0
2026-02-08T10:10:38.353331,6.1,14.9,2100.0
2026-02-08T10:10:38.854622,14.6,14.9,2100.0
2026-02-08T10:10:39.355443,6.6,14.9,2100.0
2026-02-08T10:10:39.856717,13.0,14.9,2100.0
2026-02-08T10:10:40.357597,5.9,14.9,2100.0
2026-02-08T10:10:40.858095,13.4,14.9,2100.0
2026-02-08T10:10:41.358722,5.6,14.9,2100.0
2026-02-08T10:10:41.859427,11.0,14.9,2100.0
2026-02-08T10:10:42.360083,7.6,14.9,2100.0
2026-02-08T10:10:42.860795,5.5,14.9,2100.0
2026-02-08T10:10:43.361389,9.6,14.9,2100.0
2026-02-08T10:10:43.861989,5.0,14.9,2100.0
2026-02-08T10:10:44.362614,5.7,14.9,2100.0
2026-02-08T10:10:44.862999,5.9,14.9,2100.0
2026-02-08T10:10:45.363486,8.2,14.9,2100.0
2026-02-08T10:10:45.863931,6.4,14.9,2100.0
2026-02-08T10:10:46.364744,8.3,14.9,2100.0
2026-02-08T10:10:46.866432,9.6,14.9,2100.0
2026-02-08T10:10:47.366837,6.2,14.9,2100.0
2026-02-08T10:10:47.868373,10.4,14.9,2100.0
2026-02-08T10:10:48.369471,8.6,14.9,2100.0
2026-02-08T10:10:48.869921,7.0,14.9,2100.0
2026-02-08T10:10:49.370642,5.6,14.9,2100.0
2026-02-08T10:10:49.871385,8.8,14.9,2100.0
2026-02-08T10:10:50.371889,10.4,14.9,2100.0
2026-02-08T10:10:50.872648,5.3,14.9,2100.0
2026-02-08T10:10:51.373249,5.2,14.9,2100.0
2026-02-08T10:10:51.873875,7.2,14.9,2100.0
2026-02-08T10:10:52.374850,5.8,14.9,2100.0
2026-02-08T10:10:52.875691,7.6,14.9,2100.0
2026-02-08T10:10:53.376473,6.6,14.9,2100.0
2026-02-08T10:10:53.876993,4.1,14.9,2100.0
2026-02-08T10:10:54.377404,6.8,14.9,2100.0
2026-02-08T10:10:54.877797,7.0,14.9,2100.0
2026-02-08T10:10:55.378478,8.7,14.9,2100.0
2026-02-08T10:10:55.878920,4.8,14.9,2100.0
2026-02-08T10:10:56.379674,12.8,14.9,2100.0
2026-02-08T10:10:56.880279,5.1,14.9,2100.0
2026-02-08T10:10:57.380906,9.3,14.9,2100.0
2026-02-08T10:10:57.881943,5.9,14.9,2100.0
2026-02-08T10:10:58.382585,7.3,14.9,2100.0
2026-02-08T10:10:58.883561,6.4,14.9,2100.0
2026-02-08T10:10:59.384393,8.2,14.9,2100.0
2026-02-08T10:10:59.885544,5.9,14.9,2100.0
2026-02-08T10:11:00.386520,10.9,14.9,2100.0
2026-02-08T10:11:00.887289,5.8,14.9,2100.0
2026-02-08T10:11:01.388001,6.1,14.9,2100.0
2026-02-08T10:11:01.888385,7.9,14.9,2100.0
2026-02-08T10:11:02.388916,9.5,14.9,2100.0
2026-02-08T10:11:02.890022,8.8,14.9,2100.0
2026-02-08T10:11:03.390725,7.7,14.9,2100.0
2026-02-08T10:11:03.891099,5.6,14.9,2100.0
2026-02-08T10:11:04.391718,9.9,14.9,2100.0
2026-02-08T10:11:04.892494,6.1,14.9,2100.0
2026-02-08T10:11:05.393272,7.2,14.9,2100.0
2026-02-08T10:11:05.893642,9.2,14.9,2100.0
2026-02-08T10:11:06.394805,14.6,14.9,2100.0
2026-02-08T10:11:06.895566,12.1,14.9,2100.0
2026-02-08T10:11:07.396514,5.6,14.9,2100.0
2026-02-08T10:11:07.897175,6.0,14.9,2100.0
2026-02-08T10:11:08.398292,9.1,14.9,2100.0
2026-02-08T10:11:08.898778,11.6,14.9,2100.0
2026-02-08T10:11:09.399731,4.6,14.9,2100.0
2026-02-08T10:11:09.900290,8.7,14.9,2100.0
2026-02-08T10:11:10.400923,6.8,14.9,2100.0
2026-02-08T10:11:10.901855,10.9,14.9,2100.0
2026-02-08T10:11:11.402431,4.5,14.9,2100.0
2026-02-08T10:11:11.903026,15.7,14.9,2100.0
2026-02-08T10:11:12.406401,4.5,14.9,2100.0
2026-02-08T10:11:12.906855,7.0,14.9,2100.0
2026-02-08T10:11:13.407494,6.3,14.9,2100.0
2026-02-08T10:11:13.907948,7.2,14.9,2100.0
2026-02-08T10:11:14.408281,4.3,14.9,2100.0
2026-02-08T10:11:14.908859,8.2,14.9,2100.0
2026-02-08T10:11:15.409696,5.9,14.9,2100.0
2026-02-08T10:11:15.910131,7.8,14.9,2100.0
2026-02-08T10:11:16.410913,5.4,14.9,2100.0
2026-02-08T10:11:16.911326,9.9,14.9,2100.0
2026-02-08T10:11:17.412005,6.5,14.9,2100.0
2026-02-08T10:11:17.912778,11.3,14.9,2100.0
2026-02-08T10:11:18.413770,11.3,14.9,2100.0
2026-02-08T10:11:18.914712,7.8,14.9,2100.0
2026-02-08T10:11:19.415569,8.6,14.9,2100.0
2026-02-08T10:11:19.916571,9.0,14.9,2100.0
2026-02-08T10:11:20.417011,6.0,14.9,2100.0
2026-02-08T10:11:20.917732,10.6,14.9,2100.0
2026-02-08T10:11:21.418302,4.8,14.9,2100.0
2026-02-08T10:11:21.967646,7.6,14.9,2100.0
2026-02-08T10:11:22.468401,9.0,14.9,2100.0
2026-02-08T10:11:22.969173,8.0,14.9,2100.0
2026-02-08T10:11:23.470820,11.0,14.9,2100.0
2026-02-08T10:11:23.971268,7.9,14.9,2100.0
2026-02-08T10:11:24.472185,7.9,14.9,2100.0
2026-02-08T10:11:24.972737,5.4,14.9,2100.0
2026-02-08T10:11:25.473098,8.0,14.9,2100.0
2026-02-08T10:11:25.973987,6.1,14.9,2100.0
2026-02-08T10:11:26.474926,7.3,14.9,2100.0
2026-02-08T10:11:26.975597,8.2,14.9,2100.0
2026-02-08T10:11:27.476080,7.9,14.9,2100.0
2026-02-08T10:11:27.976477,5.1,14.9,2100.0
2026-02-08T10:11:28.476916,7.0,14.9,2100.0
2026-02-08T10:11:28.977712,7.4,14.9,2100.0
2026-02-08T10:11:29.478715,7.5,14.9,2100.0
2026-02-08T10:11:29.979138,8.3,14.9,2100.0
2026-02-08T10:11:30.479559,6.6,14.9,2100.0
2026-02-08T10:11:30.980574,8.6,14.9,2100.0
2026-02-08T10:11:31.481477,6.7,14.9,2100.0
2026-02-08T10:11:31.983741,11.0,14.9,2100.0
2026-02-08T10:11:32.484888,6.3,14.9,2100.0
2026-02-08T10:11:32.985950,5.1,14.9,2100.0
2026-02-08T10:11:33.486522,6.5,14.9,2100.0
2026-02-08T10:11:33.987418,6.0,14.9,2100.0
2026-02-08T10:11:34.488109,9.2,14.9,2100.0
2026-02-08T10:11:34.988911,5.6,14.9,2100.0
2026-02-08T10:11:35.489606,9.0,14.9,2100.0
2026-02-08T10:11:35.990379,5.3,14.9,2100.0
2026-02-08T10:11:36.491132,7.3,14.9,2100.0
2026-02-08T10:11:36.991843,7.7,14.9,2100.0
2026-02-08T10:11:37.492828,9.7,14.9,2100.0
2026-02-08T10:11:37.993677,6.2,14.9,2100.0
2026-02-08T10:11:38.494321,7.9,14.9,2100.0
2026-02-08T10:11:38.995228,6.3,14.9,2100.0
2026-02-08T10:11:39.495687,9.9,14.9,2100.0
2026-02-08T10:11:39.996789,7.4,14.9,2100.0
2026-02-08T10:11:40.497982,9.6,14.9,2100.0
2026-02-08T10:11:41.000114,7.8,14.9,2100.0
2026-02-08T10:11:41.500972,7.4,14.9,2100.0
2026-02-08T10:11:42.002472,9.2,14.9,2100.0
2026-02-08T10:11:42.503130,8.5,14.9,2100.0
2026-02-08T10:11:43.004070,6.1,14.9,2100.0
2026-02-08T10:11:43.504866,16.3,14.9,2100.0
2026-02-08T10:11:44.005407,7.1,14.9,2100.0
2026-02-08T10:11:44.506045,11.7,14.9,2100.0
2026-02-08T10:11:45.006820,5.3,14.9,2100.0
2026-02-08T10:11:45.507443,7.9,14.9,2100.0
2026-02-08T10:11:46.007920,7.4,14.9,2100.0
2026-02-08T10:11:46.508454,7.7,14.9,2100.0
2026-02-08T10:11:47.008971,7.6,14.9,2100.0
2026-02-08T10:11:47.509909,9.9,14.9,2100.0
2026-02-08T10:11:48.010576,6.3,14.9,2100.0
2026-02-08T10:11:48.511448,9.1,14.9,2100.0
2026-02-08T10:11:49.012015,7.0,14.9,2100.0
2026-02-08T10:11:49.513239,7.1,14.9,2100.0
2026-02-08T10:11:50.013755,9.3,14.9,2100.0
2026-02-08T10:11:50.514150,11.3,14.9,2100.0
2026-02-08T10:11:51.017378,5.5,14.9,2100.0
2026-02-08T10:11:51.518042,6.6,14.9,2100.0
2026-02-08T10:11:52.018732,9.5,14.9,2100.0
2026-02-08T10:11:52.519764,11.7,14.9,2100.0
2026-02-08T10:11:53.020764,4.1,14.9,2100.0
2026-02-08T10:11:53.521477,10.5,14.9,2100.0
2026-02-08T10:11:54.022319,6.0,14.9,2100.0
2026-02-08T10:11:54.522777,14.1,14.9,2100.0
2026-02-08T10:11:55.023222,4.6,14.9,2100.0
2026-02-08T10:11:55.523755,7.2,14.9,2100.0
2026-02-08T10:11:56.024802,4.1,14.9,2100.0
2026-02-08T10:11:56.525353,6.8,14.9,2100.0
2026-02-08T10:11:57.025891,8.1,14.9,2100.0
2026-02-08T10:11:57.526268,10.4,14.8,2100.0
2026-02-08T10:11:58.026749,4.3,14.9,2100.0
2026-02-08T10:11:58.527487,7.8,14.9,2100.0
2026-02-08T10:11:59.028224,6.2,14.9,2100.0
2026-02-08T10:11:59.529385,9.6,14.9,2100.0
2026-02-08T10:12:00.029914,6.0,14.9,2100.0
2026-02-08T10:12:00.530934,8.0,14.9,2100.0
2026-02-08T10:12:01.031776,5.3,14.9,2100.0
2026-02-08T10:12:01.532248,8.0,14.8,2100.0
2026-02-08T10:12:02.032931,13.4,14.8,2100.0
2026-02-08T10:12:02.533765,7.4,14.8,2100.0
2026-02-08T10:12:03.034548,6.8,14.8,2100.0
2026-02-08T10:12:03.535082,9.9,14.9,2100.0
2026-02-08T10:12:04.035464,8.9,14.9,2100.0
2026-02-08T10:12:04.536442,8.9,14.8,2100.0
2026-02-08T10:12:05.036983,6.6,14.8,2100.0
2026-02-08T10:12:05.537902,6.8,14.8,2100.0
2026-02-08T10:12:06.038626,7.6,14.8,2100.0
2026-02-08T10:12:06.539410,8.1,14.8,2100.0
2026-02-08T10:12:07.039985,7.6,14.8,2100.0
2026-02-08T10:12:07.540394,13.3,14.8,2100.0
2026-02-08T10:12:08.041261,7.8,14.8,2100.0
2026-02-08T10:12:08.541905,7.0,14.9,2100.0
2026-02-08T10:12:09.042625,5.3,14.9,2100.0
2026-02-08T10:12:09.543273,14.2,14.9,2100.0
2026-02-08T10:12:10.043881,6.2,14.9,2100.0
2026-02-08T10:12:10.544470,6.4,14.9,2100.0
2026-02-08T10:12:11.045392,6.0,14.9,2100.0
2026-02-08T10:12:11.545993,6.9,14.9,2100.0
2026-02-08T10:12:12.046724,9.1,14.9,2100.0
2026-02-08T10:12:12.547258,7.6,14.9,2100.0
2026-02-08T10:12:13.047664,6.0,14.9,2100.0
2026-02-08T10:12:13.548525,5.7,14.9,2100.0
2026-02-08T10:12:14.049479,6.2,14.9,2100.0
2026-02-08T10:12:14.550026,4.4,14.9,2100.0
2026-02-08T10:12:15.050822,6.8,14.9,2100.0
2026-02-08T10:12:15.553144,7.8,14.9,2100.0
2026-02-08T10:12:16.053747,9.0,14.9,2100.0
2026-02-08T10:12:16.554618,5.9,14.9,2100.0
2026-02-08T10:12:17.056172,7.6,14.9,2100.0
2026-02-08T10:12:17.557004,10.4,14.9,2100.0
2026-02-08T10:12:18.057504,6.0,14.9,2100.0
2026-02-08T10:12:18.558055,11.7,14.9,2100.0
2026-02-08T10:12:19.058549,6.0,14.9,2100.0
2026-02-08T10:12:19.559011,7.6,14.9,2100.0
2026-02-08T10:12:20.059858,4.1,14.9,2100.0
2026-02-08T10:12:20.560572,13.5,14.9,2100.0
2026-02-08T10:12:21.062001,5.3,14.9,2100.0
2026-02-08T10:12:21.564224,7.1,14.9,2100.0
2026-02-08T10:12:22.064776,8.0,14.9,2100.0
2026-02-08T10:12:22.570402,9.3,14.9,2100.0
2026-02-08T10:12:23.070895,5.1,14.9,2100.0
2026-02-08T10:12:23.571663,13.0,14.9,2100.0
2026-02-08T10:12:24.072241,3.6,14.9,2100.0
2026-02-08T10:12:24.573031,10.3,14.9,2100.0
2026-02-08T10:12:25.073970,4.7,14.9,2100.0
2026-02-08T10:12:25.574783,9.9,14.9,2100.0
2026-02-08T10:12:26.075363,6.5,14.9,2100.0
2026-02-08T10:12:26.575789,7.6,14.9,2100.0
2026-02-08T10:12:27.076538,7.8,14.9,2100.0
2026-02-08T10:12:27.577714,11.3,14.9,2100.0
2026-02-08T10:12:28.078545,5.8,14.9,2100.0
2026-02-08T10:12:28.579118,9.8,14.9,2100.0
2026-02-08T10:12:29.080208,7.4,14.9,2100.0
2026-02-08T10:12:29.582077,10.7,14.8,2100.0
2026-02-08T10:12:30.082673,5.0,14.8,2100.0
2026-02-08T10:12:30.583291,9.2,14.9,2100.0
2026-02-08T10:12:31.084640,9.7,14.9,2100.0
2026-02-08T10:12:31.585069,9.2,14.9,2100.0
2026-02-08T10:12:32.085718,6.3,14.9,2100.0
2026-02-08T10:12:32.586540,7.2,14.9,2100.0
2026-02-08T10:12:33.087064,6.3,14.9,2100.0
2026-02-08T10:12:33.587691,10.3,14.9,2100.0
2026-02-08T10:12:34.088273,6.0,14.8,2100.0
2026-02-08T10:12:34.589117,10.5,14.8,2100.0
2026-02-08T10:12:35.090006,3.7,14.8,2100.0
2026-02-08T10:12:35.590699,10.2,14.8,2100.0
2026-02-08T10:12:36.091219,4.2,14.8,2100.0
2026-02-08T10:12:36.591993,8.1,14.8,2100.0
2026-02-08T10:12:37.092500,11.4,14.8,2100.0
2026-02-08T10:12:37.592903,7.6,14.8,2100.0
2026-02-08T10:12:38.094341,5.2,14.8,2100.0
2026-02-08T10:12:38.595851,11.0,14.9,2100.0
2026-02-08T10:12:39.096729,6.2,14.9,2100.0
2026-02-08T10:12:39.602256,15.3,14.9,2100.0
2026-02-08T10:12:40.105104,9.7,14.9,2100.0
2026-02-08T10:12:40.605719,9.2,14.9,2100.0
2026-02-08T10:12:41.106307,5.5,14.9,2100.0
2026-02-08T10:12:41.607071,4.9,14.9,2100.0
2026-02-08T10:12:42.107972,7.1,14.9,2100.0
2026-02-08T10:12:42.608743,8.8,14.9,2100.0
2026-02-08T10:12:43.109215,6.0,14.9,2100.0
2026-02-08T10:12:43.611712,7.4,14.9,2100.0
2026-02-08T10:12:44.112509,7.7,14.9,2100.0
2026-02-08T10:12:44.613728,7.8,14.9,2100.0
2026-02-08T10:12:45.114384,5.5,14.9,2100.0
2026-02-08T10:12:45.615169,7.3,14.9,2100.0
2026-02-08T10:12:46.115611,4.2,14.9,2100.0
2026-02-08T10:12:46.618065,8.8,14.9,2100.0
2026-02-08T10:12:47.118781,12.5,14.9,2100.0
2026-02-08T10:12:47.619229,8.3,14.9,2100.0
2026-02-08T10:12:48.120088,6.8,14.9,2100.0
2026-02-08T10:12:48.620869,11.2,14.9,2100.0
2026-02-08T10:12:49.121771,8.2,14.9,2100.0
2026-02-08T10:12:49.622449,12.2,14.9,2100.0
2026-02-08T10:12:50.123088,8.6,14.9,2100.0
2026-02-08T10:12:50.623500,7.2,14.9,2100.0
2026-02-08T10:12:51.124299,5.4,14.9,2100.0
2026-02-08T10:12:51.625142,6.3,14.9,2100.0
2026-02-08T10:12:52.125586,8.2,14.9,2100.0
2026-02-08T10:12:52.627413,8.8,14.9,2100.0
2026-02-08T10:12:53.128645,7.4,14.9,2100.0
2026-02-08T10:12:53.629490,6.5,14.9,2100.0
2026-02-08T10:12:54.130195,8.1,14.9,2100.0
2026-02-08T10:12:54.631062,6.0,14.9,2100.0
2026-02-08T10:12:55.132293,7.8,14.9,2100.0
2026-02-08T10:12:55.633084,8.2,14.9,2100.0
2026-02-08T10:12:56.133889,7.9,14.9,2100.0
2026-02-08T10:12:56.634278,6.9,14.9,2100.0
2026-02-08T10:12:57.134704,10.4,14.9,2100.0
2026-02-08T10:12:57.635404,5.8,14.9,2100.0
2026-02-08T10:12:58.135897,5.7,14.9,2100.0
2026-02-08T10:12:58.636470,5.4,14.9,2100.0
2026-02-08T10:12:59.137103,7.2,14.9,2100.0
2026-02-08T10:12:59.637974,8.1,14.9,2100.0
2026-02-08T10:13:00.138755,8.4,14.9,2100.0
2026-02-08T10:13:00.639271,7.0,14.9,2100.0
2026-02-08T10:13:01.139920,6.8,14.9,2100.0
2026-02-08T10:13:01.640649,5.9,14.9,2100.0
2026-02-08T10:13:02.142953,8.1,14.9,2100.0
2026-02-08T10:13:02.643599,6.0,14.9,2100.0
2026-02-08T10:13:03.144305,5.3,14.9,2100.0
2026-02-08T10:13:03.645096,9.1,14.9,2100.0
2026-02-08T10:13:04.145889,7.1,14.9,2100.0
2026-02-08T10:13:04.646779,9.6,14.9,2100.0
2026-02-08T10:13:05.147180,5.1,14.9,2100.0
2026-02-08T10:13:05.647747,8.0,14.9,2100.0
2026-02-08T10:13:06.149350,5.6,14.9,2100.0
2026-02-08T10:13:06.650022,5.4,14.9,2100.0
2026-02-08T10:13:07.150488,12.5,14.9,2100.0
2026-02-08T10:13:07.651125,7.0,14.9,2100.0
2026-02-08T10:13:08.151612,9.7,14.9,2100.0
2026-02-08T10:13:08.652253,10.6,14.9,2100.0
2026-02-08T10:13:09.153136,6.9,14.9,2100.0
2026-02-08T10:13:09.653707,8.0,14.9,2100.0
2026-02-08T10:13:10.154699,8.2,14.9,2100.0
2026-02-08T10:13:10.655509,7.7,14.9,2100.0
2026-02-08T10:13:11.156469,12.0,14.9,2100.0
2026-02-08T10:13:11.657124,7.2,14.9,2100.0
2026-02-08T10:13:12.158267,9.1,14.9,2100.0
2026-02-08T10:13:12.659189,8.3,14.9,2100.0
2026-02-08T10:13:13.161381,10.4,14.9,2100.0
2026-02-08T10:13:13.662144,8.2,14.9,2100.0
2026-02-08T10:13:14.163598,5.2,14.9,2100.0
2026-02-08T10:13:14.665064,8.0,14.9,2100.0
2026-02-08T10:13:15.165862,5.4,14.9,2100.0
2026-02-08T10:13:15.666604,9.7,14.9,2100.0
2026-02-08T10:13:16.167468,6.1,14.9,2100.0
2026-02-08T10:13:16.667983,5.5,14.9,2100.0
2026-02-08T10:13:17.168677,7.5,14.9,2100.0
2026-02-08T10:13:17.669553,7.5,14.9,2100.0
2026-02-08T10:13:18.170103,5.2,14.9,2100.0
2026-02-08T10:13:18.670748,9.5,14.9,2100.0
2026-02-08T10:13:19.171520,5.8,14.9,2100.0
2026-02-08T10:13:19.671885,10.0,14.9,2100.0
2026-02-08T10:13:20.172767,5.6,14.9,2100.0
2026-02-08T10:13:20.673786,8.7,14.9,2100.0
2026-02-08T10:13:21.174285,7.3,14.9,2100.0
2026-02-08T10:13:21.676617,9.9,14.9,2100.0
2026-02-08T10:13:22.177488,6.9,14.9,2100.0
2026-02-08T10:13:22.678313,8.5,14.9,2100.0
2026-02-08T10:13:23.179046,6.0,14.9,2100.0
2026-02-08T10:13:23.679746,8.6,14.9,2100.0
2026-02-08T10:13:24.180996,5.1,14.9,2100.0
2026-02-08T10:13:24.681730,7.2,14.9,2100.0
2026-02-08T10:13:25.182192,4.6,14.9,2100.0
2026-02-08T10:13:25.682850,6.5,14.9,2100.0
2026-02-08T10:13:26.184055,3.7,14.9,2100.0
2026-02-08T10:13:26.686560,11.1,14.9,2100.0
2026-02-08T10:13:27.187238,8.0,14.9,2100.0
2026-02-08T10:13:27.687840,9.3,14.9,2100.0
2026-02-08T10:13:28.188568,5.4,14.9,2100.0
2026-02-08T10:13:28.689058,9.0,14.9,2100.0
2026-02-08T10:13:29.190040,7.1,14.9,2100.0
2026-02-08T10:13:29.690719,7.7,14.9,2100.0
2026-02-08T10:13:30.192216,5.7,14.9,2100.0
2026-02-08T10:13:30.693993,9.3,14.9,2100.0
2026-02-08T10:13:31.194671,5.8,14.9,2100.0
2026-02-08T10:13:31.695971,7.4,14.9,2100.0
2026-02-08T10:13:32.196802,6.7,14.9,2100.0
2026-02-08T10:13:32.697629,7.5,14.9,2100.0
2026-02-08T10:13:33.198301,8.1,14.9,2100.0
2026-02-08T10:13:33.700036,10.1,14.9,2100.0
2026-02-08T10:13:34.200910,8.9,14.9,2100.0
2026-02-08T10:13:34.701671,6.8,14.9,2100.0
2026-02-08T10:13:35.202156,6.7,14.9,2100.0
2026-02-08T10:13:35.702841,12.9,14.9,2100.0
2026-02-08T10:13:36.210547,13.8,14.9,2100.0
2026-02-08T10:13:36.711293,7.9,14.9,2100.0
2026-02-08T10:13:37.211784,8.7,14.9,2100.0
2026-02-08T10:13:37.712583,11.4,14.9,2100.0
2026-02-08T10:13:38.214374,9.1,14.9,2100.0
2026-02-08T10:13:38.715047,11.0,14.9,2100.0
2026-02-08T10:13:39.215491,10.7,14.9,2100.0
2026-02-08T10:13:39.716282,8.1,14.9,2100.0
2026-02-08T10:13:40.217141,6.2,14.9,2100.0
2026-02-08T10:13:40.718001,7.3,14.9,2100.0
2026-02-08T10:13:41.218924,6.3,14.9,2100.0
2026-02-08T10:13:41.719285,10.1,14.9,2100.0
2026-02-08T10:13:42.219867,11.6,14.9,2100.0
2026-02-08T10:13:42.720288,4.7,14.9,2100.0
2026-02-08T10:13:43.221090,8.9,14.9,2100.0
2026-02-08T10:13:43.722062,10.4,14.9,2100.0
2026-02-08T10:13:44.222910,7.2,14.9,2100.0
2026-02-08T10:13:44.724460,7.3,14.9,2100.0
2026-02-08T10:13:45.225165,5.8,14.9,2100.0
2026-02-08T10:13:45.726552,3.7,14.9,2100.0
2026-02-08T10:13:46.227396,9.3,14.9,2100.0
2026-02-08T10:13:46.728355,7.3,14.9,2100.0
2026-02-08T10:13:47.229000,8.7,15.0,2100.0
2026-02-08T10:13:47.729752,5.6,15.0,2100.0
2026-02-08T10:13:48.230290,6.5,14.9,2100.0
2026-02-08T10:13:48.730826,4.1,15.0,2100.0
2026-02-08T10:13:49.234832,13.6,14.9,2100.0
2026-02-08T10:13:49.735289,8.4,14.9,2100.0
2026-02-08T10:13:50.236377,6.9,14.9,2100.0
2026-02-08T10:13:50.736719,7.4,14.9,2100.0
2026-02-08T10:13:51.237309,5.3,14.9,2100.0
2026-02-08T10:13:51.737818,9.0,14.9,2100.0
2026-02-08T10:13:52.238437,9.2,14.9,2100.0
2026-02-08T10:13:52.739098,8.6,15.0,2100.0
2026-02-08T10:13:53.240457,10.8,15.0,2100.0
2026-02-08T10:13:53.741143,6.1,15.0,2100.0
2026-02-08T10:13:54.241874,8.8,15.0,2100.0
2026-02-08T10:13:54.742812,10.0,15.0,2100.0
2026-02-08T10:13:55.243712,4.5,15.0,2100.0
2026-02-08T10:13:55.744110,9.7,15.0,2100.0
2026-02-08T10:13:56.244782,6.7,15.0,2100.0
2026-02-08T10:13:56.747090,6.5,15.0,2100.0
2026-02-08T10:13:57.247575,7.8,15.0,2100.0
2026-02-08T10:13:57.748197,9.0,14.9,2100.0
2026-02-08T10:13:58.248779,8.6,14.9,2100.0
2026-02-08T10:13:58.749386,8.3,14.9,2100.0
2026-02-08T10:13:59.250153,6.8,14.9,2100.0
2026-02-08T10:13:59.750632,8.0,14.9,2100.0
2026-02-08T10:14:00.251284,6.0,14.9,2100.0
2026-02-08T10:14:00.752144,8.6,14.9,2100.0
2026-02-08T10:14:01.252714,5.9,14.9,2100.0
2026-02-08T10:14:01.753472,5.4,14.9,2100.0
2026-02-08T10:14:02.254084,8.3,14.9,2100.0
2026-02-08T10:14:02.754952,16.4,14.9,2100.0
2026-02-08T10:14:03.256793,11.0,14.9,2100.0
2026-02-08T10:14:03.757931,7.5,14.9,2100.0
2026-02-08T10:14:04.258703,6.4,14.9,2100.0
2026-02-08T10:14:04.759731,7.7,14.9,2100.0
2026-02-08T10:14:05.261386,4.5,14.9,2100.0
2026-02-08T10:14:05.761941,6.7,14.9,2100.0
2026-02-08T10:14:06.262363,5.0,14.9,2100.0
2026-02-08T10:14:06.763803,7.5,14.9,2100.0
2026-02-08T10:14:07.264273,8.8,14.9,2100.0
2026-02-08T10:14:07.764846,7.1,14.9,2100.0
2026-02-08T10:14:08.265324,5.7,14.9,2100.0
2026-02-08T10:14:08.766181,6.1,14.9,2100.0
2026-02-08T10:14:09.266973,5.9,14.9,2100.0
2026-02-08T10:14:09.768002,7.6,14.9,2100.0
2026-02-08T10:14:10.268874,11.6,14.9,2100.0
2026-02-08T10:14:10.769767,9.5,14.9,2100.0
2026-02-08T10:14:11.270187,7.3,14.9,2100.0
2026-02-08T10:14:11.770687,7.8,14.9,2100.0
2026-02-08T10:14:12.271146,8.0,14.9,2100.0
2026-02-08T10:14:12.771644,8.6,14.9,2100.0
2026-02-08T10:14:13.273079,7.0,14.9,2100.0
2026-02-08T10:14:13.773643,11.4,14.9,2100.0
2026-02-08T10:14:14.275185,6.6,14.9,2100.0
2026-02-08T10:14:14.776364,7.1,14.9,2100.0
2026-02-08T10:14:15.276971,7.9,14.9,2100.0
2026-02-08T10:14:15.777479,8.0,14.9,2100.0
2026-02-08T10:14:16.278559,6.9,14.9,2100.0
2026-02-08T10:14:16.779371,7.4,14.9,2100.0
2026-02-08T10:14:17.280301,8.0,14.9,2100.0
2026-02-08T10:14:17.781163,8.4,14.9,2100.0
2026-02-08T10:14:18.281950,10.0,14.9,2100.0
2026-02-08T10:14:18.782322,8.4,14.9,2100.0
2026-02-08T10:14:19.282985,7.7,14.9,2100.0
2026-02-08T10:14:19.783388,11.1,14.9,2100.0
2026-02-08T10:14:20.284175,11.1,14.9,2100.0
2026-02-08T10:14:20.784890,7.6,14.9,2100.0
2026-02-08T10:14:21.285432,10.4,14.9,2100.0
2026-02-08T10:14:21.785784,5.4,14.9,2100.0
2026-02-08T10:14:22.286610,8.4,14.9,2100.0
2026-02-08T10:14:22.787244,6.4,14.9,2100.0
2026-02-08T10:14:23.287799,9.6,14.9,2100.0
2026-02-08T10:14:23.788967,10.0,14.9,2100.0
2026-02-08T10:14:24.290722,8.1,14.9,2100.0
2026-02-08T10:14:24.791175,7.2,14.9,2100.0
2026-02-08T10:14:25.292133,6.5,14.9,2100.0
2026-02-08T10:14:25.793329,7.4,14.9,2100.0
2026-02-08T10:14:26.294142,11.4,14.9,2100.0
2026-02-08T10:14:26.794759,4.8,14.9,2100.0
2026-02-08T10:14:27.297285,7.9,14.9,2100.0
2026-02-08T10:14:27.798533,6.2,14.9,2100.0
2026-02-08T10:14:28.299074,6.5,14.9,2100.0
2026-02-08T10:14:28.799788,6.4,14.9,2100.0
2026-02-08T10:14:29.300643,6.0,14.9,2100.0
2026-02-08T10:14:29.801329,4.7,14.9,2100.0
2026-02-08T10:14:30.302077,13.0,14.9,2100.0
2026-02-08T10:14:30.802460,4.2,14.9,2100.0
2026-02-08T10:14:31.303261,12.0,14.9,2100.0
2026-02-08T10:14:31.804088,5.7,14.9,2100.0
2026-02-08T10:14:32.305568,5.8,14.9,2100.0
2026-02-08T10:14:32.805992,4.6,14.9,2100.0
2026-02-08T10:14:33.307329,12.4,14.9,2100.0
2026-02-08T10:14:33.807716,10.0,14.9,2100.0
2026-02-08T10:14:34.308608,7.5,14.9,2100.0
2026-02-08T10:14:34.809430,6.9,14.9,2100.0
2026-02-08T10:14:35.310288,7.4,14.9,2100.0
2026-02-08T10:14:35.811247,6.6,14.9,2100.0
2026-02-08T10:14:36.311792,7.4,14.9,2100.0
2026-02-08T10:14:36.812228,8.7,14.9,2100.0
2026-02-08T10:14:37.313270,8.5,14.9,2100.0
2026-02-08T10:14:37.814192,7.8,14.9,2100.0
2026-02-08T10:14:38.314990,7.3,14.9,2100.0
2026-02-08T10:14:38.815870,10.7,14.9,2100.0
2026-02-08T10:14:39.316675,11.8,14.8,2100.0
2026-02-08T10:14:39.817277,9.4,14.9,2100.0
2026-02-08T10:14:40.317853,5.5,14.9,2100.0
2026-02-08T10:14:40.818512,9.1,14.9,2100.0
2026-02-08T10:14:41.319193,6.8,14.9,2100.0
2026-02-08T10:14:41.819898,11.1,14.9,2100.0
2026-02-08T10:14:42.320589,6.1,14.9,2100.0
2026-02-08T10:14:42.821474,7.8,14.9,2100.0
2026-02-08T10:14:43.322154,4.2,14.9,2100.0
2026-02-08T10:14:43.823261,15.5,14.9,2100.0
2026-02-08T10:14:44.324056,4.6,14.9,2100.0
2026-02-08T10:14:44.824936,6.6,14.9,2100.0
2026-02-08T10:14:45.327306,5.5,14.9,2100.0
2026-02-08T10:14:45.828766,8.3,14.9,2100.0
2026-02-08T10:14:46.329317,4.3,14.9,2100.0
2026-02-08T10:14:46.830183,7.8,14.9,2100.0
2026-02-08T10:14:47.331065,7.4,14.9,2100.0
2026-02-08T10:14:47.831857,8.0,14.9,2100.0
2026-02-08T10:14:48.332608,7.3,14.9,2100.0
2026-02-08T10:14:48.833461,8.5,14.9,2100.0
2026-02-08T10:14:49.334249,5.8,14.9,2100.0
2026-02-08T10:14:49.834991,6.8,14.9,2100.0
2026-02-08T10:14:50.335436,5.1,14.9,2100.0
2026-02-08T10:14:50.835841,9.1,14.9,2100.0
2026-02-08T10:14:51.336397,4.8,14.9,2100.0
2026-02-08T10:14:51.837319,7.3,14.9,2100.0
2026-02-08T10:14:52.338168,4.4,14.9,2100.0
2026-02-08T10:14:52.838646,6.6,14.9,2100.0
2026-02-08T10:14:53.339245,9.4,14.9,2100.0
2026-02-08T10:14:53.840030,11.3,14.9,2100.0
2026-02-08T10:14:54.340636,6.1,14.9,2100.0
2026-02-08T10:14:54.843338,7.7,14.9,2100.0
2026-02-08T10:14:55.344476,5.9,14.9,2100.0
2026-02-08T10:14:55.845030,8.0,14.9,2100.0
2026-02-08T10:14:56.345869,8.5,14.9,2100.0
2026-02-08T10:14:56.846494,7.3,14.9,2100.0
2026-02-08T10:14:57.346868,7.8,14.9,2100.0
2026-02-08T10:14:57.847597,8.9,14.9,2100.0
2026-02-08T10:14:58.349157,14.8,14.9,2100.0
2026-02-08T10:14:58.849739,6.6,14.9,2100.0
2026-02-08T10:14:59.350459,7.9,14.9,2100.0
2026-02-08T10:14:59.851024,7.6,14.9,2100.0
2026-02-08T10:15:00.351865,8.5,14.9,2100.0
2026-02-08T10:15:00.852721,6.4,14.9,2100.0
2026-02-08T10:15:01.354887,9.3,14.9,2100.0
2026-02-08T10:15:01.855498,6.7,14.9,2100.0
2026-02-08T10:15:02.356291,7.7,14.9,2100.0
2026-02-08T10:15:02.857509,7.7,14.9,2100.0
2026-02-08T10:15:03.358424,5.8,14.9,2100.0
2026-02-08T10:15:03.859148,7.7,14.9,2100.0
2026-02-08T10:15:04.360532,6.0,14.9,2100.0
2026-02-08T10:15:04.861097,8.6,14.9,2100.0
2026-02-08T10:15:05.361598,6.0,14.9,2100.0
2026-02-08T10:15:05.862238,7.3,14.9,2100.0
2026-02-08T10:15:06.362634,5.6,14.9,2100.0
2026-02-08T10:15:06.863448,8.6,14.9,2100.0
2026-02-08T10:15:07.363943,9.3,14.9,2100.0
2026-02-08T10:15:07.864425,8.3,14.9,2100.0
2026-02-08T10:15:08.365065,10.2,14.9,2100.0
2026-02-08T10:15:08.865729,6.7,14.9,2100.0
2026-02-08T10:15:09.366319,9.3,14.9,2100.0
2026-02-08T10:15:09.867099,5.7,14.9,2100.0
2026-02-08T10:15:10.367652,5.1,14.9,2100.0
2026-02-08T10:15:10.868380,4.9,14.9,2100.0
2026-02-08T10:15:11.368971,7.8,14.9,2100.0
2026-02-08T10:15:11.870619,8.5,14.9,2100.0
2026-02-08T10:15:12.371104,6.4,14.9,2100.0
2026-02-08T10:15:12.871972,4.7,14.9,2100.0
2026-02-08T10:15:13.372564,12.1,14.9,2100.0
2026-02-08T10:15:13.873283,6.9,14.9,2100.0
2026-02-08T10:15:14.374571,8.5,14.9,2100.0
2026-02-08T10:15:14.875666,5.8,14.9,2100.0
2026-02-08T10:15:15.376239,7.6,14.9,2100.0
2026-02-08T10:15:15.876732,6.1,14.9,2100.0
2026-02-08T10:15:16.377485,8.7,14.9,2100.0
2026-02-08T10:15:16.878342,10.2,14.9,2100.0
2026-02-08T10:15:17.378700,8.0,14.9,2100.0
2026-02-08T10:15:17.879160,8.9,14.9,2100.0
2026-02-08T10:15:18.380025,8.5,14.9,2100.0
2026-02-08T10:15:18.880899,8.7,14.9,2100.0
2026-02-08T10:15:19.381578,8.6,14.9,2100.0
2026-02-08T10:15:19.882053,10.8,14.9,2100.0
2026-02-08T10:15:20.382494,8.2,14.9,2100.0
2026-02-08T10:15:20.882957,9.5,14.9,2100.0
2026-02-08T10:15:21.383550,5.1,14.9,2100.0
2026-02-08T10:15:21.884499,8.3,14.9,2100.0
2026-02-08T10:15:22.385056,8.4,14.9,2100.0
2026-02-08T10:15:22.887206,8.8,14.9,2100.0
2026-02-08T10:15:23.388011,7.1,14.9,2100.0
2026-02-08T10:15:23.889045,6.8,14.9,2100.0
2026-02-08T10:15:24.390065,13.6,14.9,2100.0
2026-02-08T10:15:24.891235,7.6,14.9,2100.0
2026-02-08T10:15:25.391882,6.3,14.9,2100.0
2026-02-08T10:15:25.892891,7.2,14.9,2100.0
2026-02-08T10:15:26.393226,5.4,14.9,2100.0
2026-02-08T10:15:26.893801,9.4,14.9,2100.0
2026-02-08T10:15:27.394805,6.0,14.9,2100.0
2026-02-08T10:15:27.895428,6.9,14.9,2100.0
2026-02-08T10:15:28.396144,12.5,14.9,2100.0
2026-02-08T10:15:28.897051,9.2,14.9,2100.0
2026-02-08T10:15:29.397641,5.5,14.9,2100.0
2026-02-08T10:15:29.898546,8.1,14.9,2100.0
2026-02-08T10:15:30.398981,9.3,14.8,2100.0
2026-02-08T10:15:30.899429,9.7,14.8,2100.0
2026-02-08T10:15:31.399855,6.4,14.8,2100.0
2026-02-08T10:15:31.900714,8.4,14.8,2100.0
2026-02-08T10:15:32.401627,6.3,14.8,2100.0
2026-02-08T10:15:32.902468,6.3,14.8,2100.0
2026-02-08T10:15:33.403275,6.2,14.8,2100.0
2026-02-08T10:15:33.904264,8.8,14.8,2100.0
2026-02-08T10:15:34.404718,8.2,14.8,2100.0
2026-02-08T10:15:34.905585,8.7,14.8,2100.0
2026-02-08T10:15:35.406467,4.4,14.8,2100.0
2026-02-08T10:15:35.907294,7.4,14.8,2100.0
2026-02-08T10:15:36.408284,6.2,14.9,2100.0
2026-02-08T10:15:36.909219,6.7,14.9,2100.0
2026-02-08T10:15:37.409803,4.9,14.9,2100.0
2026-02-08T10:15:37.910635,6.2,14.9,2100.0
2026-02-08T10:15:38.411231,7.4,14.9,2100.0
2026-02-08T10:15:38.912255,11.0,14.9,2100.0
2026-02-08T10:15:39.412838,5.4,14.9,2100.0
2026-02-08T10:15:39.913504,8.5,14.9,2100.0
2026-02-08T10:15:40.414263,6.4,14.9,2100.0
2026-02-08T10:15:40.914759,10.4,14.9,2100.0
2026-02-08T10:15:41.415524,7.1,14.9,2100.0
2026-02-08T10:15:41.915937,13.5,14.9,2100.0
2026-02-08T10:15:42.416343,10.7,14.9,2100.0
2026-02-08T10:15:42.916980,7.0,14.9,2100.0
2026-02-08T10:15:43.419006,7.9,14.9,2100.0
2026-02-08T10:15:43.922328,7.8,14.9,2100.0
2026-02-08T10:15:44.422935,10.9,14.9,2100.0
2026-02-08T10:15:44.924075,7.8,14.9,2100.0
2026-02-08T10:15:45.425010,6.7,14.9,2100.0
2026-02-08T10:15:45.925820,6.3,14.9,2100.0
2026-02-08T10:15:46.426462,5.1,14.9,2100.0
2026-02-08T10:15:46.927175,6.4,14.9,2100.0
2026-02-08T10:15:47.428014,8.3,14.9,2100.0
2026-02-08T10:15:47.928607,7.6,14.9,2100.0
2026-02-08T10:15:48.429411,7.8,14.9,2100.0
2026-02-08T10:15:48.930001,6.2,14.9,2100.0
2026-02-08T10:15:49.430365,8.2,14.9,2100.0
2026-02-08T10:15:49.931283,9.4,14.9,2100.0
2026-02-08T10:15:50.431869,9.3,14.9,2100.0
2026-02-08T10:15:50.932314,8.2,14.9,2100.0
2026-02-08T10:15:51.433445,6.3,14.9,2100.0
2026-02-08T10:15:51.935609,5.0,14.9,2100.0
2026-02-08T10:15:52.436301,11.7,14.9,2100.0
2026-02-08T10:15:52.937067,6.0,14.9,2100.0
2026-02-08T10:15:53.437831,10.8,14.9,2100.0
2026-02-08T10:15:53.938444,4.8,14.9,2100.0
2026-02-08T10:15:54.439111,9.9,14.9,2100.0
2026-02-08T10:15:54.940142,4.9,14.9,2100.0
2026-02-08T10:15:55.440965,8.1,14.9,2100.0
2026-02-08T10:15:55.942095,8.8,14.9,2100.0
2026-02-08T10:15:56.443414,6.9,14.9,2100.0
2026-02-08T10:15:56.943943,5.9,14.9,2100.0
2026-02-08T10:15:57.444673,10.1,14.9,2100.0
2026-02-08T10:15:57.945018,4.1,14.9,2100.0
2026-02-08T10:15:58.445905,8.1,14.9,2100.0
2026-02-08T10:15:58.946457,5.9,14.9,2100.0
2026-02-08T10:15:59.447299,12.8,14.9,2100.0
2026-02-08T10:15:59.948336,5.1,14.9,2100.0
2026-02-08T10:16:00.449215,14.3,14.9,2100.0
2026-02-08T10:16:00.949918,6.9,14.9,2100.0
2026-02-08T10:16:01.451709,8.7,14.9,2100.0
2026-02-08T10:16:01.952527,6.8,14.9,2100.0
2026-02-08T10:16:02.453110,14.2,14.9,2100.0
2026-02-08T10:16:02.954004,6.1,14.9,2100.0
2026-02-08T10:16:03.455519,11.0,14.9,2100.0
2026-02-08T10:16:03.956287,5.2,14.9,2100.0
2026-02-08T10:16:04.456783,10.4,14.9,2100.0
2026-02-08T10:16:04.957601,6.6,14.9,2100.0
2026-02-08T10:16:05.458145,10.7,14.9,2100.0
2026-02-08T10:16:05.958985,5.8,14.9,2100.0
2026-02-08T10:16:06.459707,8.2,14.9,2100.0
2026-02-08T10:16:06.960086,6.1,14.9,2100.0
2026-02-08T10:16:07.460674,14.9,14.9,2100.0
2026-02-08T10:16:07.961307,7.1,14.9,2100.0
2026-02-08T10:16:08.461827,8.8,14.9,2100.0
2026-02-08T10:16:08.962541,7.5,14.9,2100.0
2026-02-08T10:16:09.463375,11.4,14.9,2100.0
2026-02-08T10:16:09.963777,5.3,14.9,2100.0
2026-02-08T10:16:10.464327,7.9,14.9,2100.0
2026-02-08T10:16:10.964721,6.7,14.9,2100.0
2026-02-08T10:16:11.465172,7.7,14.9,2100.0
2026-02-08T10:16:11.965766,6.4,14.9,2100.0
2026-02-08T10:16:12.466315,12.5,14.9,2100.0
2026-02-08T10:16:12.967153,5.2,14.9,2100.0
2026-02-08T10:16:13.467810,10.1,14.9,2100.0
2026-02-08T10:16:13.968274,7.0,14.9,2100.0
2026-02-08T10:16:14.469057,8.7,14.9,2100.0
2026-02-08T10:16:14.969844,5.0,14.9,2100.0
2026-02-08T10:16:15.471938,9.8,14.9,2100.0
2026-02-08T10:16:15.972537,6.9,14.9,2100.0
2026-02-08T10:16:16.473249,6.5,14.9,2100.0
2026-02-08T10:16:16.974375,5.3,14.9,2100.0
2026-02-08T10:16:17.474856,7.1,14.9,2100.0
2026-02-08T10:16:17.975786,4.7,14.9,2100.0
2026-02-08T10:16:18.476695,14.6,14.9,2100.0
2026-02-08T10:16:18.977470,11.6,14.9,2100.0
2026-02-08T10:16:19.478343,9.2,14.9,2100.0
2026-02-08T10:16:19.979330,5.4,14.9,2100.0
2026-02-08T10:16:20.480070,6.5,14.9,2100.0
2026-02-08T10:16:20.980815,8.7,14.9,2100.0
2026-02-08T10:16:21.481268,9.5,14.9,2100.0
2026-02-08T10:16:21.981924,6.7,14.9,2100.0
2026-02-08T10:16:22.483289,10.1,14.9,2100.0
2026-02-08T10:16:22.984192,6.6,14.9,2100.0
2026-02-08T10:16:23.486141,8.4,14.9,2100.0
2026-02-08T10:16:23.986919,9.8,14.9,2100.0
2026-02-08T10:16:24.487691,10.2,14.9,2100.0
2026-02-08T10:16:24.988660,7.2,14.9,2100.0
2026-02-08T10:16:25.489652,7.8,14.9,2100.0
2026-02-08T10:16:25.990386,6.6,14.9,2100.0
2026-02-08T10:16:26.491134,11.2,14.9,2100.0
2026-02-08T10:16:26.991583,7.3,14.9,2100.0
2026-02-08T10:16:27.491979,6.9,14.9,2100.0
2026-02-08T10:16:27.992737,6.4,14.9,2100.0
2026-02-08T10:16:28.493529,8.5,14.9,2100.0
2026-02-08T10:16:28.994158,7.7,14.9,2100.0
2026-02-08T10:16:29.494743,12.2,14.9,2100.0
2026-02-08T10:16:29.995715,4.2,14.9,2100.0
2026-02-08T10:16:30.496422,10.8,14.9,2100.0
2026-02-08T10:16:30.997325,8.1,14.9,2100.0
2026-02-08T10:16:31.498110,6.7,14.9,2100.0
2026-02-08T10:16:31.999274,7.6,14.9,2100.0
2026-02-08T10:16:32.500760,5.4,14.9,2100.0
2026-02-08T10:16:33.001342,6.5,14.9,2100.0
2026-02-08T10:16:33.502114,10.6,14.9,2100.0
2026-02-08T10:16:34.004600,8.2,14.9,2100.0
2026-02-08T10:16:34.505160,9.2,14.9,2100.0
2026-02-08T10:16:35.006416,9.3,14.9,2100.0
2026-02-08T10:16:35.506976,10.6,14.9,2100.0
2026-02-08T10:16:36.007363,4.2,14.9,2100.0
2026-02-08T10:16:36.507941,6.6,14.9,2100.0
2026-02-08T10:16:37.008756,9.5,14.9,2100.0
2026-02-08T10:16:37.509166,22.1,14.9,2100.0
2026-02-08T10:16:38.009647,6.6,14.9,2100.0
2026-02-08T10:16:38.510291,7.4,14.9,2100.0
2026-02-08T10:16:39.011107,13.9,14.9,2100.0
2026-02-08T10:16:39.511631,17.4,14.9,2100.0
2026-02-08T10:16:40.012339,5.8,14.9,2100.0
2026-02-08T10:16:40.513042,8.8,14.9,2100.0
2026-02-08T10:16:41.013767,6.3,14.9,2100.0
2026-02-08T10:16:41.514528,6.7,14.9,2100.0
2026-02-08T10:16:42.015618,6.2,14.9,2100.0
2026-02-08T10:16:42.516466,11.4,14.9,2100.0
2026-02-08T10:16:43.018669,6.6,14.9,2100.0
2026-02-08T10:16:43.521168,10.2,14.9,2100.0
2026-02-08T10:16:44.021894,5.8,14.9,2100.0
2026-02-08T10:16:44.522681,9.1,14.9,2100.0
2026-02-08T10:16:45.023426,8.6,14.9,2100.0
2026-02-08T10:16:45.524261,10.8,14.9,2100.0
2026-02-08T10:16:46.024968,5.7,14.9,2100.0
2026-02-08T10:16:46.525524,6.5,14.9,2100.0
2026-02-08T10:16:47.026106,9.2,14.9,2100.0
2026-02-08T10:16:47.526526,16.1,14.9,2100.0
2026-02-08T10:16:48.027245,6.9,14.9,2100.0
2026-02-08T10:16:48.527808,12.2,14.9,2100.0
2026-02-08T10:16:49.029064,7.4,14.9,2100.0
2026-02-08T10:16:49.529613,8.1,14.9,2100.0
2026-02-08T10:16:50.030477,6.6,14.9,2100.0
2026-02-08T10:16:50.531370,11.8,14.9,2100.0
2026-02-08T10:16:51.032191,5.2,14.9,2100.0
2026-02-08T10:16:51.532834,8.9,14.9,2100.0
2026-02-08T10:16:52.033829,11.3,14.9,2100.0
2026-02-08T10:16:52.534957,8.9,14.9,2100.0
2026-02-08T10:16:53.035756,5.4,14.9,2100.0
2026-02-08T10:16:53.536755,10.5,14.9,2100.0
2026-02-08T10:16:54.037634,4.6,14.9,2100.0
2026-02-08T10:16:54.538058,11.4,14.9,2100.0
2026-02-08T10:16:55.039941,11.0,14.9,2100.0
2026-02-08T10:16:55.540509,7.5,14.9,2100.0
2026-02-08T10:16:56.041136,5.6,14.9,2100.0
2026-02-08T10:16:56.541576,6.2,14.9,2100.0
2026-02-08T10:16:57.042113,10.4,14.9,2100.0
2026-02-08T10:16:57.542682,8.7,14.9,2100.0
2026-02-08T10:16:58.043239,4.6,14.9,2100.0
2026-02-08T10:16:58.543864,11.4,14.9,2100.0
2026-02-08T10:16:59.044666,8.3,14.9,2100.0
2026-02-08T10:16:59.545324,6.5,14.9,2100.0
2026-02-08T10:17:00.045883,4.5,14.9,2100.0
2026-02-08T10:17:00.546722,7.5,14.9,2100.0
2026-02-08T10:17:01.048401,6.1,14.9,2100.0
2026-02-08T10:17:01.550013,9.9,14.9,2100.0
2026-02-08T10:17:02.050959,11.8,14.9,2100.0
2026-02-08T10:17:02.551625,12.7,14.9,2100.0
2026-02-08T10:17:03.052101,5.6,14.9,2100.0
2026-02-08T10:17:03.552644,7.3,14.9,2100.0
2026-02-08T10:17:04.053123,5.5,14.9,2100.0
2026-02-08T10:17:04.553906,8.1,14.9,2100.0
2026-02-08T10:17:05.054737,6.2,14.9,2100.0
2026-02-08T10:17:05.555534,6.3,14.9,2100.0
2026-02-08T10:17:06.056091,7.3,14.9,2100.0
2026-02-08T10:17:06.556743,8.4,14.9,2100.0
2026-02-08T10:17:07.057639,6.2,14.9,2100.0
2026-02-08T10:17:07.558095,8.0,14.9,2100.0
2026-02-08T10:17:08.058945,7.4,14.9,2100.0
2026-02-08T10:17:08.559467,8.7,14.9,2100.0
2026-02-08T10:17:09.059887,8.6,14.9,2100.0
2026-02-08T10:17:09.560442,7.9,14.9,2100.0
2026-02-08T10:17:10.060951,11.5,14.9,2100.0
2026-02-08T10:17:10.561589,6.8,14.9,2100.0
2026-02-08T10:17:11.062313,6.9,14.9,2100.0
2026-02-08T10:17:11.563108,6.3,14.9,2100.0
2026-02-08T10:17:12.064172,10.5,14.9,2100.0
2026-02-08T10:17:12.564768,9.7,14.9,2100.0
2026-02-08T10:17:13.065326,6.3,14.9,2100.0
2026-02-08T10:17:13.565959,8.9,14.9,2100.0
2026-02-08T10:17:14.067325,11.2,14.9,2100.0
2026-02-08T10:17:14.567762,8.0,14.9,2100.0
2026-02-08T10:17:15.068468,7.8,14.9,2100.0
2026-02-08T10:17:15.569078,9.3,14.9,2100.0
2026-02-08T10:17:16.069759,4.2,14.9,2100.0
2026-02-08T10:17:16.571333,9.9,14.9,2100.0
2026-02-08T10:17:17.071726,5.8,14.9,2100.0
2026-02-08T10:17:17.572219,13.6,14.9,2100.0
2026-02-08T10:17:18.073047,4.5,14.9,2100.0
2026-02-08T10:17:18.573392,11.0,14.9,2100.0
2026-02-08T10:17:19.073813,4.1,14.9,2100.0
2026-02-08T10:17:19.578582,13.6,14.9,2100.0
2026-02-08T10:17:20.079163,4.6,14.9,2100.0
2026-02-08T10:17:20.580453,10.0,14.9,2100.0
2026-02-08T10:17:21.081394,4.5,14.9,2100.0
2026-02-08T10:17:21.582325,14.9,14.9,2100.0
2026-02-08T10:17:22.082840,7.8,14.9,2100.0
2026-02-08T10:17:22.583671,11.2,14.9,2100.0
2026-02-08T10:17:23.084205,5.1,14.9,2100.0
2026-02-08T10:17:23.584975,7.9,14.9,2100.0
2026-02-08T10:17:24.086317,4.7,14.9,2100.0
2026-02-08T10:17:24.586973,5.4,14.9,2100.0
2026-02-08T10:17:25.087370,10.5,14.9,2100.0
2026-02-08T10:17:25.588261,9.1,14.9,2100.0
2026-02-08T10:17:26.088978,5.6,14.9,2100.0
2026-02-08T10:17:26.589863,5.9,14.9,2100.0
2026-02-08T10:17:27.090539,7.0,14.9,2100.0
2026-02-08T10:17:27.590970,9.8,14.9,2100.0
2026-02-08T10:17:28.091804,7.4,14.9,2100.0
2026-02-08T10:17:28.592669,14.6,14.9,2100.0
2026-02-08T10:17:29.093332,6.0,14.8,2100.0
2026-02-08T10:17:29.593762,9.2,14.8,2100.0
2026-02-08T10:17:30.094573,5.7,14.8,2100.0
2026-02-08T10:17:30.595463,11.2,14.8,2100.0
2026-02-08T10:17:31.096882,7.5,14.8,2100.0
2026-02-08T10:17:31.597478,10.2,14.8,2100.0
2026-02-08T10:17:32.098720,7.6,14.8,2100.0
2026-02-08T10:17:32.599952,9.6,14.8,2100.0
2026-02-08T10:17:33.100489,10.0,14.8,2100.0
2026-02-08T10:17:33.601466,8.9,14.8,2100.0
2026-02-08T10:17:34.101969,5.0,14.8,2100.0
2026-02-08T10:17:34.603314,10.8,14.9,2100.0
2026-02-08T10:17:35.104148,5.4,14.9,2100.0
2026-02-08T10:17:35.605031,13.9,14.9,2100.0
2026-02-08T10:17:36.105845,6.6,14.9,2100.0
2026-02-08T10:17:36.606393,5.4,14.9,2100.0
2026-02-08T10:17:37.107360,8.2,14.9,2100.0
2026-02-08T10:17:37.608161,10.7,14.9,2100.0
2026-02-08T10:17:38.108849,7.5,14.9,2100.0
2026-02-08T10:17:38.609927,8.1,14.9,2100.0
2026-02-08T10:17:39.110812,7.8,14.9,2100.0
2026-02-08T10:17:39.611547,8.3,14.9,2100.0
2026-02-08T10:17:40.112844,7.4,14.8,2100.0
2026-02-08T10:17:40.613431,7.3,14.8,2100.0
2026-02-08T10:17:41.116305,5.0,14.8,2100.0
2026-02-08T10:17:41.617103,7.5,14.8,2100.0
2026-02-08T10:17:42.117756,5.6,14.8,2100.0
2026-02-08T10:17:42.618555,8.1,14.8,2100.0
2026-02-08T10:17:43.119058,5.6,14.8,2100.0
2026-02-08T10:17:43.619912,8.6,14.8,2100.0
2026-02-08T10:17:44.120693,7.8,14.8,2100.0
2026-02-08T10:17:44.621453,7.6,14.8,2100.0
2026-02-08T10:17:45.122542,6.7,14.8,2100.0
2026-02-08T10:17:45.623184,10.0,14.8,2100.0
2026-02-08T10:17:46.124482,6.3,14.8,2100.0
2026-02-08T10:17:46.625389,11.4,14.8,2100.0
2026-02-08T10:17:47.126517,6.6,14.8,2100.0
2026-02-08T10:17:47.627133,8.2,14.8,2100.0
2026-02-08T10:17:48.127833,4.7,14.9,2100.0
2026-02-08T10:17:48.629130,9.4,14.9,2100.0
2026-02-08T10:17:49.130052,7.2,14.9,2100.0
2026-02-08T10:17:49.630986,8.3,14.9,2100.0
2026-02-08T10:17:50.132164,6.5,14.9,2100.0
2026-02-08T10:17:50.632741,6.7,14.9,2100.0
2026-02-08T10:17:51.133230,8.1,14.9,2100.0
2026-02-08T10:17:51.633776,11.4,14.9,2100.0
2026-02-08T10:17:52.134815,9.4,14.9,2100.0
2026-02-08T10:17:52.635739,7.1,14.9,2100.0
2026-02-08T10:17:53.136322,7.4,14.9,2100.0
2026-02-08T10:17:53.637166,9.2,14.9,2100.0
2026-02-08T10:17:54.137836,8.5,14.9,2100.0
2026-02-08T10:17:54.638317,8.2,14.9,2100.0
2026-02-08T10:17:55.139023,8.6,14.9,2100.0
2026-02-08T10:17:55.639766,7.5,14.9,2100.0
2026-02-08T10:17:56.140197,6.8,14.9,2100.0
2026-02-08T10:17:56.641080,5.4,14.8,2100.0
2026-02-08T10:17:57.141525,8.9,14.9,2100.0
2026-02-08T10:17:57.641934,9.7,14.9,2100.0
2026-02-08T10:17:58.142363,6.9,14.9,2100.0
2026-02-08T10:17:58.642914,5.9,14.9,2100.0
2026-02-08T10:17:59.143453,9.3,14.9,2100.0
2026-02-08T10:17:59.644932,7.9,14.9,2100.0
2026-02-08T10:18:00.145560,6.3,14.9,2100.0
2026-02-08T10:18:00.646920,6.8,14.9,2100.0
2026-02-08T10:18:01.147675,6.6,14.9,2100.0
2026-02-08T10:18:01.648316,5.6,14.9,2100.0
2026-02-08T10:18:02.148826,10.9,14.9,2100.0
2026-02-08T10:18:02.649298,6.6,14.9,2100.0
2026-02-08T10:18:03.150212,5.6,14.8,2100.0
2026-02-08T10:18:03.650703,9.9,14.8,2100.0
2026-02-08T10:18:04.151353,6.7,14.8,2100.0
2026-02-08T10:18:04.652188,8.7,14.8,2100.0
2026-02-08T10:18:05.152800,5.7,14.8,2100.0
2026-02-08T10:18:05.653522,6.8,14.8,2100.0
2026-02-08T10:18:06.154443,7.7,14.8,2100.0
2026-02-08T10:18:06.655148,5.9,14.8,2100.0
2026-02-08T10:18:07.155785,9.5,14.9,2100.0
2026-02-08T10:18:07.656610,10.2,14.9,2100.0
2026-02-08T10:18:08.157488,4.8,14.9,2100.0
2026-02-08T10:18:08.658439,5.9,14.9,2100.0
2026-02-08T10:18:09.159104,7.5,14.9,2100.0
2026-02-08T10:18:09.659925,6.5,14.9,2100.0
2026-02-08T10:18:10.160748,9.3,14.9,2100.0
2026-02-08T10:18:10.661766,8.0,14.9,2100.0
2026-02-08T10:18:11.162223,5.2,14.9,2100.0
2026-02-08T10:18:11.662864,8.1,14.9,2100.0
2026-02-08T10:18:12.163901,4.8,14.9,2100.0
2026-02-08T10:18:12.665354,13.3,14.9,2100.0
2026-02-08T10:18:13.166236,6.0,14.9,2100.0
2026-02-08T10:18:13.666957,10.5,14.9,2100.0
2026-02-08T10:18:14.167884,6.9,14.9,2100.0
2026-02-08T10:18:14.668737,9.4,14.9,2100.0
2026-02-08T10:18:15.169312,8.0,14.9,2100.0
2026-02-08T10:18:15.708135,15.6,14.9,2100.0
2026-02-08T10:18:16.208584,6.2,14.9,2100.0
2026-02-08T10:18:16.709144,9.9,14.9,2100.0
2026-02-08T10:18:17.209997,6.7,14.9,2100.0
2026-02-08T10:18:17.711007,10.6,14.9,2100.0
2026-02-08T10:18:18.212191,6.9,14.9,2100.0
2026-02-08T10:18:18.712651,18.4,14.9,2100.0
2026-02-08T10:18:19.213162,5.2,14.9,2100.0
2026-02-08T10:18:19.714051,6.8,14.9,2100.0
2026-02-08T10:18:20.214576,8.4,14.9,2100.0
2026-02-08T10:18:20.715613,9.0,14.9,2100.0
2026-02-08T10:18:21.216208,4.9,14.9,2100.0
2026-02-08T10:18:21.717131,7.7,14.9,2100.0
2026-02-08T10:18:22.218185,6.0,14.9,2100.0
2026-02-08T10:18:22.718786,9.5,14.9,2100.0
2026-02-08T10:18:23.219228,5.6,14.9,2100.0
2026-02-08T10:18:23.720072,12.5,14.9,2100.0
2026-02-08T10:18:24.220547,4.8,14.9,2100.0
2026-02-08T10:18:24.721542,11.1,14.9,2100.0
2026-02-08T10:18:25.222160,4.1,14.9,2100.0
2026-02-08T10:18:25.723151,7.5,14.9,2100.0
2026-02-08T10:18:26.223637,3.6,14.9,2100.0
2026-02-08T10:18:26.724948,9.8,14.8,2100.0
2026-02-08T10:18:27.225386,6.6,14.8,2100.0
2026-02-08T10:18:27.726040,10.5,14.8,2100.0
2026-02-08T10:18:28.227227,4.2,14.8,2100.0
2026-02-08T10:18:28.728265,8.0,14.8,2100.0
2026-02-08T10:18:29.229255,5.3,14.8,2100.0
2026-02-08T10:18:29.730520,8.9,14.8,2100.0
2026-02-08T10:18:30.231244,8.4,14.8,2100.0
2026-02-08T10:18:30.733611,7.6,14.8,2100.0
2026-02-08T10:18:31.234467,4.7,14.8,2100.0
2026-02-08T10:18:31.735217,7.0,14.8,2100.0
2026-02-08T10:18:32.235887,5.5,14.8,2100.0
2026-02-08T10:18:32.736241,7.9,14.8,2100.0
2026-02-08T10:18:33.237039,8.2,14.8,2100.0
2026-02-08T10:18:33.738001,11.7,14.8,2100.0
2026-02-08T10:18:34.238505,7.0,14.8,2100.0
2026-02-08T10:18:34.739368,10.6,14.8,2100.0
2026-02-08T10:18:35.240272,6.6,14.8,2100.0
2026-02-08T10:18:35.740776,6.7,14.8,2100.0
2026-02-08T10:18:36.241498,6.7,14.8,2100.0
2026-02-08T10:18:36.742303,7.9,14.8,2100.0
2026-02-08T10:18:37.244903,7.2,14.8,2100.0
2026-02-08T10:18:37.745731,6.6,14.8,2100.0
2026-02-08T10:18:38.246241,7.8,14.8,2100.0
2026-02-08T10:18:38.746883,8.1,14.9,2100.0
2026-02-08T10:18:39.247810,10.3,14.8,2100.0
2026-02-08T10:18:39.748815,7.1,14.8,2100.0
2026-02-08T10:18:40.249266,8.7,14.9,2100.0
2026-02-08T10:18:40.750670,6.0,14.9,2100.0
2026-02-08T10:18:41.251674,8.9,14.9,2100.0
2026-02-08T10:18:41.752276,9.4,14.9,2100.0
2026-02-08T10:18:42.253222,8.0,14.9,2100.0
2026-02-08T10:18:42.753669,7.2,14.9,2100.0
2026-02-08T10:18:43.254528,5.8,14.9,2100.0
2026-02-08T10:18:43.755435,7.1,14.9,2100.0
2026-02-08T10:18:44.256397,7.6,14.9,2100.0
2026-02-08T10:18:44.759218,7.6,14.9,2100.0
2026-02-08T10:18:45.259860,8.4,14.9,2100.0
2026-02-08T10:18:45.760689,7.7,14.9,2100.0
2026-02-08T10:18:46.261576,4.8,14.9,2100.0
2026-02-08T10:18:46.762459,6.3,14.9,2100.0
2026-02-08T10:18:47.263063,7.2,14.9,2100.0
2026-02-08T10:18:47.763758,8.1,14.9,2100.0
2026-02-08T10:18:48.264435,7.8,14.9,2100.0
2026-02-08T10:18:48.766234,4.8,14.9,2100.0
2026-02-08T10:18:49.267812,5.9,14.9,2100.0
2026-02-08T10:18:49.768587,3.8,14.9,2100.0
2026-02-08T10:18:50.269335,11.0,14.9,2100.0
2026-02-08T10:18:50.770450,6.8,14.9,2100.0
2026-02-08T10:18:51.271468,4.5,14.9,2100.0
2026-02-08T10:18:51.772075,7.2,14.9,2100.0
2026-02-08T10:18:52.272797,7.7,14.9,2100.0
2026-02-08T10:18:52.773905,7.2,14.9,2100.0
2026-02-08T10:18:53.274765,11.2,14.9,2100.0
2026-02-08T10:18:53.775928,6.4,14.9,2100.0
2026-02-08T10:18:54.276408,8.1,14.9,2100.0
2026-02-08T10:18:54.776954,13.5,14.9,2100.0
2026-02-08T10:18:55.277755,7.2,14.9,2100.0
2026-02-08T10:18:55.778224,7.5,14.9,2100.0
2026-02-08T10:18:56.278791,7.3,14.9,2100.0
2026-02-08T10:18:56.779284,6.5,14.9,2100.0
2026-02-08T10:18:57.280476,7.0,14.9,2100.0
2026-02-08T10:18:57.780979,15.6,14.9,2100.0
2026-02-08T10:18:58.281845,4.8,14.9,2100.0
2026-02-08T10:18:58.783957,10.4,14.8,2100.0
2026-02-08T10:18:59.284326,5.9,14.8,2100.0
2026-02-08T10:18:59.784760,7.8,14.8,2100.0
2026-02-08T10:19:00.285784,7.1,14.8,2100.0
2026-02-08T10:19:00.786403,11.0,14.8,2100.0
2026-02-08T10:19:01.287080,6.4,14.8,2100.0
2026-02-08T10:19:01.787979,7.2,14.8,2100.0
2026-02-08T10:19:02.288370,5.8,14.9,2100.0
2026-02-08T10:19:02.789282,11.4,14.9,2100.0
2026-02-08T10:19:03.290155,6.4,14.9,2100.0
2026-02-08T10:19:03.791030,7.6,14.9,2100.0
2026-02-08T10:19:04.292363,6.6,14.9,2100.0
2026-02-08T10:19:04.792975,11.4,14.9,2100.0
2026-02-08T10:19:05.294006,5.2,14.9,2100.0
2026-02-08T10:19:05.795087,9.7,14.9,2100.0
2026-02-08T10:19:06.295852,9.0,14.9,2100.0
2026-02-08T10:19:06.796465,7.5,14.9,2100.0
2026-02-08T10:19:07.297471,4.5,14.9,2100.0
2026-02-08T10:19:07.798321,10.1,14.9,2100.0
2026-02-08T10:19:08.298879,8.7,14.9,2100.0
2026-02-08T10:19:08.799703,7.4,14.9,2100.0
2026-02-08T10:19:09.300400,5.1,14.9,2100.0
2026-02-08T10:19:09.801262,9.2,14.9,2100.0
2026-02-08T10:19:10.301970,5.6,14.9,2100.0
2026-02-08T10:19:10.802620,8.3,14.9,2100.0
2026-02-08T10:19:11.303377,4.6,14.9,2100.0
2026-02-08T10:19:11.804864,7.4,14.9,2100.0
2026-02-08T10:19:12.305605,5.4,14.9,2100.0
2026-02-08T10:19:12.806010,7.1,14.9,2100.0
2026-02-08T10:19:13.306505,4.8,14.9,2100.0
2026-02-08T10:19:13.807362,7.5,14.9,2100.0
2026-02-08T10:19:14.309304,5.6,14.9,2100.0
2026-02-08T10:19:14.810441,9.8,14.9,2100.0
2026-02-08T10:19:15.311136,5.1,14.9,2100.0
2026-02-08T10:19:15.812995,10.9,14.9,2100.0
2026-02-08T10:19:16.313632,13.1,14.9,2100.0
2026-02-08T10:19:16.815440,9.5,14.9,2100.0
2026-02-08T10:19:17.316272,5.5,14.9,2100.0
2026-02-08T10:19:17.816651,16.8,14.9,2100.0
2026-02-08T10:19:18.317447,7.8,14.9,2100.0
2026-02-08T10:19:18.818159,7.4,14.9,2100.0
2026-02-08T10:19:19.318610,8.1,14.9,2100.0
2026-02-08T10:19:19.819395,6.3,14.9,2100.0
2026-02-08T10:19:20.320255,8.7,14.9,2100.0
2026-02-08T10:19:20.820863,10.0,14.9,2100.0
2026-02-08T10:19:21.321386,7.7,14.9,2100.0
2026-02-08T10:19:21.821789,6.2,14.9,2100.0
2026-02-08T10:19:22.322608,7.4,14.9,2100.0
2026-02-08T10:19:22.823455,11.6,14.9,2100.0
2026-02-08T10:19:23.325877,9.7,14.9,2100.0
2026-02-08T10:19:23.826539,7.6,14.9,2100.0
2026-02-08T10:19:24.327566,5.3,14.9,2100.0
2026-02-08T10:19:24.827985,10.1,14.9,2100.0
2026-02-08T10:19:25.329034,7.0,14.9,2100.0
2026-02-08T10:19:25.829984,7.3,14.9,2100.0
2026-02-08T10:19:26.330811,7.8,14.9,2100.0
2026-02-08T10:19:26.831290,6.3,14.9,2100.0
2026-02-08T10:19:27.331767,5.5,14.9,2100.0
2026-02-08T10:19:27.832601,6.9,14.9,2100.0
2026-02-08T10:19:28.333208,5.9,14.9,2100.0
2026-02-08T10:19:28.834072,12.1,14.9,2100.0
2026-02-08T10:19:29.334656,12.1,14.8,2100.0
2026-02-08T10:19:29.835721,8.7,14.8,2100.0
2026-02-08T10:19:30.336101,10.1,14.8,2100.0
2026-02-08T10:19:30.837428,6.5,14.8,2100.0
2026-02-08T10:19:31.338115,6.8,14.8,2100.0
2026-02-08T10:19:31.838621,5.0,14.8,2100.0
2026-02-08T10:19:32.339403,6.1,14.8,2100.0
2026-02-08T10:19:32.840043,6.7,14.8,2100.0
2026-02-08T10:19:33.341182,3.6,14.8,2100.0
2026-02-08T10:19:33.842544,7.1,14.8,2100.0
2026-02-08T10:19:34.343008,8.6,14.8,2100.0
2026-02-08T10:19:34.843826,5.4,14.9,2100.0
2026-02-08T10:19:35.344874,7.7,14.9,2100.0
2026-02-08T10:19:35.845482,6.3,14.9,2100.0
2026-02-08T10:19:36.346525,9.4,14.8,2100.0
2026-02-08T10:19:36.848034,9.3,14.9,2100.0
2026-02-08T10:19:37.348727,5.3,14.9,2100.0
2026-02-08T10:19:37.849526,9.6,14.9,2100.0
2026-02-08T10:19:38.350061,9.2,14.9,2100.0
2026-02-08T10:19:38.850614,9.4,14.8,2100.0
2026-02-08T10:19:39.351529,8.7,14.8,2100.0
2026-02-08T10:19:39.852428,10.1,14.8,2100.0
2026-02-08T10:19:40.352990,6.7,14.9,2100.0
2026-02-08T10:19:40.853459,9.7,14.9,2100.0
2026-02-08T10:19:41.354118,7.9,14.8,2100.0
2026-02-08T10:19:41.854935,6.5,14.8,2100.0
2026-02-08T10:19:42.355702,7.9,14.9,2100.0
2026-02-08T10:19:42.857536,14.4,14.9,2100.0
2026-02-08T10:19:43.359368,6.2,14.9,2100.0
2026-02-08T10:19:43.860527,12.0,14.9,2100.0
2026-02-08T10:19:44.361104,5.7,14.9,2100.0
2026-02-08T10:19:44.861674,11.2,14.9,2100.0
2026-02-08T10:19:45.362425,9.5,14.9,2100.0
2026-02-08T10:19:45.862953,9.3,14.9,2100.0
2026-02-08T10:19:46.363461,6.4,14.9,2100.0
2026-02-08T10:19:46.864217,9.0,14.9,2100.0
2026-02-08T10:19:47.364715,5.7,14.9,2100.0
2026-02-08T10:19:47.865391,10.2,14.9,2100.0
2026-02-08T10:19:48.365832,5.7,14.9,2100.0
2026-02-08T10:19:48.866392,14.3,14.9,2100.0
2026-02-08T10:19:49.366818,6.6,14.9,2100.0
2026-02-08T10:19:49.867228,7.0,14.9,2100.0
2026-02-08T10:19:50.368024,5.9,14.9,2100.0
2026-02-08T10:19:50.868772,16.2,14.9,2100.0
2026-02-08T10:19:51.369492,3.7,14.9,2100.0
2026-02-08T10:19:51.870382,6.7,14.9,2100.0
2026-02-08T10:19:52.370937,6.4,14.9,2100.0
2026-02-08T10:19:52.871391,12.8,14.9,2100.0
2026-02-08T10:19:53.372120,6.4,14.9,2100.0
2026-02-08T10:19:53.873225,7.5,14.9,2100.0
2026-02-08T10:19:54.374105,5.7,14.9,2100.0
2026-02-08T10:19:54.874820,10.6,14.9,2100.0
2026-02-08T10:19:55.375870,6.1,14.9,2100.0
2026-02-08T10:19:55.877049,10.9,14.9,2100.0
2026-02-08T10:19:56.377756,4.5,14.8,2100.0
2026-02-08T10:19:56.878603,5.9,14.8,2100.0
2026-02-08T10:19:57.380258,6.2,14.8,2100.0
2026-02-08T10:19:57.880866,8.1,14.9,2100.0
2026-02-08T10:19:58.381670,8.1,14.8,2100.0
2026-02-08T10:19:58.882340,12.4,14.8,2100.0
2026-02-08T10:19:59.382709,5.7,14.8,2100.0
2026-02-08T10:19:59.885310,8.4,14.8,2100.0
2026-02-08T10:20:00.385990,5.6,14.8,2100.0
2026-02-08T10:20:00.886522,8.9,14.8,2100.0
2026-02-08T10:20:01.387245,7.8,14.8,2100.0
2026-02-08T10:20:01.888354,8.5,14.8,2100.0
2026-02-08T10:20:02.389499,6.6,14.8,2100.0
2026-02-08T10:20:02.890515,9.5,14.8,2100.0
2026-02-08T10:20:03.391966,7.5,14.9,2100.0
2026-02-08T10:20:03.892471,9.7,14.9,2100.0
2026-02-08T10:20:04.393397,8.4,14.9,2100.0
2026-02-08T10:20:04.894440,8.5,14.9,2100.0
2026-02-08T10:20:05.395189,9.3,14.9,2100.0
2026-02-08T10:20:05.895809,7.1,14.9,2100.0
2026-02-08T10:20:06.396667,8.0,14.9,2100.0
2026-02-08T10:20:06.897733,7.1,14.9,2100.0
2026-02-08T10:20:07.398578,6.3,14.9,2100.0
2026-02-08T10:20:07.899277,8.4,14.9,2100.0
2026-02-08T10:20:08.400106,5.3,14.9,2100.0
2026-02-08T10:20:08.900600,6.3,14.9,2100.0
2026-02-08T10:20:09.401277,10.5,14.9,2100.0
2026-02-08T10:20:09.901903,8.2,14.9,2100.0
2026-02-08T10:20:10.402684,5.3,14.9,2100.0
2026-02-08T10:20:10.903236,7.2,14.9,2100.0
2026-02-08T10:20:11.403669,7.3,14.9,2100.0
2026-02-08T10:20:11.905355,6.9,14.9,2100.0
2026-02-08T10:20:12.409345,5.9,14.9,2100.0
2026-02-08T10:20:12.910120,9.1,14.9,2100.0
2026-02-08T10:20:13.410827,6.9,14.9,2100.0
2026-02-08T10:20:13.914271,8.9,14.9,2100.0
2026-02-08T10:20:14.415088,9.4,14.9,2100.0
2026-02-08T10:20:14.915462,5.9,14.9,2100.0
2026-02-08T10:20:15.416478,10.6,14.9,2100.0
2026-02-08T10:20:15.917568,6.9,14.9,2100.0
2026-02-08T10:20:16.418206,7.4,14.9,2100.0
2026-02-08T10:20:16.918663,3.9,14.9,2100.0
2026-02-08T10:20:17.419444,9.5,14.9,2100.0
2026-02-08T10:20:17.920129,5.3,14.9,2100.0
2026-02-08T10:20:18.420773,6.7,14.9,2100.0
2026-02-08T10:20:18.922643,7.2,14.9,2100.0
2026-02-08T10:20:19.423678,6.3,14.9,2100.0
2026-02-08T10:20:19.924389,7.4,14.9,2100.0
2026-02-08T10:20:20.426720,10.5,14.9,2100.0
2026-02-08T10:20:20.930839,9.4,14.9,2100.0
2026-02-08T10:20:21.432061,7.5,14.9,2100.0
2026-02-08T10:20:21.932711,6.8,14.9,2100.0
2026-02-08T10:20:22.433215,9.3,14.9,2100.0
2026-02-08T10:20:22.933624,7.6,14.9,2100.0
2026-02-08T10:20:23.434014,9.1,14.9,2100.0
2026-02-08T10:20:23.934579,5.6,14.9,2100.0
2026-02-08T10:20:24.435372,8.5,14.9,2100.0
2026-02-08T10:20:24.936235,7.7,14.9,2100.0
2026-02-08T10:20:25.438074,9.1,14.9,2100.0
2026-02-08T10:20:25.939511,8.1,14.9,2100.0
2026-02-08T10:20:26.440503,6.9,14.9,2100.0
2026-02-08T10:20:26.941498,8.2,14.8,2100.0
2026-02-08T10:20:27.442287,8.5,14.8,2100.0
2026-02-08T10:20:27.943162,20.5,14.8,2100.0
2026-02-08T10:20:28.443897,4.3,14.8,2100.0
2026-02-08T10:20:28.944446,6.4,14.8,2100.0
2026-02-08T10:20:29.445018,8.8,14.8,2100.0
2026-02-08T10:20:29.945740,5.0,14.8,2100.0
2026-02-08T10:20:30.446402,11.9,14.8,2100.0
2026-02-08T10:20:30.947315,7.2,14.8,2100.0
2026-02-08T10:20:31.448261,6.2,14.8,2100.0
2026-02-08T10:20:31.949026,6.1,14.8,2100.0
2026-02-08T10:20:32.449832,9.7,14.8,2100.0
2026-02-08T10:20:32.950174,10.7,14.8,2100.0
2026-02-08T10:20:33.450684,5.0,14.8,2100.0
2026-02-08T10:20:33.951173,6.2,14.8,2100.0
2026-02-08T10:20:34.451628,7.3,14.8,2100.0
2026-02-08T10:20:34.952187,7.1,14.8,2100.0
2026-02-08T10:20:35.453040,7.2,14.8,2100.0
2026-02-08T10:20:35.956786,7.0,14.8,2100.0
2026-02-08T10:20:36.458411,8.7,14.8,2100.0
2026-02-08T10:20:36.962720,6.8,14.8,2100.0
2026-02-08T10:20:37.463597,7.8,14.8,2100.0
2026-02-08T10:20:37.964085,5.8,14.8,2100.0
2026-02-08T10:20:38.464709,5.8,14.8,2100.0
2026-02-08T10:20:38.965157,8.7,14.8,2100.0
2026-02-08T10:20:39.465995,6.6,14.8,2100.0
2026-02-08T10:20:39.967022,6.0,14.8,2100.0
2026-02-08T10:20:40.467710,7.1,14.9,2100.0
2026-02-08T10:20:40.968553,5.2,14.9,2100.0
2026-02-08T10:20:41.469255,8.9,14.9,2100.0
2026-02-08T10:20:41.969680,8.4,14.9,2100.0
2026-02-08T10:20:42.470964,8.4,14.9,2100.0
2026-02-08T10:20:42.971774,9.1,14.9,2100.0
2026-02-08T10:20:43.472637,8.2,14.9,2100.0
2026-02-08T10:20:43.973510,8.3,14.9,2100.0
2026-02-08T10:20:44.474899,6.3,14.9,2100.0
2026-02-08T10:20:44.975748,7.9,14.9,2100.0
2026-02-08T10:20:45.476725,8.6,14.9,2100.0
2026-02-08T10:20:45.977688,8.1,14.9,2100.0
2026-02-08T10:20:46.478485,10.5,14.9,2100.0
2026-02-08T10:20:46.979089,9.4,14.9,2100.0
2026-02-08T10:20:47.479623,7.8,14.9,2100.0
2026-02-08T10:20:47.980115,9.0,14.9,2100.0
2026-02-08T10:20:48.480846,6.0,14.9,2100.0
2026-02-08T10:20:48.982746,4.6,14.9,2100.0
2026-02-08T10:20:49.483470,7.8,14.9,2100.0
2026-02-08T10:20:49.984177,6.7,14.9,2100.0
2026-02-08T10:20:50.484608,9.6,14.9,2100.0
2026-02-08T10:20:50.985009,5.3,14.9,2100.0
2026-02-08T10:20:51.485451,9.2,14.9,2100.0
2026-02-08T10:20:51.985767,5.4,14.9,2100.0
2026-02-08T10:20:52.487316,7.3,14.9,2100.0
2026-02-08T10:20:52.988410,8.0,14.9,2100.0
2026-02-08T10:20:53.488879,10.2,14.9,2100.0
2026-02-08T10:20:53.989734,6.9,14.9,2100.0
2026-02-08T10:20:54.490374,8.2,14.9,2100.0
2026-02-08T10:20:54.991135,6.2,14.9,2100.0
2026-02-08T10:20:55.492267,7.1,14.9,2100.0
2026-02-08T10:20:55.992757,8.7,14.9,2100.0
2026-02-08T10:20:56.493733,9.1,14.9,2100.0
2026-02-08T10:20:56.994841,6.6,14.9,2100.0
2026-02-08T10:20:57.496414,6.5,14.8,2100.0
2026-02-08T10:20:57.997267,7.6,14.8,2100.0
2026-02-08T10:20:58.497662,8.5,14.8,2100.0
2026-02-08T10:20:58.998129,6.3,14.8,2100.0
2026-02-08T10:20:59.499064,8.8,14.8,2100.0
2026-02-08T10:21:00.000134,5.0,14.8,2100.0
2026-02-08T10:21:00.500510,6.4,14.8,2100.0
2026-02-08T10:21:01.001068,6.0,14.8,2100.0
2026-02-08T10:21:01.501520,5.8,14.8,2100.0
2026-02-08T10:21:02.002546,7.5,14.8,2100.0
2026-02-08T10:21:02.503394,7.0,14.8,2100.0
2026-02-08T10:21:03.004243,7.0,14.8,2100.0
2026-02-08T10:21:03.505224,6.5,14.8,2100.0
2026-02-08T10:21:04.006744,7.9,14.8,2100.0
2026-02-08T10:21:04.507444,9.4,14.8,2100.0
2026-02-08T10:21:05.009123,4.6,14.8,2100.0
2026-02-08T10:21:05.510642,9.9,14.8,2100.0
2026-02-08T10:21:06.011337,8.4,14.8,2100.0
2026-02-08T10:21:06.511915,8.3,14.8,2100.0
2026-02-08T10:21:07.012464,7.8,14.8,2100.0
2026-02-08T10:21:07.513257,10.1,14.8,2100.0
2026-02-08T10:21:08.014053,10.2,14.9,2100.0
2026-02-08T10:21:08.514702,8.5,14.9,2100.0
2026-02-08T10:21:09.015352,5.7,14.8,2100.0
2026-02-08T10:21:09.515945,10.1,14.9,2100.0
2026-02-08T10:21:10.016725,5.2,14.8,2100.0
2026-02-08T10:21:10.517449,13.4,14.8,2100.0
2026-02-08T10:21:11.018246,5.3,14.8,2100.0
2026-02-08T10:21:11.518880,7.9,14.8,2100.0
2026-02-08T10:21:12.019662,5.9,14.8,2100.0
2026-02-08T10:21:12.520783,10.6,14.8,2100.0
2026-02-08T10:21:13.021669,9.7,14.9,2100.0
2026-02-08T10:21:13.522391,8.3,14.9,2100.0
2026-02-08T10:21:14.022802,7.3,14.9,2100.0
2026-02-08T10:21:14.523488,8.0,14.9,2100.0
2026-02-08T10:21:15.024321,7.3,14.9,2100.0
2026-02-08T10:21:15.525062,10.3,14.9,2100.0
2026-02-08T10:21:16.025616,5.7,14.9,2100.0
2026-02-08T10:21:16.527356,5.2,14.9,2100.0
2026-02-08T10:21:17.027753,6.5,14.9,2100.0
2026-02-08T10:21:17.528271,8.6,14.9,2100.0
2026-02-08T10:21:18.028829,4.6,14.9,2100.0
2026-02-08T10:21:18.529326,7.2,14.9,2100.0
2026-02-08T10:21:19.030030,8.6,14.9,2100.0
2026-02-08T10:21:19.530728,6.9,14.9,2100.0
2026-02-08T10:21:20.031378,5.7,14.9,2100.0
2026-02-08T10:21:20.532269,10.3,14.9,2100.0
2026-02-08T10:21:21.033049,9.8,14.9,2100.0
2026-02-08T10:21:21.550301,6.4,14.9,2100.0
2026-02-08T10:21:22.050927,5.6,14.9,2100.0
2026-02-08T10:21:22.551693,7.0,14.9,2100.0
2026-02-08T10:21:23.052646,7.3,14.9,2100.0
2026-02-08T10:21:23.553238,11.2,14.9,2100.0
2026-02-08T10:21:24.053868,7.6,14.9,2100.0
2026-02-08T10:21:24.554526,5.0,14.9,2100.0
2026-02-08T10:21:25.055116,10.1,14.9,2100.0
2026-02-08T10:21:25.556669,7.7,14.9,2100.0
2026-02-08T10:21:26.057187,6.6,14.9,2100.0
2026-02-08T10:21:26.557902,7.7,14.9,2100.0
2026-02-08T10:21:27.058529,7.8,14.9,2100.0
2026-02-08T10:21:27.559305,9.5,14.9,2100.0
2026-02-08T10:21:28.060055,9.4,14.9,2100.0
2026-02-08T10:21:28.560889,8.2,14.9,2100.0
2026-02-08T10:21:29.061759,5.3,14.8,2100.0
2026-02-08T10:21:29.562236,6.1,14.8,2100.0
2026-02-08T10:21:30.062664,7.2,14.8,2100.0
2026-02-08T10:21:30.563477,9.1,14.8,2100.0
2026-02-08T10:21:31.064122,8.2,14.8,2100.0
2026-02-08T10:21:31.564626,8.9,14.8,2100.0
2026-02-08T10:21:32.067046,8.6,14.8,2100.0
2026-02-08T10:21:32.569347,6.9,14.8,2100.0
2026-02-08T10:21:33.069938,9.4,14.8,2100.0
2026-02-08T10:21:33.570977,6.7,14.8,2100.0
2026-02-08T10:21:34.071716,9.0,14.8,2100.0
2026-02-08T10:21:34.572398,7.5,14.8,2100.0
2026-02-08T10:21:35.073599,8.1,14.8,2100.0
2026-02-08T10:21:35.574722,6.5,14.8,2100.0
2026-02-08T10:21:36.077255,8.5,14.8,2100.0
2026-02-08T10:21:36.577699,5.4,14.8,2100.0
2026-02-08T10:21:37.078218,8.1,14.8,2100.0
2026-02-08T10:21:37.578641,9.0,14.8,2100.0
2026-02-08T10:21:38.078979,6.2,14.8,2100.0
2026-02-08T10:21:38.579770,7.8,14.8,2100.0
2026-02-08T10:21:39.080499,9.2,14.9,2100.0
2026-02-08T10:21:39.580993,5.4,14.9,2100.0
2026-02-08T10:21:40.081821,8.2,14.9,2100.0
2026-02-08T10:21:40.582341,7.7,14.8,2100.0
2026-02-08T10:21:41.083054,5.9,14.8,2100.0
2026-02-08T10:21:41.584387,6.5,14.9,2100.0
2026-02-08T10:21:42.085272,7.4,14.9,2100.0
2026-02-08T10:21:42.586010,12.4,14.9,2100.0
2026-02-08T10:21:43.086719,5.5,14.9,2100.0
2026-02-08T10:21:43.593592,8.3,14.8,2100.0
2026-02-08T10:21:44.094436,7.3,14.8,2100.0
2026-02-08T10:21:44.595082,10.4,14.9,2100.0
2026-02-08T10:21:45.095677,6.9,14.8,2100.0
2026-02-08T10:21:45.596239,8.8,14.9,2100.0
2026-02-08T10:21:46.096957,5.3,14.9,2100.0
2026-02-08T10:21:46.597851,6.5,14.9,2100.0
2026-02-08T10:21:47.098587,8.0,14.9,2100.0
2026-02-08T10:21:47.598927,12.2,14.9,2100.0
2026-02-08T10:21:48.099629,7.2,14.9,2100.0
2026-02-08T10:21:48.600815,7.6,14.9,2100.0
2026-02-08T10:21:49.101409,5.6,14.9,2100.0
2026-02-08T10:21:49.602324,6.6,14.9,2100.0
2026-02-08T10:21:50.102906,7.7,14.9,2100.0
2026-02-08T10:21:50.604008,20.7,14.9,2100.0
2026-02-08T10:21:51.104742,6.0,14.9,2100.0
2026-02-08T10:21:51.605364,8.3,14.9,2100.0
2026-02-08T10:21:52.106766,7.1,14.9,2100.0
2026-02-08T10:21:52.607387,8.5,14.9,2100.0
2026-02-08T10:21:53.107987,9.7,14.9,2100.0
2026-02-08T10:21:53.608543,8.2,14.9,2100.0
2026-02-08T10:21:54.109508,7.5,14.9,2100.0
2026-02-08T10:21:54.610355,8.6,14.9,2100.0
2026-02-08T10:21:55.118914,6.4,14.9,2100.0
2026-02-08T10:21:55.619818,10.2,14.9,2100.0
2026-02-08T10:21:56.120877,4.4,14.9,2100.0
2026-02-08T10:21:56.621876,11.4,14.9,2100.0
2026-02-08T10:21:57.122289,7.8,14.9,2100.0
2026-02-08T10:21:57.622816,7.1,14.9,2100.0
2026-02-08T10:21:58.123514,6.0,14.9,2100.0
2026-02-08T10:21:58.624164,8.3,14.9,2100.0
2026-02-08T10:21:59.124641,7.0,14.9,2100.0
2026-02-08T10:21:59.625383,10.1,14.8,2100.0
2026-02-08T10:22:00.126078,6.1,14.8,2100.0
2026-02-08T10:22:00.626603,8.6,14.8,2100.0
2026-02-08T10:22:01.127438,3.6,14.8,2100.0
2026-02-08T10:22:01.627993,10.5,14.8,2100.0
2026-02-08T10:22:02.128615,7.6,14.8,2100.0
2026-02-08T10:22:02.629458,7.6,14.8,2100.0
2026-02-08T10:22:03.129879,5.5,14.8,2100.0
2026-02-08T10:22:03.630656,8.1,14.8,2100.0
2026-02-08T10:22:04.131499,7.5,14.8,2100.0
2026-02-08T10:22:04.631926,5.4,14.8,2100.0
2026-02-08T10:22:05.132762,7.4,14.8,2100.0
2026-02-08T10:22:05.633405,7.9,14.8,2100.0
2026-02-08T10:22:06.133887,6.9,14.8,2100.0
2026-02-08T10:22:06.634569,6.1,14.8,2100.0
2026-02-08T10:22:07.137588,4.3,14.8,2100.0
2026-02-08T10:22:07.649870,10.0,14.8,2100.0
2026-02-08T10:22:08.150746,6.2,14.8,2100.0
2026-02-08T10:22:08.651277,6.2,14.8,2100.0
2026-02-08T10:22:09.152117,5.7,14.8,2100.0
2026-02-08T10:22:09.652575,6.6,14.8,2100.0
2026-02-08T10:22:10.154705,7.0,14.8,2100.0
2026-02-08T10:22:10.655264,8.5,14.8,2100.0
2026-02-08T10:22:11.156527,7.5,14.8,2100.0
2026-02-08T10:22:11.657477,7.7,14.8,2100.0
2026-02-08T10:22:12.158330,7.0,14.8,2100.0
2026-02-08T10:22:12.659039,8.0,14.8,2100.0
2026-02-08T10:22:13.159956,10.1,14.8,2100.0
2026-02-08T10:22:13.660480,7.6,14.8,2100.0
2026-02-08T10:22:14.161138,7.0,14.8,2100.0
2026-02-08T10:22:14.662058,9.8,14.9,2100.0
2026-02-08T10:22:15.162977,8.3,14.9,2100.0
2026-02-08T10:22:15.663796,9.3,14.9,2100.0
2026-02-08T10:22:16.164525,8.1,14.9,2100.0
2026-02-08T10:22:16.664968,8.4,14.9,2100.0
2026-02-08T10:22:17.166509,6.1,14.9,2100.0
2026-02-08T10:22:17.667265,8.2,14.9,2100.0
2026-02-08T10:22:18.168356,9.5,14.9,2100.0
2026-02-08T10:22:18.669447,7.2,14.9,2100.0
2026-02-08T10:22:19.170145,6.9,14.9,2100.0
2026-02-08T10:22:19.670655,5.4,14.9,2100.0
2026-02-08T10:22:20.172111,5.3,14.9,2100.0
2026-02-08T10:22:20.672604,5.6,14.9,2100.0
2026-02-08T10:22:21.173309,7.1,14.9,2100.0
2026-02-08T10:22:21.673931,6.3,14.9,2100.0
2026-02-08T10:22:22.174479,6.6,14.8,2100.0
2026-02-08T10:22:22.675052,6.0,14.8,2100.0
2026-02-08T10:22:23.176072,6.5,14.9,2100.0
2026-02-08T10:22:23.676690,8.5,14.9,2100.0
2026-02-08T10:22:24.177089,9.2,14.9,2100.0
2026-02-08T10:22:24.677694,6.6,14.9,2100.0
2026-02-08T10:22:25.178864,7.0,14.9,2100.0
2026-02-08T10:22:25.679759,12.9,14.9,2100.0
2026-02-08T10:22:26.180601,5.2,14.9,2100.0
2026-02-08T10:22:26.681156,9.7,14.9,2100.0
2026-02-08T10:22:27.182393,6.7,14.9,2100.0
2026-02-08T10:22:27.682854,10.8,14.9,2100.0
2026-02-08T10:22:28.183268,8.2,14.9,2100.0
2026-02-08T10:22:28.683821,9.3,14.9,2100.0
2026-02-08T10:22:29.184705,5.4,14.9,2100.0
2026-02-08T10:22:29.686963,8.1,14.9,2100.0
2026-02-08T10:22:30.187452,4.7,14.9,2100.0
2026-02-08T10:22:30.688808,13.0,14.9,2100.0
2026-02-08T10:22:31.189569,6.8,14.9,2100.0
2026-02-08T10:22:31.690142,5.7,14.9,2100.0
2026-02-08T10:22:32.190649,7.4,14.9,2100.0
2026-02-08T10:22:32.691334,9.3,14.9,2100.0
2026-02-08T10:22:33.192060,9.0,14.9,2100.0
2026-02-08T10:22:33.692742,7.3,14.9,2100.0
2026-02-08T10:22:34.193420,5.4,14.9,2100.0
2026-02-08T10:22:34.694257,12.6,14.8,2100.0
2026-02-08T10:22:35.195175,6.2,14.8,2100.0
2026-02-08T10:22:35.696108,12.9,14.8,2100.0
2026-02-08T10:22:36.196762,8.1,14.8,2100.0
2026-02-08T10:22:36.697484,8.0,14.8,2100.0
2026-02-08T10:22:37.198561,6.1,14.8,2100.0
2026-02-08T10:22:37.699276,7.3,14.8,2100.0
2026-02-08T10:22:38.199859,7.7,14.8,2100.0
2026-02-08T10:22:38.700597,10.9,14.8,2100.0
2026-02-08T10:22:39.201227,6.2,14.9,2100.0
2026-02-08T10:22:39.701856,12.5,14.9,2100.0
2026-02-08T10:22:40.202272,5.7,14.8,2100.0
2026-02-08T10:22:40.704654,11.1,14.9,2100.0
2026-02-08T10:22:41.205052,6.2,14.9,2100.0
2026-02-08T10:22:41.705694,9.5,14.9,2100.0
2026-02-08T10:22:42.206416,9.5,14.9,2100.0
2026-02-08T10:22:42.707363,9.4,14.9,2100.0
2026-02-08T10:22:43.207941,4.9,14.9,2100.0
2026-02-08T10:22:43.708968,8.6,14.9,2100.0
2026-02-08T10:22:44.209781,6.0,14.9,2100.0
2026-02-08T10:22:44.710414,9.1,14.9,2100.0
2026-02-08T10:22:45.211127,9.0,14.9,2100.0
2026-02-08T10:22:45.711641,9.5,14.8,2100.0
2026-02-08T10:22:46.212189,5.4,14.8,2100.0
2026-02-08T10:22:46.712648,9.2,14.9,2100.0
2026-02-08T10:22:47.213518,5.8,14.9,2100.0
2026-02-08T10:22:47.715518,6.0,14.9,2100.0
2026-02-08T10:22:48.216190,9.3,14.9,2100.0
2026-02-08T10:22:48.716743,8.2,14.9,2100.0
2026-02-08T10:22:49.217372,5.4,14.9,2100.0
2026-02-08T10:22:49.717977,5.4,14.9,2100.0
2026-02-08T10:22:50.218965,4.5,14.9,2100.0
2026-02-08T10:22:50.719611,7.3,14.9,2100.0
2026-02-08T10:22:51.220746,4.0,14.9,2100.0
2026-02-08T10:22:51.721683,8.8,14.9,2100.0
2026-02-08T10:22:52.222475,9.7,14.9,2100.0
2026-02-08T10:22:52.722905,7.1,14.9,2100.0
2026-02-08T10:22:53.223464,7.2,14.9,2100.0
2026-02-08T10:22:53.724312,9.2,14.9,2100.0
2026-02-08T10:22:54.225093,8.2,14.9,2100.0
2026-02-08T10:22:54.725819,7.9,14.9,2100.0
2026-02-08T10:22:55.226496,8.7,14.9,2100.0
2026-02-08T10:22:55.726983,7.5,14.9,2100.0
2026-02-08T10:22:56.227535,8.3,14.9,2100.0
2026-02-08T10:22:56.728360,6.0,14.8,2100.0
2026-02-08T10:22:57.229255,8.6,14.8,2100.0
2026-02-08T10:22:57.730168,7.0,14.8,2100.0
2026-02-08T10:22:58.230677,7.3,14.8,2100.0
2026-02-08T10:22:58.731118,4.6,14.8,2100.0
2026-02-08T10:22:59.231708,9.1,14.8,2100.0
2026-02-08T10:22:59.733239,5.3,14.8,2100.0
2026-02-08T10:23:00.234045,6.5,14.8,2100.0
2026-02-08T10:23:00.735658,7.7,14.8,2100.0
2026-02-08T10:23:01.237344,6.0,14.9,2100.0
2026-02-08T10:23:01.738026,5.8,14.9,2100.0
2026-02-08T10:23:02.238722,7.8,14.9,2100.0
2026-02-08T10:23:02.739074,6.3,14.9,2100.0
2026-02-08T10:23:03.239442,8.2,14.9,2100.0
2026-02-08T10:23:03.740330,7.1,14.9,2100.0
2026-02-08T10:23:04.241221,9.7,14.9,2100.0
2026-02-08T10:23:04.741780,6.4,14.9,2100.0
2026-02-08T10:23:05.242530,9.4,14.9,2100.0
2026-02-08T10:23:05.743071,6.7,14.8,2100.0
2026-02-08T10:23:06.243540,8.9,14.8,2100.0
2026-02-08T10:23:06.744031,6.5,14.8,2100.0
2026-02-08T10:23:07.244763,8.2,14.8,2100.0
2026-02-08T10:23:07.745629,7.2,14.8,2100.0
2026-02-08T10:23:08.246036,9.0,14.8,2100.0
2026-02-08T10:23:08.747458,4.9,14.8,2100.0
2026-02-08T10:23:09.248192,5.8,14.8,2100.0
2026-02-08T10:23:09.749162,8.0,14.8,2100.0
2026-02-08T10:23:10.250057,6.9,14.8,2100.0
2026-02-08T10:23:10.750902,12.6,14.8,2100.0
2026-02-08T10:23:11.251661,4.1,14.8,2100.0
2026-02-08T10:23:11.752825,6.4,14.8,2100.0
2026-02-08T10:23:12.254109,6.1,14.8,2100.0
2026-02-08T10:23:12.754587,7.3,14.8,2100.0
2026-02-08T10:23:13.255088,5.9,14.8,2100.0
2026-02-08T10:23:13.756044,10.7,14.8,2100.0
2026-02-08T10:23:14.256515,6.1,14.8,2100.0
2026-02-08T10:23:14.756875,6.5,14.8,2100.0
2026-02-08T10:23:15.257319,7.2,14.8,2100.0
2026-02-08T10:23:15.757880,9.6,14.8,2100.0
2026-02-08T10:23:16.258643,6.7,14.8,2100.0
2026-02-08T10:23:16.759388,8.4,14.8,2100.0
2026-02-08T10:23:17.259881,8.7,14.9,2100.0
2026-02-08T10:23:17.760527,7.7,14.9,2100.0
2026-02-08T10:23:18.261303,8.5,14.9,2100.0
2026-02-08T10:23:18.762177,9.5,14.8,2100.0
2026-02-08T10:23:19.263233,6.0,14.9,2100.0
2026-02-08T10:23:19.763943,11.3,14.9,2100.0
2026-02-08T10:23:20.264528,6.1,14.9,2100.0
2026-02-08T10:23:20.765048,7.2,14.8,2100.0
2026-02-08T10:23:21.265574,5.7,14.8,2100.0
2026-02-08T10:23:21.766514,8.3,14.8,2100.0
2026-02-08T10:23:22.267080,8.0,14.8,2100.0
2026-02-08T10:23:22.768092,10.3,14.8,2100.0
2026-02-08T10:23:23.269129,8.2,14.9,2100.0
2026-02-08T10:23:23.769878,8.2,14.9,2100.0
2026-02-08T10:23:24.271228,5.4,14.9,2100.0
2026-02-08T10:23:24.772055,10.1,14.9,2100.0
2026-02-08T10:23:25.272594,9.7,14.9,2100.0
2026-02-08T10:23:25.773312,11.1,14.9,2100.0
2026-02-08T10:23:26.274202,5.2,14.8,2100.0
2026-02-08T10:23:26.774873,8.3,14.8,2100.0
2026-02-08T10:23:27.275408,5.0,14.8,2100.0
2026-02-08T10:23:27.775821,12.5,14.8,2100.0
2026-02-08T10:23:28.276364,6.7,14.8,2100.0
2026-02-08T10:23:28.776874,7.8,14.8,2100.0
2026-02-08T10:23:29.277381,4.9,14.8,2100.0
2026-02-08T10:23:29.777786,11.5,14.8,2100.0
2026-02-08T10:23:30.278855,4.4,14.8,2100.0
2026-02-08T10:23:30.779728,9.9,14.8,2100.0
2026-02-08T10:23:31.280264,4.1,14.8,2100.0
2026-02-08T10:23:31.780797,7.3,14.8,2100.0
2026-02-08T10:23:32.281429,6.1,14.8,2100.0
2026-02-08T10:23:32.782259,9.6,14.8,2100.0
2026-02-08T10:23:33.283300,5.3,14.8,2100.0
2026-02-08T10:23:33.784145,8.4,14.9,2100.0
2026-02-08T10:23:34.284645,5.6,14.9,2100.0
2026-02-08T10:23:34.785691,13.1,14.8,2100.0
2026-02-08T10:23:35.286467,7.9,14.8,2100.0
2026-02-08T10:23:35.786953,7.0,14.8,2100.0
2026-02-08T10:23:36.288028,6.6,14.8,2100.0
2026-02-08T10:23:36.788791,5.8,14.8,2100.0
2026-02-08T10:23:37.289300,7.5,14.8,2100.0
2026-02-08T10:23:37.790134,4.3,14.8,2100.0
2026-02-08T10:23:38.290944,14.3,14.9,2100.0
2026-02-08T10:23:38.791814,5.3,14.8,2100.0
2026-02-08T10:23:39.292540,9.5,14.8,2100.0
2026-02-08T10:23:39.793270,7.6,14.8,2100.0
2026-02-08T10:23:40.294177,7.5,14.8,2100.0
2026-02-08T10:23:40.794600,5.9,14.8,2100.0
2026-02-08T10:23:41.296185,7.5,14.8,2100.0
2026-02-08T10:23:41.796957,6.3,14.8,2100.0
2026-02-08T10:23:42.297457,6.5,14.8,2100.0
2026-02-08T10:23:42.798174,6.1,14.8,2100.0
2026-02-08T10:23:43.298682,8.9,14.8,2100.0
2026-02-08T10:23:43.799827,5.2,14.8,2100.0
2026-02-08T10:23:44.300612,7.8,14.8,2100.0
2026-02-08T10:23:44.801155,9.6,14.9,2100.0
2026-02-08T10:23:45.301731,9.0,14.8,2100.0
2026-02-08T10:23:45.803312,5.8,14.9,2100.0
2026-02-08T10:23:46.303792,6.3,14.9,2100.0
2026-02-08T10:23:46.804414,5.7,14.9,2100.0
2026-02-08T10:23:47.304999,7.4,14.9,2100.0
2026-02-08T10:23:47.805703,4.6,14.9,2100.0
2026-02-08T10:23:48.306548,10.3,14.9,2100.0
2026-02-08T10:23:48.807549,5.8,14.9,2100.0
2026-02-08T10:23:49.308143,7.1,14.9,2100.0
2026-02-08T10:23:49.808769,6.5,14.9,2100.0
2026-02-08T10:23:50.309684,7.2,14.9,2100.0
2026-02-08T10:23:50.810080,4.4,14.9,2100.0
2026-02-08T10:23:51.310684,7.0,14.9,2100.0
2026-02-08T10:23:51.813288,6.0,14.9,2100.0
2026-02-08T10:23:52.313815,6.9,14.9,2100.0
2026-02-08T10:23:52.867025,13.6,14.9,2100.0
2026-02-08T10:23:53.367798,11.3,14.9,2100.0
2026-02-08T10:23:53.869176,7.1,14.9,2100.0
2026-02-08T10:23:54.370293,9.4,14.9,2100.0
2026-02-08T10:23:54.870804,5.5,14.9,2100.0
2026-02-08T10:23:55.371784,11.6,14.9,2100.0
2026-02-08T10:23:55.872603,4.2,14.9,2100.0
2026-02-08T10:23:56.373489,9.5,14.9,2100.0
2026-02-08T10:23:56.873958,5.6,14.9,2100.0
2026-02-08T10:23:57.374727,8.2,14.9,2100.0
2026-02-08T10:23:57.875354,10.1,14.9,2100.0
2026-02-08T10:23:58.375750,6.0,14.9,2100.0
2026-02-08T10:23:58.876549,9.9,14.9,2100.0
2026-02-08T10:23:59.377802,9.1,14.9,2100.0
2026-02-08T10:23:59.878461,10.7,14.9,2100.0
2026-02-08T10:24:00.378913,6.0,14.9,2100.0
2026-02-08T10:24:00.879925,12.1,14.9,2100.0
2026-02-08T10:24:01.380485,9.2,14.9,2100.0
2026-02-08T10:24:01.881385,9.0,14.9,2100.0
2026-02-08T10:24:02.381896,7.2,14.9,2100.0
2026-02-08T10:24:02.882399,9.7,14.9,2100.0
2026-02-08T10:24:03.384397,10.0,14.9,2100.0
2026-02-08T10:24:03.885156,9.5,14.9,2100.0
2026-02-08T10:24:04.385731,9.3,14.9,2100.0
2026-02-08T10:24:04.887126,8.5,14.9,2100.0
2026-02-08T10:24:05.388253,6.1,14.9,2100.0
2026-02-08T10:24:05.888842,12.5,14.9,2100.0
2026-02-08T10:24:06.389514,7.0,14.9,2100.0
2026-02-08T10:24:06.889936,8.2,14.9,2100.0
2026-02-08T10:24:07.390846,5.4,14.9,2100.0
2026-02-08T10:24:07.891436,5.2,14.9,2100.0
2026-02-08T10:24:08.392626,11.6,14.9,2100.0
2026-02-08T10:24:08.893287,5.9,14.9,2100.0
2026-02-08T10:24:09.396458,9.5,14.9,2100.0
2026-02-08T10:24:09.897368,9.1,14.9,2100.0
2026-02-08T10:24:10.398087,6.6,14.9,2100.0
2026-02-08T10:24:10.899034,7.0,14.9,2100.0
2026-02-08T10:24:11.400052,6.8,14.9,2100.0
2026-02-08T10:24:11.900742,9.3,14.9,2100.0
2026-02-08T10:24:12.402113,6.4,14.9,2100.0
2026-02-08T10:24:12.902530,8.6,14.9,2100.0
2026-02-08T10:24:13.403148,8.4,14.9,2100.0
2026-02-08T10:24:13.903723,11.8,14.9,2100.0
2026-02-08T10:24:14.404413,4.3,14.9,2100.0
2026-02-08T10:24:14.905381,10.5,14.9,2100.0
2026-02-08T10:24:15.406349,4.1,14.9,2100.0
2026-02-08T10:24:15.906954,7.0,14.9,2100.0
2026-02-08T10:24:16.407576,5.1,14.9,2100.0
2026-02-08T10:24:16.908169,7.5,14.9,2100.0
2026-02-08T10:24:17.408880,4.8,14.9,2100.0
2026-02-08T10:24:17.909571,8.9,14.9,2100.0
2026-02-08T10:24:18.410505,5.6,14.9,2100.0
2026-02-08T10:24:18.913752,7.5,14.9,2100.0
2026-02-08T10:24:19.414405,11.0,14.9,2100.0
2026-02-08T10:24:19.915196,7.6,14.9,2100.0
2026-02-08T10:24:20.416087,6.7,14.9,2100.0
2026-02-08T10:24:20.917104,8.0,14.9,2100.0
2026-02-08T10:24:21.417656,6.1,14.9,2100.0
2026-02-08T10:24:21.918233,9.0,14.9,2100.0
2026-02-08T10:24:22.418676,8.0,14.9,2100.0
2026-02-08T10:24:22.919137,7.2,14.9,2100.0
2026-02-08T10:24:23.419675,7.5,14.9,2100.0
2026-02-08T10:24:23.920389,7.9,14.9,2100.0
2026-02-08T10:24:24.420982,7.0,14.9,2100.0
2026-02-08T10:24:24.921515,7.9,14.9,2100.0
2026-02-08T10:24:25.422229,9.3,14.9,2100.0
2026-02-08T10:24:25.922928,8.5,14.9,2100.0
2026-02-08T10:24:26.423482,6.4,14.9,2100.0
2026-02-08T10:24:26.923953,9.2,14.9,2100.0
2026-02-08T10:24:27.424917,6.5,14.9,2100.0
2026-02-08T10:24:27.925572,12.0,14.9,2100.0
2026-02-08T10:24:28.426765,8.5,14.9,2100.0
2026-02-08T10:24:28.928443,8.7,14.9,2100.0
2026-02-08T10:24:29.428931,7.7,14.9,2100.0
2026-02-08T10:24:29.929533,5.5,14.9,2100.0
2026-02-08T10:24:30.431142,5.5,14.9,2100.0
2026-02-08T10:24:30.931932,5.7,14.9,2100.0
2026-02-08T10:24:31.433018,6.1,14.9,2100.0
2026-02-08T10:24:31.935891,8.4,14.9,2100.0
2026-02-08T10:24:32.436927,6.2,14.9,2100.0
2026-02-08T10:24:32.938357,7.9,14.9,2100.0
2026-02-08T10:24:33.438736,5.3,14.9,2100.0
2026-02-08T10:24:33.939212,8.0,14.9,2100.0
2026-02-08T10:24:34.443447,11.5,14.9,2100.0
2026-02-08T10:24:34.944262,4.9,14.9,2100.0
2026-02-08T10:24:35.445480,6.5,14.9,2100.0
2026-02-08T10:24:35.946175,5.0,14.9,2100.0
2026-02-08T10:24:36.447104,9.0,14.9,2100.0
2026-02-08T10:24:36.948274,9.6,14.9,2100.0
2026-02-08T10:24:37.449128,11.5,14.8,2100.0
2026-02-08T10:24:37.949610,8.0,14.8,2100.0
2026-02-08T10:24:38.450191,6.5,14.9,2100.0
2026-02-08T10:24:38.950918,5.8,14.9,2100.0
2026-02-08T10:24:39.454530,9.0,14.9,2100.0
2026-02-08T10:24:39.955004,5.3,14.9,2100.0
2026-02-08T10:24:40.455687,8.1,14.9,2100.0
2026-02-08T10:24:40.956448,4.8,14.9,2100.0
2026-02-08T10:24:41.457191,8.8,14.9,2100.0
2026-02-08T10:24:41.958121,7.5,14.9,2100.0
2026-02-08T10:24:42.459793,10.4,14.9,2100.0
2026-02-08T10:24:42.960381,7.0,14.9,2100.0
2026-02-08T10:24:43.461286,11.1,14.9,2100.0
2026-02-08T10:24:43.961776,7.1,14.9,2100.0
2026-02-08T10:24:44.462335,10.4,14.9,2100.0
2026-02-08T10:24:44.963171,6.4,14.9,2100.0
2026-02-08T10:24:45.463661,10.9,14.9,2100.0
2026-02-08T10:24:45.964560,5.8,14.9,2100.0
2026-02-08T10:24:46.464928,7.0,14.9,2100.0
2026-02-08T10:24:46.965715,9.2,14.9,2100.0
2026-02-08T10:24:47.466853,11.6,14.9,2100.0
2026-02-08T10:24:47.967461,4.5,14.9,2100.0
2026-02-08T10:24:48.468210,4.3,14.9,2100.0
2026-02-08T10:24:48.968861,10.6,14.9,2100.0
2026-02-08T10:24:49.469680,9.7,14.9,2100.0
2026-02-08T10:24:49.970085,9.4,14.9,2100.0
2026-02-08T10:24:50.470974,10.0,14.9,2100.0
2026-02-08T10:24:50.971440,5.2,14.9,2100.0
2026-02-08T10:24:51.471954,7.0,14.9,2100.0
2026-02-08T10:24:51.973179,6.8,14.9,2100.0
2026-02-08T10:24:52.473733,9.6,14.9,2100.0
2026-02-08T10:24:52.974519,6.7,14.9,2100.0
2026-02-08T10:24:53.476665,8.2,14.9,2100.0
2026-02-08T10:24:53.977021,8.2,14.9,2100.0
2026-02-08T10:24:54.478273,7.7,14.9,2100.0
2026-02-08T10:24:54.978803,5.2,14.9,2100.0
2026-02-08T10:24:55.479404,6.7,14.9,2100.0
2026-02-08T10:24:55.980295,6.6,14.9,2100.0
2026-02-08T10:24:56.481487,5.6,14.8,2100.0
2026-02-08T10:24:56.982173,5.7,14.8,2100.0
2026-02-08T10:24:57.482644,8.9,14.8,2100.0
2026-02-08T10:24:57.983226,9.4,14.8,2100.0
2026-02-08T10:24:58.484207,6.2,14.8,2100.0
2026-02-08T10:24:58.984989,7.0,14.8,2100.0
2026-02-08T10:24:59.485545,7.9,14.8,2100.0
2026-02-08T10:24:59.986019,5.2,14.8,2100.0
2026-02-08T10:25:00.486540,6.8,14.8,2100.0
2026-02-08T10:25:00.987432,5.7,14.8,2100.0
2026-02-08T10:25:01.488133,4.4,14.9,2100.0
2026-02-08T10:25:01.988499,6.8,14.9,2100.0
2026-02-08T10:25:02.489150,7.1,14.9,2100.0
2026-02-08T10:25:02.990035,9.8,14.9,2100.0
2026-02-08T10:25:03.490730,6.1,14.9,2100.0
2026-02-08T10:25:03.993123,5.8,14.9,2100.0
2026-02-08T10:25:04.493894,8.6,14.9,2100.0
2026-02-08T10:25:04.994456,5.1,14.9,2100.0
2026-02-08T10:25:05.495947,13.8,14.9,2100.0
2026-02-08T10:25:05.996654,5.5,14.9,2100.0
2026-02-08T10:25:06.498157,8.5,14.9,2100.0
2026-02-08T10:25:06.999413,7.8,14.9,2100.0
2026-02-08T10:25:07.500137,9.4,14.9,2100.0
2026-02-08T10:25:08.000533,6.8,14.9,2100.0
2026-02-08T10:25:08.501202,13.1,14.9,2100.0
2026-02-08T10:25:09.001782,9.5,14.9,2100.0
2026-02-08T10:25:09.502682,7.8,14.9,2100.0
2026-02-08T10:25:10.003599,5.7,14.9,2100.0
2026-02-08T10:25:10.504332,7.7,14.8,2100.0
2026-02-08T10:25:11.005090,5.1,14.9,2100.0
2026-02-08T10:25:11.505976,8.6,14.9,2100.0
2026-02-08T10:25:12.006803,6.2,14.9,2100.0
2026-02-08T10:25:12.509469,6.0,14.9,2100.0
2026-02-08T10:25:13.010127,6.4,14.9,2100.0
2026-02-08T10:25:13.510903,9.0,14.9,2100.0
2026-02-08T10:25:14.011529,5.2,14.9,2100.0
2026-02-08T10:25:14.512331,9.0,14.9,2100.0
2026-02-08T10:25:15.013208,5.3,14.9,2100.0
2026-02-08T10:25:15.513741,11.8,14.9,2100.0
2026-02-08T10:25:16.014536,6.1,14.9,2100.0
2026-02-08T10:25:16.515389,6.4,14.9,2100.0
2026-02-08T10:25:17.016006,8.0,14.9,2100.0
2026-02-08T10:25:17.516602,8.5,14.9,2100.0
2026-02-08T10:25:18.017507,4.4,14.9,2100.0
2026-02-08T10:25:18.518019,7.6,14.9,2100.0
2026-02-08T10:25:19.018605,6.9,14.9,2100.0
2026-02-08T10:25:19.519044,9.8,14.9,2100.0
2026-02-08T10:25:20.019805,3.7,14.9,2100.0
2026-02-08T10:25:20.520301,13.1,14.9,2100.0
2026-02-08T10:25:21.020912,4.4,14.9,2100.0
2026-02-08T10:25:21.521660,7.0,14.9,2100.0
2026-02-08T10:25:22.022511,5.9,14.9,2100.0
2026-02-08T10:25:22.523476,15.2,14.9,2100.0
2026-02-08T10:25:23.024417,4.9,14.9,2100.0
2026-02-08T10:25:23.526365,8.6,14.9,2100.0
2026-02-08T10:25:24.027711,6.9,14.9,2100.0
2026-02-08T10:25:24.528388,8.7,14.9,2100.0
2026-02-08T10:25:25.029224,6.1,14.9,2100.0
2026-02-08T10:25:25.530307,8.5,14.9,2100.0
2026-02-08T10:25:26.030723,6.1,14.9,2100.0
2026-02-08T10:25:26.531525,8.7,14.9,2100.0
2026-02-08T10:25:27.032190,7.0,14.9,2100.0
2026-02-08T10:25:27.534063,11.3,14.8,2100.0
2026-02-08T10:25:28.034828,6.2,14.8,2100.0
2026-02-08T10:25:28.535758,8.9,14.8,2100.0
2026-02-08T10:25:29.036594,11.3,14.8,2100.0
2026-02-08T10:25:29.537410,7.2,14.8,2100.0
2026-02-08T10:25:30.037977,5.1,14.8,2100.0
2026-02-08T10:25:30.538929,7.1,14.8,2100.0
2026-02-08T10:25:31.039468,6.7,14.8,2100.0
2026-02-08T10:25:31.540600,9.2,14.8,2100.0
2026-02-08T10:25:32.042865,8.5,14.8,2100.0
2026-02-08T10:25:32.544010,8.5,14.8,2100.0
2026-02-08T10:25:33.045412,8.9,14.8,2100.0
2026-02-08T10:25:33.545800,12.1,14.8,2100.0
2026-02-08T10:25:34.046308,8.2,14.9,2100.0
2026-02-08T10:25:34.546888,9.6,14.8,2100.0
2026-02-08T10:25:35.047635,5.3,14.8,2100.0
2026-02-08T10:25:35.548388,8.3,14.8,2100.0
2026-02-08T10:25:36.048944,4.4,14.8,2100.0
2026-02-08T10:25:36.549686,9.3,14.8,2100.0
2026-02-08T10:25:37.050746,8.2,14.8,2100.0
2026-02-08T10:25:37.551685,6.6,14.8,2100.0
2026-02-08T10:25:38.052290,6.9,14.8,2100.0
2026-02-08T10:25:38.553196,6.7,14.9,2100.0
2026-02-08T10:25:39.053898,7.5,14.9,2100.0
2026-02-08T10:25:39.554789,9.4,14.9,2100.0
2026-02-08T10:25:40.055351,7.2,14.9,2100.0
2026-02-08T10:25:40.557056,9.5,14.9,2100.0
2026-02-08T10:25:41.058102,11.5,14.9,2100.0
2026-02-08T10:25:41.558930,9.8,14.9,2100.0
2026-02-08T10:25:42.059582,7.7,14.9,2100.0
2026-02-08T10:25:42.560190,4.8,14.9,2100.0
2026-02-08T10:25:43.060569,13.0,14.9,2100.0
2026-02-08T10:25:43.561051,9.6,14.9,2100.0
2026-02-08T10:25:44.062364,5.4,14.9,2100.0
2026-02-08T10:25:44.563223,7.9,14.9,2100.0
2026-02-08T10:25:45.063775,7.3,14.9,2100.0
2026-02-08T10:25:45.564491,8.3,14.9,2100.0
2026-02-08T10:25:46.064959,6.5,14.9,2100.0
2026-02-08T10:25:46.565693,7.4,14.9,2100.0
2026-02-08T10:25:47.066868,6.0,14.9,2100.0
2026-02-08T10:25:47.567386,6.6,14.9,2100.0
2026-02-08T10:25:48.068227,6.9,14.9,2100.0
2026-02-08T10:25:48.569055,6.7,14.9,2100.0
2026-02-08T10:25:49.069600,7.5,14.9,2100.0
2026-02-08T10:25:49.570501,7.6,14.9,2100.0
2026-02-08T10:25:50.071120,9.2,14.9,2100.0
2026-02-08T10:25:50.572163,7.9,14.9,2100.0
2026-02-08T10:25:51.073970,6.2,14.9,2100.0
2026-02-08T10:25:51.574989,8.3,14.9,2100.0
2026-02-08T10:25:52.075600,5.5,14.9,2100.0
2026-02-08T10:25:52.576595,9.1,14.9,2100.0
2026-02-08T10:25:53.077258,5.8,14.9,2100.0
2026-02-08T10:25:53.578035,10.4,14.9,2100.0
2026-02-08T10:25:54.078390,7.3,14.9,2100.0
2026-02-08T10:25:54.579062,10.6,14.9,2100.0
2026-02-08T10:25:55.080414,4.3,14.9,2100.0
2026-02-08T10:25:55.581174,12.3,14.9,2100.0
2026-02-08T10:25:56.081820,5.4,14.9,2100.0
2026-02-08T10:25:56.582858,8.6,14.8,2100.0
2026-02-08T10:25:57.083709,6.0,14.8,2100.0
2026-02-08T10:25:57.584417,10.7,14.8,2100.0
2026-02-08T10:25:58.085428,5.5,14.8,2100.0
2026-02-08T10:25:58.585929,10.1,14.8,2100.0
2026-02-08T10:25:59.086480,6.4,14.8,2100.0
2026-02-08T10:25:59.587327,12.9,14.8,2100.0
2026-02-08T10:26:00.087691,4.5,14.8,2100.0
2026-02-08T10:26:00.588677,8.9,14.8,2100.0
2026-02-08T10:26:01.089389,5.7,14.8,2100.0
2026-02-08T10:26:01.590321,7.1,14.8,2100.0
2026-02-08T10:26:02.091459,6.1,14.8,2100.0
2026-02-08T10:26:02.592258,7.2,14.8,2100.0
2026-02-08T10:26:03.093150,5.6,14.8,2100.0
2026-02-08T10:26:03.593693,8.2,14.8,2100.0
2026-02-08T10:26:04.094446,5.5,14.8,2100.0
2026-02-08T10:26:04.595293,11.1,14.8,2100.0
2026-02-08T10:26:05.096078,3.6,14.8,2100.0
2026-02-08T10:26:05.597029,6.8,14.8,2100.0
2026-02-08T10:26:06.097516,5.5,14.8,2100.0
2026-02-08T10:26:06.598191,5.9,14.9,2100.0
2026-02-08T10:26:07.098940,7.1,14.9,2100.0
2026-02-08T10:26:07.599444,12.0,14.9,2100.0
2026-02-08T10:26:08.100003,5.7,14.9,2100.0
2026-02-08T10:26:08.601141,9.9,14.9,2100.0
2026-02-08T10:26:09.101609,5.9,14.9,2100.0
2026-02-08T10:26:09.602227,10.4,14.9,2100.0
2026-02-08T10:26:10.103321,6.6,14.9,2100.0
2026-02-08T10:26:10.603879,9.3,14.9,2100.0
2026-02-08T10:26:11.105386,4.7,14.9,2100.0
2026-02-08T10:26:11.605986,7.5,14.9,2100.0
2026-02-08T10:26:12.106485,7.9,14.9,2100.0
2026-02-08T10:26:12.608381,10.2,14.9,2100.0
2026-02-08T10:26:13.110133,4.7,14.9,2100.0
2026-02-08T10:26:13.610857,8.9,14.9,2100.0
2026-02-08T10:26:14.112239,7.4,14.9,2100.0
2026-02-08T10:26:14.613287,12.6,14.9,2100.0
2026-02-08T10:26:15.113836,5.4,14.9,2100.0
2026-02-08T10:26:15.614795,7.2,14.9,2100.0
2026-02-08T10:26:16.115658,7.0,14.9,2100.0
2026-02-08T10:26:16.616226,6.1,14.9,2100.0
2026-02-08T10:26:17.117075,8.7,14.9,2100.0
2026-02-08T10:26:17.618191,8.9,14.9,2100.0
2026-02-08T10:26:18.119377,5.9,14.9,2100.0
2026-02-08T10:26:18.620215,8.1,14.9,2100.0
2026-02-08T10:26:19.121807,6.5,14.9,2100.0
2026-02-08T10:26:19.622268,8.0,14.9,2100.0
2026-02-08T10:26:20.122858,9.5,14.9,2100.0
2026-02-08T10:26:20.623555,7.9,14.9,2100.0
2026-02-08T10:26:21.124028,5.6,14.9,2100.0
2026-02-08T10:26:21.624747,8.7,14.9,2100.0
2026-02-08T10:26:22.125578,6.0,14.9,2100.0
2026-02-08T10:26:22.626822,6.3,14.9,2100.0
2026-02-08T10:26:23.127504,6.3,14.9,2100.0
2026-02-08T10:26:23.628295,8.3,14.9,2100.0
2026-02-08T10:26:24.128975,8.5,14.9,2100.0
2026-02-08T10:26:24.629528,10.3,14.9,2100.0
2026-02-08T10:26:25.130322,7.8,14.9,2100.0
2026-02-08T10:26:25.630934,5.2,14.9,2100.0
2026-02-08T10:26:26.131396,9.2,14.9,2100.0
2026-02-08T10:26:26.631948,7.4,14.8,2100.0
2026-02-08T10:26:27.132663,4.8,14.8,2100.0
2026-02-08T10:26:27.633219,5.8,14.8,2100.0
2026-02-08T10:26:28.134179,6.8,14.8,2100.0
2026-02-08T10:26:28.634682,5.8,14.8,2100.0
2026-02-08T10:26:29.135166,10.7,14.8,2100.0
2026-02-08T10:26:29.635573,7.7,14.8,2100.0
2026-02-08T10:26:30.136384,7.7,14.8,2100.0
2026-02-08T10:26:30.637571,7.5,14.8,2100.0
2026-02-08T10:26:31.138432,8.1,14.8,2100.0
2026-02-08T10:26:31.638953,5.1,14.8,2100.0
2026-02-08T10:26:32.139684,6.8,14.8,2100.0
2026-02-08T10:26:32.640319,6.5,14.8,2100.0
2026-02-08T10:26:33.141490,7.0,14.8,2100.0
2026-02-08T10:26:33.642261,8.5,14.8,2100.0
2026-02-08T10:26:34.172684,9.7,14.8,2100.0
2026-02-08T10:26:34.673389,9.4,14.8,2100.0
2026-02-08T10:26:35.174168,10.7,14.8,2100.0
2026-02-08T10:26:35.675133,8.7,14.8,2100.0
2026-02-08T10:26:36.175896,7.7,14.8,2100.0
2026-02-08T10:26:36.676736,10.2,14.8,2100.0
2026-02-08T10:26:37.179026,9.3,14.8,2100.0
2026-02-08T10:26:37.679899,9.2,14.8,2100.0
2026-02-08T10:26:38.180814,6.6,14.8,2100.0
2026-02-08T10:26:38.681472,8.1,14.8,2100.0
2026-02-08T10:26:39.181959,7.1,14.8,2100.0
2026-02-08T10:26:39.682469,7.9,14.8,2100.0
2026-02-08T10:26:40.183229,5.7,14.8,2100.0
2026-02-08T10:26:40.684116,8.2,14.8,2100.0
2026-02-08T10:26:41.184853,4.8,14.8,2100.0
2026-02-08T10:26:41.685376,8.1,14.8,2100.0
2026-02-08T10:26:42.186107,5.1,14.8,2100.0
2026-02-08T10:26:42.687181,7.5,14.8,2100.0
2026-02-08T10:26:43.187810,5.4,14.8,2100.0
2026-02-08T10:26:43.689145,7.1,14.8,2100.0
2026-02-08T10:26:44.190265,9.1,14.8,2100.0
2026-02-08T10:26:44.694379,13.9,14.8,2100.0
2026-02-08T10:26:45.195156,5.4,14.8,2100.0
2026-02-08T10:26:45.695784,8.3,14.8,2100.0
2026-02-08T10:26:46.196589,5.4,14.8,2100.0
2026-02-08T10:26:46.697445,9.1,14.8,2100.0
2026-02-08T10:26:47.198379,6.7,14.8,2100.0
2026-02-08T10:26:47.699314,7.9,14.8,2100.0
2026-02-08T10:26:48.200031,5.8,14.8,2100.0
2026-02-08T10:26:48.700788,9.0,14.9,2100.0
2026-02-08T10:26:49.201521,3.7,14.9,2100.0
2026-02-08T10:26:49.702381,8.7,14.9,2100.0
2026-02-08T10:26:50.204089,7.5,14.9,2100.0
2026-02-08T10:26:50.704672,6.5,14.9,2100.0
2026-02-08T10:26:51.205584,5.1,14.9,2100.0
2026-02-08T10:26:51.706353,5.9,14.9,2100.0
2026-02-08T10:26:52.207013,8.1,14.9,2100.0
2026-02-08T10:26:52.707962,6.5,14.9,2100.0
2026-02-08T10:26:53.208690,7.8,14.9,2100.0
2026-02-08T10:26:53.710432,9.0,14.9,2100.0
2026-02-08T10:26:54.211193,7.8,14.9,2100.0
2026-02-08T10:26:54.711905,7.2,14.9,2100.0
2026-02-08T10:26:55.212539,5.2,14.9,2100.0
2026-02-08T10:26:55.713116,9.9,14.9,2100.0
2026-02-08T10:26:56.213792,7.1,14.8,2100.0
2026-02-08T10:26:56.714691,7.8,14.8,2100.0
2026-02-08T10:26:57.215622,5.8,14.8,2100.0
2026-02-08T10:26:57.716202,10.1,14.8,2100.0
2026-02-08T10:26:58.216822,6.4,14.8,2100.0
2026-02-08T10:26:58.717360,7.8,14.8,2100.0
2026-02-08T10:26:59.218128,5.7,14.8,2100.0
2026-02-08T10:26:59.719401,8.9,14.8,2100.0
2026-02-08T10:27:00.220075,9.2,14.8,2100.0
2026-02-08T10:27:00.721733,8.4,14.8,2100.0
2026-02-08T10:27:01.222942,6.3,14.8,2100.0
2026-02-08T10:27:01.723672,9.0,14.8,2100.0
2026-02-08T10:27:02.224633,7.7,14.8,2100.0
2026-02-08T10:27:02.725703,8.3,14.8,2100.0
2026-02-08T10:27:03.226524,7.3,14.8,2100.0
2026-02-08T10:27:03.727189,8.3,14.8,2100.0
2026-02-08T10:27:04.227927,5.8,14.8,2100.0
2026-02-08T10:27:04.728824,7.2,14.8,2100.0
2026-02-08T10:27:05.229487,7.8,14.8,2100.0
2026-02-08T10:27:05.730199,6.8,14.8,2100.0
2026-02-08T10:27:06.231018,6.2,14.8,2100.0
2026-02-08T10:27:06.731924,7.2,14.8,2100.0
2026-02-08T10:27:07.232728,7.6,14.8,2100.0
2026-02-08T10:27:07.733365,7.5,14.8,2100.0
2026-02-08T10:27:08.233789,5.8,14.8,2100.0
2026-02-08T10:27:08.739024,7.7,14.8,2100.0
2026-02-08T10:27:09.239703,6.6,14.8,2100.0
2026-02-08T10:27:09.740575,7.7,14.8,2100.0
2026-02-08T10:27:10.241362,6.7,14.8,2100.0
2026-02-08T10:27:10.742602,6.0,14.8,2100.0
2026-02-08T10:27:11.243176,6.1,14.8,2100.0
2026-02-08T10:27:11.743706,7.5,14.9,2100.0
2026-02-08T10:27:12.244167,5.6,14.9,2100.0
2026-02-08T10:27:12.744903,5.8,14.9,2100.0
2026-02-08T10:27:13.245385,5.1,14.9,2100.0
2026-02-08T10:27:13.748693,10.4,14.9,2100.0
2026-02-08T10:27:14.249170,9.2,14.9,2100.0
2026-02-08T10:27:14.750119,6.8,14.9,2100.0
2026-02-08T10:27:15.251007,12.1,14.9,2100.0
2026-02-08T10:27:15.752438,10.1,14.9,2100.0
2026-02-08T10:27:16.253060,7.1,14.9,2100.0
2026-02-08T10:27:16.754576,7.8,14.9,2100.0
2026-02-08T10:27:17.255322,9.3,14.9,2100.0
2026-02-08T10:27:17.756100,7.8,14.9,2100.0
2026-02-08T10:27:18.257283,9.8,14.9,2100.0
2026-02-08T10:27:18.757726,5.2,14.9,2100.0
2026-02-08T10:27:19.258237,9.9,14.9,2100.0
2026-02-08T10:27:19.758601,7.2,14.8,2100.0
2026-02-08T10:27:20.314651,9.5,14.8,2100.0
2026-02-08T10:27:20.815488,5.2,14.8,2100.0
2026-02-08T10:27:21.316188,8.5,14.8,2100.0
2026-02-08T10:27:21.816791,6.8,14.9,2100.0
2026-02-08T10:27:22.317754,8.9,14.9,2100.0
2026-02-08T10:27:22.818666,5.6,14.9,2100.0
2026-02-08T10:27:23.319394,7.7,14.9,2100.0
2026-02-08T10:27:23.820456,5.2,14.9,2100.0
2026-02-08T10:27:24.320924,11.5,14.9,2100.0
2026-02-08T10:27:24.821507,7.3,14.9,2100.0
2026-02-08T10:27:25.322596,11.3,14.9,2100.0
2026-02-08T10:27:25.823467,7.0,14.9,2100.0
2026-02-08T10:27:26.328377,5.2,14.9,2100.0
2026-02-08T10:27:26.828872,7.9,14.9,2100.0
2026-02-08T10:27:27.329481,7.2,14.9,2100.0
2026-02-08T10:27:27.829834,5.7,14.9,2100.0
2026-02-08T10:27:28.330636,5.5,14.9,2100.0
2026-02-08T10:27:28.831372,7.9,14.9,2100.0
2026-02-08T10:27:29.331895,4.9,14.8,2100.0
2026-02-08T10:27:29.832486,11.2,14.8,2100.0
2026-02-08T10:27:30.333047,7.5,14.8,2100.0
2026-02-08T10:27:30.833677,7.3,14.8,2100.0
2026-02-08T10:27:31.334763,6.6,14.8,2100.0
2026-02-08T10:27:31.835591,7.2,14.8,2100.0
2026-02-08T10:27:32.336331,5.3,14.8,2100.0
2026-02-08T10:27:32.837009,11.5,14.8,2100.0
2026-02-08T10:27:33.337853,6.9,14.8,2100.0
2026-02-08T10:27:33.838838,6.7,14.8,2100.0
2026-02-08T10:27:34.339686,8.2,14.8,2100.0
2026-02-08T10:27:34.840912,6.1,14.8,2100.0
2026-02-08T10:27:35.341764,7.1,14.8,2100.0
2026-02-08T10:27:35.842631,6.7,14.8,2100.0
2026-02-08T10:27:36.343351,7.8,14.8,2100.0
2026-02-08T10:27:36.843895,8.4,14.8,2100.0
2026-02-08T10:27:37.344239,6.6,14.8,2100.0
2026-02-08T10:27:37.845073,7.2,14.8,2100.0
2026-02-08T10:27:38.345521,9.8,14.8,2100.0
2026-02-08T10:27:38.846214,10.4,14.9,2100.0
2026-02-08T10:27:39.346661,9.1,14.9,2100.0
2026-02-08T10:27:39.847648,23.2,14.9,2100.0
2026-02-08T10:27:40.348149,6.7,14.9,2100.0
2026-02-08T10:27:40.848587,16.2,14.9,2100.0
2026-02-08T10:27:41.349017,5.8,14.9,2100.0
2026-02-08T10:27:41.849716,6.6,14.9,2100.0
2026-02-08T10:27:42.351118,6.7,14.9,2100.0
2026-02-08T10:27:42.852500,13.1,14.9,2100.0
2026-02-08T10:27:43.353424,5.9,14.9,2100.0
2026-02-08T10:27:43.854287,7.0,14.9,2100.0
2026-02-08T10:27:44.354742,7.4,14.9,2100.0
2026-02-08T10:27:44.856103,9.1,14.9,2100.0
2026-02-08T10:27:45.356610,5.4,14.9,2100.0
2026-02-08T10:27:45.857245,11.5,14.9,2100.0
2026-02-08T10:27:46.358033,6.2,14.9,2100.0
2026-02-08T10:27:46.858872,7.7,14.9,2100.0
2026-02-08T10:27:47.359871,4.9,14.9,2100.0
2026-02-08T10:27:47.860337,9.1,14.9,2100.0
2026-02-08T10:27:48.360982,7.4,14.9,2100.0
2026-02-08T10:27:48.862589,9.0,14.9,2100.0
2026-02-08T10:27:49.363347,5.4,14.9,2100.0
2026-02-08T10:27:49.863984,5.1,14.9,2100.0
2026-02-08T10:27:50.364377,6.6,14.9,2100.0
2026-02-08T10:27:50.865264,7.3,14.9,2100.0
2026-02-08T10:27:51.365711,7.8,14.9,2100.0
2026-02-08T10:27:51.867417,7.5,14.9,2100.0
2026-02-08T10:27:52.367996,6.2,14.9,2100.0
2026-02-08T10:27:52.868606,9.4,14.9,2100.0
2026-02-08T10:27:53.369181,7.9,14.9,2100.0
2026-02-08T10:27:53.869924,4.8,14.9,2100.0
2026-02-08T10:27:54.370601,7.0,14.9,2100.0
2026-02-08T10:27:54.872870,9.8,14.9,2100.0
2026-02-08T10:27:55.373543,6.8,14.9,2100.0
2026-02-08T10:27:55.874195,8.6,14.9,2100.0
2026-02-08T10:27:56.379806,11.5,14.9,2100.0
2026-02-08T10:27:56.880831,8.1,14.9,2100.0
2026-02-08T10:27:57.381250,6.9,14.9,2100.0
2026-02-08T10:27:57.881638,7.6,14.9,2100.0
2026-02-08T10:27:58.382559,7.5,14.9,2100.0
2026-02-08T10:27:58.883453,6.5,14.9,2100.0
2026-02-08T10:27:59.384104,13.3,14.9,2100.0
2026-02-08T10:27:59.885774,7.9,14.9,2100.0
2026-02-08T10:28:00.386098,10.8,14.9,2100.0
2026-02-08T10:28:00.886593,6.6,14.9,2100.0
2026-02-08T10:28:01.388895,7.9,14.9,2100.0
2026-02-08T10:28:01.889555,6.4,14.9,2100.0
2026-02-08T10:28:02.390228,6.0,14.9,2100.0
2026-02-08T10:28:02.890622,9.6,14.9,2100.0
2026-02-08T10:28:03.391328,5.7,14.9,2100.0
2026-02-08T10:28:03.892058,7.4,14.9,2100.0
2026-02-08T10:28:04.392580,8.4,14.9,2100.0
2026-02-08T10:28:04.894179,6.1,14.9,2100.0
2026-02-08T10:28:05.394950,9.6,14.9,2100.0
2026-02-08T10:28:05.895597,5.3,14.9,2100.0
2026-02-08T10:28:06.396283,8.1,14.9,2100.0
2026-02-08T10:28:06.897018,7.4,14.9,2100.0
2026-02-08T10:28:07.397792,11.4,14.9,2100.0
2026-02-08T10:28:07.898302,6.5,14.9,2100.0
2026-02-08T10:28:08.399590,9.9,14.9,2100.0
2026-02-08T10:28:08.900473,6.2,14.9,2100.0
2026-02-08T10:28:09.401362,9.9,14.9,2100.0
2026-02-08T10:28:09.902206,7.3,14.9,2100.0
2026-02-08T10:28:10.402681,8.0,14.9,2100.0
2026-02-08T10:28:10.903329,11.6,14.9,2100.0
2026-02-08T10:28:11.403690,5.6,14.9,2100.0
2026-02-08T10:28:11.904114,12.0,14.9,2100.0
2026-02-08T10:28:12.404884,8.0,14.9,2100.0
2026-02-08T10:28:12.905619,6.2,14.9,2100.0
2026-02-08T10:28:13.406501,4.4,14.9,2100.0
2026-02-08T10:28:13.907158,7.9,14.9,2100.0
2026-02-08T10:28:14.407848,7.3,14.9,2100.0
2026-02-08T10:28:14.908645,7.7,14.9,2100.0
2026-02-08T10:28:15.409174,6.8,14.9,2100.0
2026-02-08T10:28:15.909751,8.3,14.9,2100.0
2026-02-08T10:28:16.410614,5.0,14.9,2100.0
2026-02-08T10:28:16.911740,7.3,14.9,2100.0
2026-02-08T10:28:17.412524,5.3,14.9,2100.0
2026-02-08T10:28:17.916016,9.5,14.9,2100.0
2026-02-08T10:28:18.417385,5.4,14.9,2100.0
2026-02-08T10:28:18.917910,6.9,14.9,2100.0
2026-02-08T10:28:19.418686,4.3,14.9,2100.0
2026-02-08T10:28:19.919112,9.6,14.9,2100.0
2026-02-08T10:28:20.419517,5.4,14.9,2100.0
2026-02-08T10:28:20.920803,13.5,14.9,2100.0
2026-02-08T10:28:21.421466,6.1,14.9,2100.0
2026-02-08T10:28:21.922327,6.9,14.9,2100.0
2026-02-08T10:28:22.423288,12.0,14.9,2100.0
2026-02-08T10:28:22.924688,10.4,14.9,2100.0
2026-02-08T10:28:23.425409,5.8,14.9,2100.0
2026-02-08T10:28:23.925989,8.5,14.9,2100.0
2026-02-08T10:28:24.426532,5.4,14.9,2100.0
2026-02-08T10:28:24.926993,8.4,14.9,2100.0
2026-02-08T10:28:25.427570,7.6,14.9,2100.0
2026-02-08T10:28:25.928639,11.8,14.9,2100.0
2026-02-08T10:28:26.429658,5.8,14.9,2100.0
2026-02-08T10:28:26.930528,10.2,14.9,2100.0
2026-02-08T10:28:27.431696,5.6,14.9,2100.0
2026-02-08T10:28:27.932479,9.4,14.9,2100.0
2026-02-08T10:28:28.433583,8.0,14.9,2100.0
2026-02-08T10:28:28.934346,8.3,14.9,2100.0
2026-02-08T10:28:29.436424,4.9,14.9,2100.0
2026-02-08T10:28:29.938505,9.8,14.9,2100.0
2026-02-08T10:28:30.439116,6.5,14.9,2100.0
2026-02-08T10:28:30.939669,9.0,14.9,2100.0
2026-02-08T10:28:31.442092,6.4,14.9,2100.0
2026-02-08T10:28:31.942612,9.1,14.9,2100.0
2026-02-08T10:28:32.446308,6.3,14.9,2100.0
2026-02-08T10:28:32.947948,7.9,14.9,2100.0
2026-02-08T10:28:33.449066,4.6,14.9,2100.0
2026-02-08T10:28:33.950042,7.1,14.9,2100.0
2026-02-08T10:28:34.450837,11.1,14.9,2100.0
2026-02-08T10:28:34.951761,7.3,14.9,2100.0
2026-02-08T10:28:35.453219,11.3,14.9,2100.0
2026-02-08T10:28:35.953899,4.5,14.9,2100.0
2026-02-08T10:28:36.454776,5.2,14.9,2100.0
2026-02-08T10:28:36.955814,10.1,14.9,2100.0
2026-02-08T10:28:37.456400,10.4,14.9,2100.0
2026-02-08T10:28:37.957272,4.0,14.9,2100.0
2026-02-08T10:28:38.459484,11.5,14.9,2100.0
2026-02-08T10:28:38.960614,7.5,14.9,2100.0
2026-02-08T10:28:39.461147,14.9,14.9,2100.0
2026-02-08T10:28:39.964407,3.8,14.9,2100.0
2026-02-08T10:28:40.465286,8.3,14.9,2100.0
2026-02-08T10:28:40.965715,8.0,14.9,2100.0
2026-02-08T10:28:41.466349,13.9,14.9,2100.0
2026-02-08T10:28:41.967536,6.5,14.9,2100.0
2026-02-08T10:28:42.468399,10.2,14.9,2100.0
2026-02-08T10:28:42.969037,7.6,14.9,2100.0
2026-02-08T10:28:43.470748,10.2,14.9,2100.0
2026-02-08T10:28:43.971237,7.2,14.9,2100.0
2026-02-08T10:28:44.472117,12.2,14.9,2100.0
2026-02-08T10:28:44.972902,6.2,14.9,2100.0
2026-02-08T10:28:45.473635,11.3,14.9,2100.0
2026-02-08T10:28:45.974442,7.0,14.9,2100.0
2026-02-08T10:28:46.475306,8.6,14.9,2100.0
2026-02-08T10:28:46.976058,7.1,14.9,2100.0
2026-02-08T10:28:47.476809,10.5,14.9,2100.0
2026-02-08T10:28:47.977699,6.1,14.9,2100.0
2026-02-08T10:28:48.478567,13.1,14.9,2100.0
2026-02-08T10:28:48.980222,6.3,14.9,2100.0
2026-02-08T10:28:49.481000,8.0,14.9,2100.0
2026-02-08T10:28:49.981461,7.4,14.9,2100.0
2026-02-08T10:28:50.482309,7.3,14.9,2100.0
2026-02-08T10:28:50.982744,7.1,14.9,2100.0
2026-02-08T10:28:51.483214,9.4,14.9,2100.0
2026-02-08T10:28:51.983689,5.6,14.9,2100.0
2026-02-08T10:28:52.485910,6.6,14.9,2100.0
2026-02-08T10:28:52.986671,4.6,14.9,2100.0
2026-02-08T10:28:53.488811,9.2,14.9,2100.0
2026-02-08T10:28:53.989541,8.9,14.9,2100.0
2026-02-08T10:28:54.490714,13.1,14.9,2100.0
2026-02-08T10:28:54.991420,7.6,14.9,2100.0
2026-02-08T10:28:55.492072,6.9,14.9,2100.0
2026-02-08T10:28:55.992932,5.1,14.9,2100.0
2026-02-08T10:28:56.494202,8.1,14.9,2100.0
2026-02-08T10:28:56.994701,6.4,14.9,2100.0
2026-02-08T10:28:57.495537,7.0,14.9,2100.0
2026-02-08T10:28:57.996295,5.2,14.9,2100.0
2026-02-08T10:28:58.498002,7.3,14.9,2100.0
2026-02-08T10:28:58.998525,5.6,14.9,2100.0
2026-02-08T10:28:59.501554,8.5,14.9,2100.0
2026-02-08T10:29:00.002682,5.1,14.9,2100.0
2026-02-08T10:29:00.504218,8.0,14.9,2100.0
2026-02-08T10:29:01.004793,5.9,14.9,2100.0
2026-02-08T10:29:01.505674,8.5,14.9,2100.0
2026-02-08T10:29:02.006552,5.2,14.9,2100.0
2026-02-08T10:29:02.507255,8.2,14.9,2100.0
2026-02-08T10:29:03.007892,9.7,14.9,2100.0
2026-02-08T10:29:03.508749,6.2,14.9,2100.0
2026-02-08T10:29:04.009458,6.2,14.9,2100.0
2026-02-08T10:29:04.509817,8.2,14.9,2100.0
2026-02-08T10:29:05.010598,8.5,14.9,2100.0
2026-02-08T10:29:05.511048,9.8,14.9,2100.0
2026-02-08T10:29:06.011812,7.0,14.9,2100.0
2026-02-08T10:29:06.512622,8.4,14.9,2100.0
2026-02-08T10:29:07.013528,7.0,14.9,2100.0
2026-02-08T10:29:07.514491,6.4,14.9,2100.0
2026-02-08T10:29:08.015192,5.8,14.9,2100.0
2026-02-08T10:29:08.515920,9.9,14.9,2100.0
2026-02-08T10:29:09.018357,6.7,14.9,2100.0
2026-02-08T10:29:09.518773,6.3,14.9,2100.0
2026-02-08T10:29:10.019587,8.5,14.9,2100.0
2026-02-08T10:29:10.520427,8.7,14.9,2100.0
2026-02-08T10:29:11.021396,7.6,14.9,2100.0
2026-02-08T10:29:11.522481,8.2,14.9,2100.0
2026-02-08T10:29:12.023213,5.5,14.9,2100.0
2026-02-08T10:29:12.523694,7.2,14.9,2100.0
2026-02-08T10:29:13.024251,6.6,14.9,2100.0
2026-02-08T10:29:13.524949,6.2,14.9,2100.0
2026-02-08T10:29:14.027208,10.4,14.9,2100.0
2026-02-08T10:29:14.528023,8.1,14.9,2100.0
2026-02-08T10:29:15.028612,8.1,14.9,2100.0
2026-02-08T10:29:15.529579,6.8,14.9,2100.0
2026-02-08T10:29:16.030939,7.2,14.9,2100.0
2026-02-08T10:29:16.531653,6.3,14.9,2100.0
2026-02-08T10:29:17.032931,10.6,14.9,2100.0
2026-02-08T10:29:17.533724,6.7,14.9,2100.0
2026-02-08T10:29:18.034545,9.5,14.9,2100.0
2026-02-08T10:29:18.535729,8.5,14.9,2100.0
2026-02-08T10:29:19.036464,5.2,14.9,2100.0
2026-02-08T10:29:19.536914,14.7,14.9,2100.0
2026-02-08T10:29:20.037724,7.1,14.9,2100.0
2026-02-08T10:29:20.538405,8.5,14.9,2100.0
2026-02-08T10:29:21.038786,6.5,14.9,2100.0
2026-02-08T10:29:21.539569,7.3,14.9,2100.0
2026-02-08T10:29:22.040170,4.4,14.9,2100.0
2026-02-08T10:29:22.540841,8.0,14.9,2100.0
2026-02-08T10:29:23.041800,4.8,14.9,2100.0
2026-02-08T10:29:23.542280,11.9,14.9,2100.0
2026-02-08T10:29:24.043204,5.1,14.9,2100.0
2026-02-08T10:29:24.544051,7.0,14.9,2100.0
2026-02-08T10:29:25.044951,6.4,14.9,2100.0
2026-02-08T10:29:25.579572,14.3,14.9,2100.0
2026-02-08T10:29:26.080321,6.7,14.9,2100.0
2026-02-08T10:29:26.581295,8.8,14.9,2100.0
2026-02-08T10:29:27.081916,8.1,14.9,2100.0
2026-02-08T10:29:27.583543,15.7,14.9,2100.0
2026-02-08T10:29:28.084263,6.2,14.9,2100.0
2026-02-08T10:29:28.585144,10.3,14.9,2100.0
2026-02-08T10:29:29.086206,5.4,14.9,2100.0
2026-02-08T10:29:29.587187,11.8,14.9,2100.0
2026-02-08T10:29:30.087712,5.5,14.9,2100.0
2026-02-08T10:29:30.588733,7.9,14.9,2100.0
2026-02-08T10:29:31.089671,5.6,14.9,2100.0
2026-02-08T10:29:31.590346,7.7,14.9,2100.0
2026-02-08T10:29:32.091111,8.0,14.9,2100.0
2026-02-08T10:29:32.591903,7.0,14.9,2100.0
2026-02-08T10:29:33.092749,7.0,14.9,2100.0
2026-02-08T10:29:33.593556,7.0,14.9,2100.0
2026-02-08T10:29:34.094323,13.6,14.9,2100.0
2026-02-08T10:29:34.595804,8.8,14.9,2100.0
2026-02-08T10:29:35.096479,4.5,14.9,2100.0
2026-02-08T10:29:35.598691,14.7,14.9,2100.0
2026-02-08T10:29:36.100486,6.9,14.9,2100.0
2026-02-08T10:29:36.601245,7.8,14.9,2100.0
2026-02-08T10:29:37.102055,7.4,14.9,2100.0
2026-02-08T10:29:37.602526,8.2,14.9,2100.0
2026-02-08T10:29:38.103495,5.8,14.9,2100.0
2026-02-08T10:29:38.604362,7.4,14.9,2100.0
2026-02-08T10:29:39.105071,7.2,14.9,2100.0
2026-02-08T10:29:39.605946,6.6,14.9,2100.0
2026-02-08T10:29:40.106645,4.6,14.9,2100.0
2026-02-08T10:29:40.607330,15.3,14.9,2100.0
2026-02-08T10:29:41.108176,8.3,14.9,2100.0
2026-02-08T10:29:41.611438,9.7,14.8,2100.0
2026-02-08T10:29:42.113195,5.2,14.8,2100.0
2026-02-08T10:29:42.613959,9.5,14.8,2100.0
2026-02-08T10:29:43.114787,3.7,14.8,2100.0
2026-02-08T10:29:43.615611,8.9,14.8,2100.0
2026-02-08T10:29:44.116475,5.3,14.8,2100.0
2026-02-08T10:29:44.617123,12.8,14.9,2100.0
2026-02-08T10:29:45.117938,6.8,14.9,2100.0
2026-02-08T10:29:45.619088,7.0,14.9,2100.0
2026-02-08T10:29:46.119700,6.1,14.9,2100.0
2026-02-08T10:29:46.620607,9.4,14.9,2100.0
2026-02-08T10:29:47.121370,8.8,14.9,2100.0
2026-02-08T10:29:47.621889,7.8,14.9,2100.0
2026-02-08T10:29:48.122467,7.2,14.9,2100.0
2026-02-08T10:29:48.623371,10.5,14.9,2100.0
2026-02-08T10:29:49.123903,8.4,14.9,2100.0
2026-02-08T10:29:49.624626,9.1,14.9,2100.0
2026-02-08T10:29:50.125466,7.6,14.9,2100.0
2026-02-08T10:29:50.625856,9.0,14.9,2100.0
2026-02-08T10:29:51.126669,8.8,14.9,2100.0
2026-02-08T10:29:51.627534,8.6,14.9,2100.0
2026-02-08T10:29:52.128130,8.9,14.9,2100.0
2026-02-08T10:29:52.628969,9.1,14.9,2100.0
2026-02-08T10:29:53.129855,6.1,14.9,2100.0
2026-02-08T10:29:53.630755,9.6,14.9,2100.0
2026-02-08T10:29:54.131311,8.3,14.9,2100.0
2026-02-08T10:29:54.631821,8.9,14.9,2100.0
2026-02-08T10:29:55.133650,6.3,14.9,2100.0
2026-02-08T10:29:55.634433,7.9,14.9,2100.0
2026-02-08T10:29:56.135084,7.3,14.9,2100.0
2026-02-08T10:29:56.635614,8.3,14.9,2100.0
2026-02-08T10:29:57.136081,4.3,14.9,2100.0
2026-02-08T10:29:57.636630,7.5,14.9,2100.0
2026-02-08T10:29:58.137465,7.3,14.9,2100.0
2026-02-08T10:29:58.638253,5.1,14.9,2100.0
2026-02-08T10:29:59.138949,7.0,14.9,2100.0
2026-02-08T10:29:59.639565,8.7,14.9,2100.0
2026-02-08T10:30:00.140067,10.6,14.9,2100.0
2026-02-08T10:30:00.640838,7.6,14.9,2100.0
2026-02-08T10:30:01.141395,7.6,14.9,2100.0
2026-02-08T10:30:01.642117,5.3,14.9,2100.0
2026-02-08T10:30:02.143030,6.6,14.9,2100.0
2026-02-08T10:30:02.644372,5.5,14.9,2100.0
2026-02-08T10:30:03.145399,6.7,14.8,2100.0
2026-02-08T10:30:03.645907,7.7,14.8,2100.0
2026-02-08T10:30:04.147140,4.6,14.8,2100.0
2026-02-08T10:30:04.648340,8.9,14.9,2100.0
2026-02-08T10:30:05.148904,7.9,14.8,2100.0
2026-02-08T10:30:05.649427,9.9,14.9,2100.0
2026-02-08T10:30:06.151281,6.1,14.9,2100.0
2026-02-08T10:30:06.651666,8.5,14.9,2100.0
2026-02-08T10:30:07.152489,4.0,14.9,2100.0
2026-02-08T10:30:07.653142,8.7,14.9,2100.0
2026-02-08T10:30:08.153830,6.3,14.9,2100.0
2026-02-08T10:30:08.654282,12.5,14.9,2100.0
2026-02-08T10:30:09.155099,6.1,14.9,2100.0
2026-02-08T10:30:09.655544,14.3,14.9,2100.0
2026-02-08T10:30:10.155996,5.4,14.9,2100.0
2026-02-08T10:30:10.656607,12.5,14.9,2100.0
2026-02-08T10:30:11.157003,7.0,14.9,2100.0
2026-02-08T10:30:11.657597,13.4,14.9,2100.0
2026-02-08T10:30:12.158098,6.2,14.9,2100.0
2026-02-08T10:30:12.658589,11.1,14.9,2100.0
2026-02-08T10:30:13.159016,5.2,14.9,2100.0
2026-02-08T10:30:13.660273,10.3,14.9,2100.0
2026-02-08T10:30:14.160751,6.7,14.9,2100.0
2026-02-08T10:30:14.661121,14.5,14.9,2100.0
2026-02-08T10:30:15.162523,6.3,14.9,2100.0
2026-02-08T10:30:15.662994,9.4,14.9,2100.0
2026-02-08T10:30:16.163532,7.0,14.9,2100.0
2026-02-08T10:30:16.664451,8.3,14.9,2100.0
2026-02-08T10:30:17.165100,6.5,14.9,2100.0
2026-02-08T10:30:17.665688,11.0,14.9,2100.0
2026-02-08T10:30:18.166321,6.8,14.9,2100.0
2026-02-08T10:30:18.667128,10.1,14.9,2100.0
2026-02-08T10:30:19.168211,6.6,14.9,2100.0
2026-02-08T10:30:19.668651,10.4,14.9,2100.0
2026-02-08T10:30:20.169090,5.5,14.9,2100.0
2026-02-08T10:30:20.669540,11.4,14.9,2100.0
2026-02-08T10:30:21.170328,7.3,14.9,2100.0
2026-02-08T10:30:21.670975,7.8,14.9,2100.0
2026-02-08T10:30:22.171511,5.2,14.9,2100.0
2026-02-08T10:30:22.672329,9.7,14.9,2100.0
2026-02-08T10:30:23.172766,6.9,14.9,2100.0
2026-02-08T10:30:23.673435,8.0,14.9,2100.0
2026-02-08T10:30:24.174301,3.7,14.9,2100.0
2026-02-08T10:30:24.674730,8.6,14.9,2100.0
2026-02-08T10:30:25.175371,4.9,14.9,2100.0
2026-02-08T10:30:25.676970,10.2,14.9,2100.0
2026-02-08T10:30:26.177720,6.9,14.9,2100.0
2026-02-08T10:30:26.678697,7.2,14.9,2100.0
2026-02-08T10:30:27.180536,7.1,14.9,2100.0
2026-02-08T10:30:27.681308,14.4,14.9,2100.0
2026-02-08T10:30:28.182482,6.5,14.9,2100.0
2026-02-08T10:30:28.683461,8.0,14.9,2100.0
2026-02-08T10:30:29.184167,5.5,14.9,2100.0
2026-02-08T10:30:29.684884,7.7,14.9,2100.0
2026-02-08T10:30:30.185241,6.3,14.9,2100.0
2026-02-08T10:30:30.685596,7.1,14.9,2100.0
2026-02-08T10:30:31.186164,8.2,14.9,2100.0
2026-02-08T10:30:31.686718,5.9,14.9,2100.0
2026-02-08T10:30:32.187303,6.9,14.9,2100.0
2026-02-08T10:30:32.687737,8.6,14.9,2100.0
2026-02-08T10:30:33.188278,8.4,14.9,2100.0
2026-02-08T10:30:33.689277,7.4,14.9,2100.0
2026-02-08T10:30:34.190094,6.2,14.8,2100.0
2026-02-08T10:30:34.690744,7.3,14.9,2100.0
2026-02-08T10:30:35.191452,7.5,14.9,2100.0
2026-02-08T10:30:35.692689,9.1,14.8,2100.0
2026-02-08T10:30:36.204901,7.3,14.9,2100.0
2026-02-08T10:30:36.705857,6.1,14.9,2100.0
2026-02-08T10:30:37.206384,6.2,14.8,2100.0
2026-02-08T10:30:37.707285,9.4,14.9,2100.0
2026-02-08T10:30:38.207799,6.6,14.9,2100.0
2026-02-08T10:30:38.709224,10.6,14.9,2100.0
2026-02-08T10:30:39.209835,6.6,14.9,2100.0
2026-02-08T10:30:39.710350,8.4,14.9,2100.0
2026-02-08T10:30:40.210976,5.8,14.9,2100.0
2026-02-08T10:30:40.712261,5.5,14.9,2100.0
2026-02-08T10:30:41.212649,6.1,14.9,2100.0
2026-02-08T10:30:41.713495,10.2,14.9,2100.0
2026-02-08T10:30:42.214545,9.8,14.9,2100.0
2026-02-08T10:30:42.715392,5.6,14.9,2100.0
2026-02-08T10:30:43.216169,8.2,14.9,2100.0
2026-02-08T10:30:43.717065,6.0,14.9,2100.0
2026-02-08T10:30:44.217470,6.9,14.9,2100.0
2026-02-08T10:30:44.718190,10.4,14.9,2100.0
2026-02-08T10:30:45.218656,8.7,14.9,2100.0
2026-02-08T10:30:45.719396,6.6,14.9,2100.0
2026-02-08T10:30:46.220153,9.2,14.9,2100.0
2026-02-08T10:30:46.720905,5.5,14.9,2100.0
2026-02-08T10:30:47.221504,8.5,14.9,2100.0
2026-02-08T10:30:47.722326,3.8,14.9,2100.0
2026-02-08T10:30:48.222742,6.8,14.9,2100.0
2026-02-08T10:30:48.723566,5.2,14.9,2100.0
2026-02-08T10:30:49.224131,8.5,14.9,2100.0
2026-02-08T10:30:49.724992,3.4,14.9,2100.0
2026-02-08T10:30:50.226541,13.0,14.9,2100.0
2026-02-08T10:30:50.726999,7.7,14.9,2100.0
2026-02-08T10:30:51.227830,6.0,14.9,2100.0
2026-02-08T10:30:51.728341,8.3,14.9,2100.0
2026-02-08T10:30:52.229606,6.4,14.9,2100.0
2026-02-08T10:30:52.730951,7.0,14.9,2100.0
2026-02-08T10:30:53.231811,7.0,14.9,2100.0
2026-02-08T10:30:53.732487,14.1,14.9,2100.0
2026-02-08T10:30:54.233252,8.4,14.9,2100.0
2026-02-08T10:30:54.733898,10.7,14.9,2100.0
2026-02-08T10:30:55.234453,4.5,14.9,2100.0
2026-02-08T10:30:55.735213,9.7,14.9,2100.0
2026-02-08T10:30:56.236081,7.5,14.9,2100.0
2026-02-08T10:30:56.736689,5.6,14.9,2100.0
2026-02-08T10:30:57.237246,9.1,14.9,2100.0
2026-02-08T10:30:57.737667,7.0,14.9,2100.0
2026-02-08T10:30:58.238124,8.1,14.9,2100.0
2026-02-08T10:30:58.738954,10.0,14.9,2100.0
2026-02-08T10:30:59.239594,5.6,14.9,2100.0
2026-02-08T10:30:59.740404,13.4,14.9,2100.0
2026-02-08T10:31:00.241705,5.9,14.9,2100.0
2026-02-08T10:31:00.742683,9.0,14.9,2100.0
2026-02-08T10:31:01.243102,4.4,14.9,2100.0
2026-02-08T10:31:01.744020,8.2,14.9,2100.0
2026-02-08T10:31:02.245062,6.1,14.9,2100.0
2026-02-08T10:31:02.745458,7.9,14.9,2100.0
2026-02-08T10:31:03.246582,8.8,14.9,2100.0
2026-02-08T10:31:03.748034,6.1,14.9,2100.0
2026-02-08T10:31:04.248903,5.4,14.9,2100.0
2026-02-08T10:31:04.749389,12.9,14.9,2100.0
2026-02-08T10:31:05.249984,7.3,14.9,2100.0
2026-02-08T10:31:05.750850,9.0,14.9,2100.0
2026-02-08T10:31:06.251762,6.4,14.9,2100.0
2026-02-08T10:31:06.752485,12.1,14.8,2100.0
2026-02-08T10:31:07.253214,8.5,14.8,2100.0
2026-02-08T10:31:07.753940,11.2,14.8,2100.0
2026-02-08T10:31:08.254815,5.6,14.8,2100.0
2026-02-08T10:31:08.755230,9.6,14.8,2100.0
2026-02-08T10:31:09.255670,5.3,14.8,2100.0
2026-02-08T10:31:09.756756,7.4,14.9,2100.0
2026-02-08T10:31:10.258175,6.2,14.9,2100.0
2026-02-08T10:31:10.759169,8.6,14.9,2100.0
2026-02-08T10:31:11.260109,5.1,14.9,2100.0
2026-02-08T10:31:11.761625,6.9,14.9,2100.0
2026-02-08T10:31:12.262526,5.2,14.9,2100.0
2026-02-08T10:31:12.763276,8.5,14.9,2100.0
2026-02-08T10:31:13.264136,9.6,14.9,2100.0
2026-02-08T10:31:13.764986,11.1,14.9,2100.0
2026-02-08T10:31:14.265566,7.2,14.9,2100.0
2026-02-08T10:31:14.765948,8.1,14.9,2100.0
2026-02-08T10:31:15.266658,7.1,14.9,2100.0
2026-02-08T10:31:15.767213,8.6,14.9,2100.0
2026-02-08T10:31:16.268074,7.3,14.9,2100.0
2026-02-08T10:31:16.768610,8.0,14.9,2100.0
2026-02-08T10:31:17.269385,10.1,14.9,2100.0
2026-02-08T10:31:17.770239,6.5,14.9,2100.0
2026-02-08T10:31:18.270697,11.6,14.9,2100.0
2026-02-08T10:31:18.771495,8.7,14.9,2100.0
2026-02-08T10:31:19.272209,8.0,14.9,2100.0
2026-02-08T10:31:19.773250,9.2,14.9,2100.0
2026-02-08T10:31:20.273733,8.1,14.9,2100.0
2026-02-08T10:31:20.774255,7.9,14.9,2100.0
2026-02-08T10:31:21.275201,7.6,14.9,2100.0
2026-02-08T10:31:21.776938,6.8,14.9,2100.0
2026-02-08T10:31:22.277433,8.9,14.9,2100.0
2026-02-08T10:31:22.778107,7.1,14.9,2100.0
2026-02-08T10:31:23.278954,7.8,14.9,2100.0
2026-02-08T10:31:23.779527,8.1,14.9,2100.0
2026-02-08T10:31:24.280060,8.2,14.9,2100.0
2026-02-08T10:31:24.780577,6.9,14.9,2100.0
2026-02-08T10:31:25.281141,8.2,14.9,2100.0
2026-02-08T10:31:25.781979,4.6,14.9,2100.0
2026-02-08T10:31:26.282617,6.3,14.9,2100.0
2026-02-08T10:31:26.783102,6.0,14.9,2100.0
2026-02-08T10:31:27.283651,9.0,14.9,2100.0
2026-02-08T10:31:27.784451,6.5,14.9,2100.0
2026-02-08T10:31:28.284954,6.4,14.9,2100.0
2026-02-08T10:31:28.785958,4.4,14.8,2100.0
2026-02-08T10:31:29.286769,7.1,14.9,2100.0
2026-02-08T10:31:29.787612,4.3,14.8,2100.0
2026-02-08T10:31:30.288399,11.6,14.9,2100.0
2026-02-08T10:31:30.789449,4.2,14.8,2100.0
2026-02-08T10:31:31.290161,6.9,14.8,2100.0
2026-02-08T10:31:31.791143,4.6,14.8,2100.0
2026-02-08T10:31:32.291903,6.5,14.9,2100.0
2026-02-08T10:31:32.792538,4.8,14.9,2100.0
2026-02-08T10:31:33.293370,10.5,14.9,2100.0
2026-02-08T10:31:33.794223,5.6,14.9,2100.0
2026-02-08T10:31:34.294672,9.7,14.9,2100.0
2026-02-08T10:31:34.795362,6.0,14.9,2100.0
2026-02-08T10:31:35.296106,11.4,14.9,2100.0
2026-02-08T10:31:35.797066,6.3,14.9,2100.0
2026-02-08T10:31:36.297972,7.9,14.9,2100.0
2026-02-08T10:31:36.798975,12.1,14.9,2100.0
2026-02-08T10:31:37.299826,12.6,14.9,2100.0
2026-02-08T10:31:37.800331,6.6,14.9,2100.0
2026-02-08T10:31:38.300963,8.5,14.9,2100.0
2026-02-08T10:31:38.801688,8.6,14.9,2100.0
2026-02-08T10:31:39.302414,7.8,14.9,2100.0
2026-02-08T10:31:39.803225,8.0,14.9,2100.0
2026-02-08T10:31:40.303709,6.2,14.9,2100.0
2026-02-08T10:31:40.804432,9.0,14.9,2100.0
2026-02-08T10:31:41.305705,4.3,14.9,2100.0
2026-02-08T10:31:41.806440,7.6,14.9,2100.0
2026-02-08T10:31:42.307406,7.2,14.9,2100.0
2026-02-08T10:31:42.807923,6.3,14.9,2100.0
2026-02-08T10:31:43.309393,6.8,14.9,2100.0
2026-02-08T10:31:43.810053,8.2,14.9,2100.0
2026-02-08T10:31:44.311281,6.7,14.9,2100.0
2026-02-08T10:31:44.812141,11.5,14.9,2100.0
2026-02-08T10:31:45.312861,5.2,14.9,2100.0
2026-02-08T10:31:45.813742,11.1,14.9,2100.0
2026-02-08T10:31:46.314451,5.7,14.9,2100.0
2026-02-08T10:31:46.815857,10.2,14.9,2100.0
2026-02-08T10:31:47.316628,7.5,14.9,2100.0
2026-02-08T10:31:47.817280,12.7,14.9,2100.0
2026-02-08T10:31:48.317785,4.5,14.9,2100.0
2026-02-08T10:31:48.818329,10.7,14.9,2100.0
2026-02-08T10:31:49.319019,6.1,14.9,2100.0
2026-02-08T10:31:49.819498,9.7,14.9,2100.0
2026-02-08T10:31:50.320297,6.2,14.9,2100.0
2026-02-08T10:31:50.823169,6.9,14.9,2100.0
2026-02-08T10:31:51.323816,5.3,14.9,2100.0
2026-02-08T10:31:51.826556,6.8,14.9,2100.0
2026-02-08T10:31:52.328809,6.5,14.9,2100.0
2026-02-08T10:31:52.829646,7.8,14.9,2100.0
2026-02-08T10:31:53.330255,7.5,14.9,2100.0
2026-02-08T10:31:53.831203,6.6,14.9,2100.0
2026-02-08T10:31:54.331829,5.4,14.9,2100.0
2026-02-08T10:31:54.832755,6.2,14.9,2100.0
2026-02-08T10:31:55.333181,5.3,14.9,2100.0
2026-02-08T10:31:55.833909,7.8,14.9,2100.0
2026-02-08T10:31:56.334469,9.4,14.9,2100.0
2026-02-08T10:31:56.835243,10.5,14.9,2100.0
2026-02-08T10:31:57.335673,6.7,14.9,2100.0
2026-02-08T10:31:57.836096,10.7,14.9,2100.0
2026-02-08T10:31:58.336499,5.3,14.9,2100.0
2026-02-08T10:31:58.837050,15.4,14.9,2100.0
2026-02-08T10:31:59.339336,5.1,14.8,2100.0
2026-02-08T10:31:59.839997,10.9,14.8,2100.0
2026-02-08T10:32:00.340644,5.4,14.8,2100.0
2026-02-08T10:32:00.841261,11.6,14.8,2100.0
2026-02-08T10:32:01.341640,7.1,14.8,2100.0
2026-02-08T10:32:01.842267,7.5,14.8,2100.0
2026-02-08T10:32:02.343487,9.4,14.8,2100.0
2026-02-08T10:32:02.844081,6.5,14.8,2100.0
2026-02-08T10:32:03.344572,6.7,14.8,2100.0
2026-02-08T10:32:03.845245,8.8,14.8,2100.0
2026-02-08T10:32:04.345896,5.9,14.8,2100.0
2026-02-08T10:32:04.846584,10.0,14.8,2100.0
2026-02-08T10:32:05.347407,5.8,14.8,2100.0
2026-02-08T10:32:05.848021,8.2,14.9,2100.0
2026-02-08T10:32:06.348928,8.6,14.9,2100.0
2026-02-08T10:32:06.849480,7.9,14.9,2100.0
2026-02-08T10:32:07.349896,6.2,14.9,2100.0
2026-02-08T10:32:07.850613,5.6,14.9,2100.0
2026-02-08T10:32:08.351299,9.0,14.9,2100.0
2026-02-08T10:32:08.852157,6.9,14.9,2100.0
2026-02-08T10:32:09.352774,12.8,14.9,2100.0
2026-02-08T10:32:09.853556,6.3,14.9,2100.0
2026-02-08T10:32:10.356259,6.3,14.9,2100.0
2026-02-08T10:32:10.856746,6.6,14.9,2100.0
2026-02-08T10:32:11.357074,5.8,14.9,2100.0
2026-02-08T10:32:11.859316,7.6,14.9,2100.0
2026-02-08T10:32:12.360064,9.4,14.9,2100.0
2026-02-08T10:32:12.860972,4.7,14.9,2100.0
2026-02-08T10:32:13.361505,6.1,14.9,2100.0
2026-02-08T10:32:13.862146,7.3,14.9,2100.0
2026-02-08T10:32:14.362852,6.9,14.9,2100.0
2026-02-08T10:32:14.863660,5.6,14.9,2100.0
2026-02-08T10:32:15.364195,5.3,14.9,2100.0
2026-02-08T10:32:15.865172,9.1,14.9,2100.0
2026-02-08T10:32:16.365588,10.9,14.9,2100.0
2026-02-08T10:32:16.866355,8.1,14.9,2100.0
2026-02-08T10:32:17.367164,8.5,14.9,2100.0
2026-02-08T10:32:17.867690,6.3,14.9,2100.0
2026-02-08T10:32:18.368524,10.6,14.9,2100.0
2026-02-08T10:32:18.869200,5.7,14.9,2100.0
2026-02-08T10:32:19.369716,10.2,14.9,2100.0
2026-02-08T10:32:19.873102,6.0,14.9,2100.0
2026-02-08T10:32:20.374115,7.8,14.9,2100.0
2026-02-08T10:32:20.875025,7.8,14.9,2100.0
2026-02-08T10:32:21.376459,8.5,14.9,2100.0
2026-02-08T10:32:21.877211,7.9,14.9,2100.0
2026-02-08T10:32:22.377772,10.3,14.9,2100.0
2026-02-08T10:32:22.878295,5.9,14.9,2100.0
2026-02-08T10:32:23.379206,7.5,14.9,2100.0
2026-02-08T10:32:23.880063,6.2,14.9,2100.0
2026-02-08T10:32:24.380682,12.1,14.9,2100.0
2026-02-08T10:32:24.882132,6.6,14.9,2100.0
2026-02-08T10:32:25.382591,11.1,14.9,2100.0
2026-02-08T10:32:25.883035,7.8,14.9,2100.0
2026-02-08T10:32:26.383529,9.1,14.9,2100.0
2026-02-08T10:32:26.884142,5.0,14.9,2100.0
2026-02-08T10:32:27.384613,8.5,14.9,2100.0
2026-02-08T10:32:27.885513,7.7,14.9,2100.0
2026-02-08T10:32:28.386412,6.5,14.9,2100.0
2026-02-08T10:32:28.887406,7.9,14.9,2100.0
2026-02-08T10:32:29.388308,4.4,14.9,2100.0
2026-02-08T10:32:29.890326,8.7,14.9,2100.0
2026-02-08T10:32:30.391361,8.8,14.9,2100.0
2026-02-08T10:32:30.892063,7.2,14.9,2100.0
2026-02-08T10:32:31.392686,6.7,14.9,2100.0
2026-02-08T10:32:31.895712,11.0,14.9,2100.0
2026-02-08T10:32:32.396289,7.6,14.9,2100.0
2026-02-08T10:32:32.896986,6.6,14.8,2100.0
2026-02-08T10:32:33.397809,6.5,14.8,2100.0
2026-02-08T10:32:33.898793,8.9,14.8,2100.0
2026-02-08T10:32:34.399237,7.9,14.8,2100.0
2026-02-08T10:32:34.900016,5.7,14.8,2100.0
2026-02-08T10:32:35.400901,6.1,14.8,2100.0
2026-02-08T10:32:35.901295,5.6,14.8,2100.0
2026-02-08T10:32:36.402028,7.0,14.8,2100.0
2026-02-08T10:32:36.903584,11.8,14.8,2100.0
2026-02-08T10:32:37.404871,5.9,14.8,2100.0
2026-02-08T10:32:37.907060,4.4,14.8,2100.0
2026-02-08T10:32:38.408066,9.2,14.9,2100.0
2026-02-08T10:32:38.908561,8.8,14.9,2100.0
2026-02-08T10:32:39.409017,7.7,14.9,2100.0
2026-02-08T10:32:39.909633,11.2,14.9,2100.0
2026-02-08T10:32:40.410101,7.2,14.9,2100.0
2026-02-08T10:32:40.911142,11.9,14.9,2100.0
2026-02-08T10:32:41.411944,5.2,14.9,2100.0
2026-02-08T10:32:41.912736,9.9,14.9,2100.0
2026-02-08T10:32:42.413411,8.6,14.9,2100.0
2026-02-08T10:32:42.913924,8.7,14.9,2100.0
2026-02-08T10:32:43.415027,6.6,14.9,2100.0
2026-02-08T10:32:43.915801,14.4,14.9,2100.0
2026-02-08T10:32:44.416356,6.1,14.9,2100.0
2026-02-08T10:32:44.916930,8.9,14.9,2100.0
2026-02-08T10:32:45.417348,5.7,14.9,2100.0
2026-02-08T10:32:45.917786,9.4,14.9,2100.0
2026-02-08T10:32:46.418205,4.8,14.9,2100.0
2026-02-08T10:32:46.919058,8.1,14.9,2100.0
2026-02-08T10:32:47.419841,7.5,14.9,2100.0
2026-02-08T10:32:47.920695,9.0,14.9,2100.0
2026-02-08T10:32:48.421560,5.7,14.9,2100.0
2026-02-08T10:32:48.923183,8.1,14.9,2100.0
2026-02-08T10:32:49.423603,7.6,14.9,2100.0
2026-02-08T10:32:49.924365,7.2,14.9,2100.0
2026-02-08T10:32:50.425724,7.1,14.9,2100.0
2026-02-08T10:32:50.926390,7.7,14.9,2100.0
2026-02-08T10:32:51.427118,6.3,14.9,2100.0
2026-02-08T10:32:51.928060,10.8,14.9,2100.0
2026-02-08T10:32:52.428909,7.6,14.9,2100.0
2026-02-08T10:32:52.929793,7.3,14.9,2100.0
2026-02-08T10:32:53.430319,6.3,14.9,2100.0
2026-02-08T10:32:53.931135,7.4,14.9,2100.0
2026-02-08T10:32:54.431536,12.0,14.9,2100.0
2026-02-08T10:32:54.932353,4.2,14.9,2100.0
2026-02-08T10:32:55.432839,7.9,14.9,2100.0
2026-02-08T10:32:55.933858,5.5,14.8,2100.0
2026-02-08T10:32:56.434347,6.4,14.8,2100.0
2026-02-08T10:32:56.935833,6.4,14.8,2100.0
2026-02-08T10:32:57.436986,5.2,14.8,2100.0
2026-02-08T10:32:57.937745,5.8,14.8,2100.0
2026-02-08T10:32:58.438296,4.6,14.8,2100.0
2026-02-08T10:32:58.939101,6.1,14.8,2100.0
2026-02-08T10:32:59.439885,8.6,14.8,2100.0
2026-02-08T10:32:59.941632,7.4,14.8,2100.0
2026-02-08T10:33:00.442138,9.6,14.8,2100.0
2026-02-08T10:33:00.942798,5.5,14.8,2100.0
2026-02-08T10:33:01.443445,5.9,14.8,2100.0
2026-02-08T10:33:01.944181,7.7,14.8,2100.0
2026-02-08T10:33:02.444986,6.5,14.8,2100.0
2026-02-08T10:33:02.945822,9.8,14.8,2100.0
2026-02-08T10:33:03.446586,6.3,14.8,2100.0
2026-02-08T10:33:03.947401,10.1,14.8,2100.0
2026-02-08T10:33:04.448184,8.0,14.8,2100.0
2026-02-08T10:33:04.948919,5.9,14.8,2100.0
2026-02-08T10:33:05.449665,10.1,14.8,2100.0
2026-02-08T10:33:05.950442,5.9,14.8,2100.0
2026-02-08T10:33:06.451730,8.3,14.8,2100.0
2026-02-08T10:33:06.952621,7.3,14.8,2100.0
2026-02-08T10:33:07.454490,13.4,14.8,2100.0
2026-02-08T10:33:07.955058,6.6,14.8,2100.0
2026-02-08T10:33:08.455948,8.0,14.8,2100.0
2026-02-08T10:33:08.956520,6.5,14.8,2100.0
2026-02-08T10:33:09.457227,9.0,14.8,2100.0
2026-02-08T10:33:09.958075,5.7,14.8,2100.0
2026-02-08T10:33:10.458651,9.9,14.8,2100.0
2026-02-08T10:33:10.959057,6.6,14.8,2100.0
2026-02-08T10:33:11.459997,9.8,14.8,2100.0
2026-02-08T10:33:11.960651,7.9,14.8,2100.0
2026-02-08T10:33:12.461475,6.0,14.8,2100.0
2026-02-08T10:33:12.961904,7.4,14.8,2100.0
2026-02-08T10:33:13.462646,8.5,14.8,2100.0
2026-02-08T10:33:13.963562,9.1,14.8,2100.0
2026-02-08T10:33:14.464141,12.0,14.8,2100.0
2026-02-08T10:33:14.964914,5.7,14.8,2100.0
2026-02-08T10:33:15.465571,8.9,14.8,2100.0
2026-02-08T10:33:15.966174,6.1,14.8,2100.0
2026-02-08T10:33:16.466958,4.9,14.8,2100.0
2026-02-08T10:33:16.968244,6.0,14.8,2100.0
2026-02-08T10:33:17.469059,8.2,14.8,2100.0
2026-02-08T10:33:17.970527,5.9,14.9,2100.0
2026-02-08T10:33:18.471276,8.3,14.9,2100.0
2026-02-08T10:33:18.972115,6.2,14.8,2100.0
2026-02-08T10:33:19.472839,7.2,14.8,2100.0
2026-02-08T10:33:19.973359,6.9,14.8,2100.0
2026-02-08T10:33:20.474316,8.8,14.9,2100.0
2026-02-08T10:33:20.975340,8.4,14.9,2100.0
2026-02-08T10:33:21.475856,6.5,14.9,2100.0
2026-02-08T10:33:21.976457,5.5,14.9,2100.0
2026-02-08T10:33:22.476990,6.2,14.9,2100.0
2026-02-08T10:33:22.977503,6.9,14.9,2100.0
2026-02-08T10:33:23.478060,9.0,14.9,2100.0
2026-02-08T10:33:23.978697,8.7,14.9,2100.0
2026-02-08T10:33:24.479304,8.4,14.9,2100.0
2026-02-08T10:33:24.980183,5.8,14.9,2100.0
2026-02-08T10:33:25.480907,7.8,14.9,2100.0
2026-02-08T10:33:25.981634,6.3,14.9,2100.0
2026-02-08T10:33:26.482132,7.5,14.9,2100.0
2026-02-08T10:33:26.982809,6.3,14.9,2100.0
2026-02-08T10:33:27.484617,9.1,14.8,2100.0
2026-02-08T10:33:27.985574,6.6,14.8,2100.0
2026-02-08T10:33:28.486001,9.0,14.8,2100.0
2026-02-08T10:33:28.986980,11.3,14.8,2100.0
2026-02-08T10:33:29.488348,8.9,14.8,2100.0
2026-02-08T10:33:29.989248,7.3,14.8,2100.0
2026-02-08T10:33:30.490168,7.1,14.8,2100.0
2026-02-08T10:33:30.990661,6.5,14.8,2100.0
2026-02-08T10:33:31.491385,8.2,14.8,2100.0
2026-02-08T10:33:31.991846,7.0,14.8,2100.0
2026-02-08T10:33:32.492696,6.8,14.8,2100.0
2026-02-08T10:33:32.993234,12.9,14.8,2100.0
2026-02-08T10:33:33.493769,12.0,14.8,2100.0
2026-02-08T10:33:33.994583,10.6,14.8,2100.0
2026-02-08T10:33:34.495268,13.4,14.8,2100.0
2026-02-08T10:33:34.995613,5.2,14.8,2100.0
2026-02-08T10:33:35.496845,9.0,14.8,2100.0
2026-02-08T10:33:35.997784,6.1,14.8,2100.0
2026-02-08T10:33:36.498305,8.6,14.8,2100.0
2026-02-08T10:33:36.998861,6.2,14.8,2100.0
2026-02-08T10:33:37.500071,9.1,14.8,2100.0
2026-02-08T10:33:38.001161,5.3,14.8,2100.0
2026-02-08T10:33:38.502345,10.6,14.8,2100.0
2026-02-08T10:33:39.003101,4.3,14.8,2100.0
2026-02-08T10:33:39.504229,10.7,14.8,2100.0
2026-02-08T10:33:40.005373,9.8,14.8,2100.0
2026-02-08T10:33:40.505976,9.8,14.8,2100.0
2026-02-08T10:33:41.007042,4.8,14.8,2100.0
2026-02-08T10:33:41.508175,6.3,14.8,2100.0
2026-02-08T10:33:42.009003,6.0,14.8,2100.0
2026-02-08T10:33:42.509565,9.4,14.8,2100.0
2026-02-08T10:33:43.010356,7.0,14.8,2100.0
2026-02-08T10:33:43.511321,13.5,14.9,2100.0
2026-02-08T10:33:44.011727,6.4,14.9,2100.0
2026-02-08T10:33:44.512506,11.1,14.9,2100.0
2026-02-08T10:33:45.013282,5.7,14.9,2100.0
2026-02-08T10:33:45.514170,10.0,14.9,2100.0
2026-02-08T10:33:46.014718,5.6,14.9,2100.0
2026-02-08T10:33:46.516524,6.5,14.9,2100.0
2026-02-08T10:33:47.017788,5.8,14.9,2100.0
2026-02-08T10:33:47.518279,9.1,14.9,2100.0
2026-02-08T10:33:48.019280,7.8,14.8,2100.0
2026-02-08T10:33:48.520054,6.4,14.9,2100.0
2026-02-08T10:33:49.020714,7.7,14.9,2100.0
2026-02-08T10:33:49.521555,6.7,14.9,2100.0
2026-02-08T10:33:50.022549,7.0,14.9,2100.0
2026-02-08T10:33:50.523250,10.9,14.9,2100.0
2026-02-08T10:33:51.023977,7.7,14.9,2100.0
2026-02-08T10:33:51.524431,7.3,14.9,2100.0
2026-02-08T10:33:52.025309,9.2,14.9,2100.0
2026-02-08T10:33:52.526196,12.1,14.9,2100.0
2026-02-08T10:33:53.027041,9.6,14.9,2100.0
2026-02-08T10:33:53.527601,6.9,14.9,2100.0
2026-02-08T10:33:54.028667,7.0,14.9,2100.0
2026-02-08T10:33:54.530270,9.7,14.9,2100.0
2026-02-08T10:33:55.030701,6.9,14.9,2100.0
2026-02-08T10:33:55.534011,8.5,14.9,2100.0
2026-02-08T10:33:56.034725,8.1,14.9,2100.0
2026-02-08T10:33:56.535535,8.0,14.9,2100.0
2026-02-08T10:33:57.036413,7.0,14.9,2100.0
2026-02-08T10:33:57.537473,8.3,14.9,2100.0
2026-02-08T10:33:58.038196,5.8,14.9,2100.0
2026-02-08T10:33:58.538585,7.8,14.9,2100.0
2026-02-08T10:33:59.039793,7.5,14.9,2100.0
2026-02-08T10:33:59.540472,9.1,14.9,2100.0
2026-02-08T10:34:00.041079,6.7,14.9,2100.0
2026-02-08T10:34:00.541726,9.7,14.9,2100.0
2026-02-08T10:34:01.042438,6.4,14.9,2100.0
2026-02-08T10:34:01.542926,7.0,14.9,2100.0
2026-02-08T10:34:02.043648,7.9,14.9,2100.0
2026-02-08T10:34:02.544450,5.2,14.9,2100.0
2026-02-08T10:34:03.045999,8.5,14.9,2100.0
2026-02-08T10:34:03.546909,4.8,14.9,2100.0
2026-02-08T10:34:04.047687,7.7,14.9,2100.0
2026-02-08T10:34:04.549331,6.8,14.9,2100.0
2026-02-08T10:34:05.050389,10.1,14.9,2100.0
2026-02-08T10:34:05.551032,7.2,14.9,2100.0
2026-02-08T10:34:06.052064,6.3,14.9,2100.0
2026-02-08T10:34:06.552719,7.9,14.9,2100.0
2026-02-08T10:34:07.053281,6.3,14.9,2100.0
2026-02-08T10:34:07.554305,7.4,14.9,2100.0
2026-02-08T10:34:08.054929,6.0,14.9,2100.0
2026-02-08T10:34:08.555973,8.2,14.9,2100.0
2026-02-08T10:34:09.056906,7.7,14.9,2100.0
2026-02-08T10:34:09.557677,8.2,14.9,2100.0
2026-02-08T10:34:10.058482,7.3,14.9,2100.0
2026-02-08T10:34:10.559069,8.6,14.9,2100.0
2026-02-08T10:34:11.059946,9.0,14.9,2100.0
2026-02-08T10:34:11.560953,8.9,14.9,2100.0
2026-02-08T10:34:12.061799,9.3,14.9,2100.0
2026-02-08T10:34:12.562656,7.7,14.9,2100.0
2026-02-08T10:34:13.063605,9.2,14.9,2100.0
2026-02-08T10:34:13.564182,7.4,14.9,2100.0
2026-02-08T10:34:14.065592,7.4,14.9,2100.0
2026-02-08T10:34:14.566440,6.3,14.9,2100.0
2026-02-08T10:34:15.067067,7.7,14.9,2100.0
2026-02-08T10:34:15.567540,5.9,14.9,2100.0
2026-02-08T10:34:16.068113,8.9,14.9,2100.0
2026-02-08T10:34:16.568687,6.6,14.9,2100.0
2026-02-08T10:34:17.069795,6.0,14.9,2100.0
2026-02-08T10:34:17.570664,7.2,14.9,2100.0
2026-02-08T10:34:18.071334,5.6,14.9,2100.0
2026-02-08T10:34:18.572922,5.5,14.9,2100.0
2026-02-08T10:34:19.073561,8.4,14.9,2100.0
2026-02-08T10:34:19.574431,5.7,14.9,2100.0
2026-02-08T10:34:20.075355,6.3,14.9,2100.0
2026-02-08T10:34:20.576299,6.5,14.9,2100.0
2026-02-08T10:34:21.077063,6.9,14.9,2100.0
2026-02-08T10:34:21.577924,5.5,14.9,2100.0
2026-02-08T10:34:22.078639,6.5,14.9,2100.0
2026-02-08T10:34:22.579118,8.4,14.9,2100.0
2026-02-08T10:34:23.079637,5.2,14.9,2100.0
2026-02-08T10:34:23.580046,7.5,14.9,2100.0
2026-02-08T10:34:24.080601,5.0,14.9,2100.0
2026-02-08T10:34:24.581747,6.5,14.9,2100.0
2026-02-08T10:34:25.082809,7.6,14.9,2100.0
2026-02-08T10:34:25.584116,7.1,14.9,2100.0
2026-02-08T10:34:26.084911,4.6,14.9,2100.0
2026-02-08T10:34:26.585798,7.1,14.9,2100.0
2026-02-08T10:34:27.087487,5.9,14.9,2100.0
2026-02-08T10:34:27.588167,8.5,14.9,2100.0
2026-02-08T10:34:28.088798,8.6,14.9,2100.0
2026-02-08T10:34:28.589241,11.6,14.9,2100.0
2026-02-08T10:34:29.090028,3.8,14.9,2100.0
2026-02-08T10:34:29.590827,12.6,14.9,2100.0
2026-02-08T10:34:30.091576,5.9,14.9,2100.0
2026-02-08T10:34:30.591946,11.0,14.8,2100.0
2026-02-08T10:34:31.092567,6.9,14.8,2100.0
2026-02-08T10:34:31.593276,7.0,14.8,2100.0
2026-02-08T10:34:32.093758,9.1,14.8,2100.0
2026-02-08T10:34:32.594187,7.9,14.8,2100.0
2026-02-08T10:34:33.094790,5.7,14.8,2100.0
2026-02-08T10:34:33.595502,6.3,14.8,2100.0
2026-02-08T10:34:34.096333,8.3,14.8,2100.0
2026-02-08T10:34:34.597591,12.1,14.8,2100.0
2026-02-08T10:34:35.099085,7.8,14.8,2100.0
2026-02-08T10:34:35.599719,10.7,14.8,2100.0
2026-02-08T10:34:36.100375,6.8,14.8,2100.0
2026-02-08T10:34:36.601864,6.7,14.8,2100.0
2026-02-08T10:34:37.102696,6.6,14.8,2100.0
2026-02-08T10:34:37.603285,7.6,14.8,2100.0
2026-02-08T10:34:38.106104,7.3,14.8,2100.0
2026-02-08T10:34:38.610702,9.3,14.8,2100.0
2026-02-08T10:34:39.113232,12.4,14.9,2100.0
2026-02-08T10:34:39.615958,10.6,14.8,2100.0
2026-02-08T10:34:40.117046,4.6,14.8,2100.0
2026-02-08T10:34:40.617646,18.0,14.8,2100.0
2026-02-08T10:34:41.118252,5.2,14.8,2100.0
2026-02-08T10:34:41.619118,10.0,14.8,2100.0
2026-02-08T10:34:42.120021,4.2,14.8,2100.0
2026-02-08T10:34:42.620883,8.6,14.9,2100.0
2026-02-08T10:34:43.121692,6.7,14.9,2100.0
2026-02-08T10:34:43.624638,7.9,14.8,2100.0
2026-02-08T10:34:44.125041,7.0,14.8,2100.0
2026-02-08T10:34:44.625760,8.0,14.8,2100.0
2026-02-08T10:34:45.126205,6.3,14.9,2100.0
2026-02-08T10:34:45.627075,8.4,14.9,2100.0
2026-02-08T10:34:46.127683,3.9,14.9,2100.0
2026-02-08T10:34:46.628428,8.7,14.8,2100.0
2026-02-08T10:34:47.130558,8.8,14.8,2100.0
2026-02-08T10:34:47.632035,9.1,14.8,2100.0
2026-02-08T10:34:48.132684,7.5,14.9,2100.0
2026-02-08T10:34:48.634182,7.3,14.8,2100.0
2026-02-08T10:34:49.135250,6.9,14.9,2100.0
2026-02-08T10:34:49.636074,10.0,14.9,2100.0
2026-02-08T10:34:50.136700,9.6,14.9,2100.0
2026-02-08T10:34:50.637767,6.9,14.9,2100.0
2026-02-08T10:34:51.138341,5.9,14.9,2100.0
2026-02-08T10:34:51.638985,7.2,14.9,2100.0
2026-02-08T10:34:52.139692,7.6,14.9,2100.0
2026-02-08T10:34:52.640210,6.5,14.9,2100.0
2026-02-08T10:34:53.140609,9.1,14.9,2100.0
2026-02-08T10:34:53.641291,8.3,14.9,2100.0
2026-02-08T10:34:54.141786,6.5,14.9,2100.0
2026-02-08T10:34:54.642363,7.8,14.9,2100.0
2026-02-08T10:34:55.143039,7.9,14.9,2100.0
2026-02-08T10:34:55.643480,7.6,14.9,2100.0
2026-02-08T10:34:56.144041,8.0,14.9,2100.0
2026-02-08T10:34:56.649482,6.4,14.9,2100.0
2026-02-08T10:34:57.150274,5.6,14.9,2100.0
2026-02-08T10:34:57.651320,6.6,14.8,2100.0
2026-02-08T10:34:58.152537,8.1,14.8,2100.0
2026-02-08T10:34:58.653263,5.5,14.8,2100.0
2026-02-08T10:34:59.153744,5.9,14.9,2100.0
2026-02-08T10:34:59.654450,7.2,14.9,2100.0
2026-02-08T10:35:00.154831,8.4,14.9,2100.0
2026-02-08T10:35:00.655561,8.1,14.9,2100.0
2026-02-08T10:35:01.156457,5.8,14.9,2100.0
2026-02-08T10:35:01.657092,10.0,14.9,2100.0
2026-02-08T10:35:02.157916,9.0,14.9,2100.0
2026-02-08T10:35:02.658494,7.2,14.9,2100.0
2026-02-08T10:35:03.159395,6.8,14.8,2100.0
2026-02-08T10:35:03.659829,5.5,14.8,2100.0
2026-02-08T10:35:04.160477,8.8,14.8,2100.0
2026-02-08T10:35:04.660954,5.9,14.8,2100.0
2026-02-08T10:35:05.161402,6.5,14.8,2100.0
2026-02-08T10:35:05.661823,7.3,14.8,2100.0
2026-02-08T10:35:06.163219,7.2,14.8,2100.0
2026-02-08T10:35:06.663659,6.0,14.8,2100.0
2026-02-08T10:35:07.164480,8.4,14.8,2100.0
2026-02-08T10:35:07.665036,8.8,14.8,2100.0
2026-02-08T10:35:08.166244,5.8,14.8,2100.0
2026-02-08T10:35:08.667120,6.8,14.8,2100.0
2026-02-08T10:35:09.167892,5.2,14.8,2100.0
2026-02-08T10:35:09.668619,8.8,14.8,2100.0
2026-02-08T10:35:10.169614,5.1,14.8,2100.0
2026-02-08T10:35:10.670467,10.2,14.8,2100.0
2026-02-08T10:35:11.170961,5.2,14.8,2100.0
2026-02-08T10:35:11.671599,6.8,14.9,2100.0
2026-02-08T10:35:12.172234,7.0,14.8,2100.0
2026-02-08T10:35:12.673042,11.2,14.9,2100.0
2026-02-08T10:35:13.173956,7.7,14.8,2100.0
2026-02-08T10:35:13.674534,10.8,14.9,2100.0
2026-02-08T10:35:14.175026,10.4,14.9,2100.0
2026-02-08T10:35:14.675600,12.1,14.9,2100.0
2026-02-08T10:35:15.176110,7.7,14.9,2100.0
2026-02-08T10:35:15.676671,9.6,14.9,2100.0
2026-02-08T10:35:16.177183,5.6,14.9,2100.0
2026-02-08T10:35:16.677762,5.8,14.9,2100.0
2026-02-08T10:35:17.179207,6.9,14.9,2100.0
2026-02-08T10:35:17.680612,7.3,14.9,2100.0
2026-02-08T10:35:18.181123,5.6,14.9,2100.0
2026-02-08T10:35:18.681773,8.1,14.9,2100.0
2026-02-08T10:35:19.182630,8.2,14.9,2100.0
2026-02-08T10:35:19.683806,10.9,14.9,2100.0
2026-02-08T10:35:20.184922,5.8,14.9,2100.0
2026-02-08T10:35:20.685384,8.1,14.9,2100.0
2026-02-08T10:35:21.186124,8.8,14.8,2100.0
2026-02-08T10:35:21.686587,6.7,14.9,2100.0
2026-02-08T10:35:22.187424,7.3,14.9,2100.0
2026-02-08T10:35:22.688035,6.3,14.9,2100.0
2026-02-08T10:35:23.188688,6.5,14.9,2100.0
2026-02-08T10:35:23.689370,7.4,14.9,2100.0
2026-02-08T10:35:24.189764,6.3,14.9,2100.0
2026-02-08T10:35:24.690592,6.2,14.9,2100.0
2026-02-08T10:35:25.191613,9.8,14.9,2100.0
2026-02-08T10:35:25.692570,9.1,14.9,2100.0
2026-02-08T10:35:26.193123,5.7,14.9,2100.0
2026-02-08T10:35:26.693789,5.9,14.9,2100.0
2026-02-08T10:35:27.195502,5.4,14.9,2100.0
2026-02-08T10:35:27.696282,7.0,14.8,2100.0
2026-02-08T10:35:28.196807,7.3,14.8,2100.0
2026-02-08T10:35:28.697211,7.3,14.8,2100.0
2026-02-08T10:35:29.199462,5.0,14.8,2100.0
2026-02-08T10:35:29.700161,6.3,14.8,2100.0
2026-02-08T10:35:30.201058,6.2,14.8,2100.0
2026-02-08T10:35:30.702059,7.8,14.8,2100.0
2026-02-08T10:35:31.202599,7.6,14.8,2100.0
2026-02-08T10:35:31.703646,6.3,14.9,2100.0
2026-02-08T10:35:32.204482,6.6,14.9,2100.0
2026-02-08T10:35:32.705472,7.3,14.9,2100.0
2026-02-08T10:35:33.206155,9.1,14.9,2100.0
2026-02-08T10:35:33.706876,6.9,14.9,2100.0
2026-02-08T10:35:34.207540,9.1,14.9,2100.0
2026-02-08T10:35:34.707979,6.8,14.9,2100.0
2026-02-08T10:35:35.208463,7.0,14.9,2100.0
2026-02-08T10:35:35.709009,6.4,14.9,2100.0
2026-02-08T10:35:36.209625,8.0,14.9,2100.0
2026-02-08T10:35:36.710251,7.2,14.9,2100.0
2026-02-08T10:35:37.211680,8.7,14.8,2100.0
2026-02-08T10:35:37.713851,7.9,14.8,2100.0
2026-02-08T10:35:38.214367,6.1,14.8,2100.0
2026-02-08T10:35:38.715178,8.0,14.8,2100.0
2026-02-08T10:35:39.216734,6.5,14.8,2100.0
2026-02-08T10:35:39.717080,10.9,14.8,2100.0
2026-02-08T10:35:40.218152,9.3,14.8,2100.0
2026-02-08T10:35:40.719067,6.4,14.8,2100.0
2026-02-08T10:35:41.220004,8.7,14.9,2100.0
2026-02-08T10:35:41.720604,8.2,14.8,2100.0
2026-02-08T10:35:42.221381,9.8,14.8,2100.0
2026-02-08T10:35:42.722871,11.9,14.8,2100.0
2026-02-08T10:35:43.224947,14.4,14.8,2100.0
2026-02-08T10:35:43.725357,10.2,14.8,2100.0
2026-02-08T10:35:44.227345,13.7,14.8,2100.0
2026-02-08T10:35:44.729264,10.8,14.8,2100.0
2026-02-08T10:35:45.231693,12.7,14.9,2100.0
2026-02-08T10:35:45.732905,10.5,14.9,2100.0
2026-02-08T10:35:46.236145,10.2,14.9,2100.0
2026-02-08T10:35:46.737256,12.8,14.9,2100.0
2026-02-08T10:35:47.239446,11.9,14.9,2100.0
2026-02-08T10:35:47.740663,11.2,14.9,2100.0
2026-02-08T10:35:48.241868,9.4,14.9,2100.0
2026-02-08T10:35:48.743107,12.8,14.9,2100.0
2026-02-08T10:35:49.245395,12.5,14.9,2100.0
2026-02-08T10:35:49.746426,15.4,14.9,2100.0
2026-02-08T10:35:50.248888,15.8,14.9,2100.0
2026-02-08T10:35:50.750958,11.5,14.9,2100.0
2026-02-08T10:35:51.252021,12.6,14.9,2100.0
2026-02-08T10:35:51.752725,14.3,14.9,2100.0
2026-02-08T10:35:52.255178,19.7,14.9,2100.0
2026-02-08T10:35:52.758244,12.2,14.9,2100.0
2026-02-08T10:35:53.260267,17.5,14.9,2100.0
2026-02-08T10:35:53.761633,13.9,14.9,2100.0
2026-02-08T10:35:54.262872,23.5,14.9,2100.0
2026-02-08T10:35:54.765650,12.7,14.9,2100.0
2026-02-08T10:35:55.267466,12.7,14.9,2100.0
2026-02-08T10:35:55.768785,10.9,14.9,2100.0
2026-02-08T10:35:56.269666,16.9,14.9,2100.0
2026-02-08T10:35:56.771744,11.2,14.9,2100.0
2026-02-08T10:35:57.274177,13.2,14.9,2100.0
2026-02-08T10:35:57.774675,17.7,14.9,2100.0
2026-02-08T10:35:58.275366,12.1,14.8,2100.0
2026-02-08T10:35:58.777297,20.0,14.8,2100.0
2026-02-08T10:35:59.278683,15.8,14.8,2100.0
2026-02-08T10:35:59.779585,14.9,14.8,2100.0
2026-02-08T10:36:00.280790,11.2,14.8,2100.0
2026-02-08T10:36:00.781585,19.0,14.8,2100.0
2026-02-08T10:36:01.283078,15.1,14.8,2100.0
2026-02-08T10:36:01.784024,13.7,14.8,2100.0
2026-02-08T10:36:02.285284,16.9,14.8,2100.0
2026-02-08T10:36:02.787807,17.1,14.8,2100.0
2026-02-08T10:36:03.288194,12.5,14.8,2100.0
2026-02-08T10:36:03.790414,10.5,14.8,2100.0
2026-02-08T10:36:04.291868,13.5,14.9,2100.0
2026-02-08T10:36:04.792801,13.2,14.9,2100.0
2026-02-08T10:36:05.295294,11.2,14.9,2100.0
2026-02-08T10:36:05.796738,14.4,14.9,2100.0
2026-02-08T10:36:06.299731,11.5,14.9,2100.0
2026-02-08T10:36:06.801398,13.9,14.9,2100.0
2026-02-08T10:36:07.301795,13.6,14.9,2100.0
2026-02-08T10:36:07.802206,17.8,14.9,2100.0
2026-02-08T10:36:08.304492,12.2,14.9,2100.0
2026-02-08T10:36:08.806367,11.5,14.9,2100.0
2026-02-08T10:36:09.310288,18.1,14.9,2100.0
2026-02-08T10:36:09.811277,9.7,14.9,2100.0
2026-02-08T10:36:10.312426,6.1,14.9,2100.0
2026-02-08T10:36:10.812892,8.1,14.8,2100.0
2026-02-08T10:36:11.314042,8.9,14.8,2100.0
2026-02-08T10:36:11.814655,5.8,14.8,2100.0
2026-02-08T10:36:12.315304,7.0,14.8,2100.0
2026-02-08T10:36:12.817902,6.3,14.8,2100.0
2026-02-08T10:36:13.319146,5.6,14.8,2100.0
2026-02-08T10:36:13.819923,7.0,14.8,2100.0
2026-02-08T10:36:14.320387,7.2,14.8,2100.0
2026-02-08T10:36:14.821017,6.7,14.8,2100.0
2026-02-08T10:36:15.321729,5.7,14.8,2100.0
2026-02-08T10:36:15.822139,10.6,14.8,2100.0
2026-02-08T10:36:16.322649,6.9,14.8,2100.0
2026-02-08T10:36:16.823331,6.1,14.8,2100.0
2026-02-08T10:36:17.324122,4.7,14.8,2100.0
2026-02-08T10:36:17.825027,8.6,14.8,2100.0
2026-02-08T10:36:18.326421,6.1,14.8,2100.0
2026-02-08T10:36:18.827275,9.9,14.8,2100.0
2026-02-08T10:36:19.329160,7.9,14.8,2100.0
2026-02-08T10:36:19.829747,9.4,14.8,2100.0
2026-02-08T10:36:20.330301,8.7,14.8,2100.0
2026-02-08T10:36:20.831760,9.3,14.9,2100.0
2026-02-08T10:36:21.332541,6.9,14.8,2100.0
2026-02-08T10:36:21.833319,7.9,14.8,2100.0
2026-02-08T10:36:22.334129,7.9,14.8,2100.0
2026-02-08T10:36:22.834952,7.5,14.8,2100.0
2026-02-08T10:36:23.335419,8.4,14.8,2100.0
2026-02-08T10:36:23.836068,6.6,14.8,2100.0
2026-02-08T10:36:24.336706,8.4,14.8,2100.0
2026-02-08T10:36:24.837169,6.6,14.8,2100.0
2026-02-08T10:36:25.337609,7.8,14.8,2100.0
2026-02-08T10:36:25.838353,8.3,14.8,2100.0
2026-02-08T10:36:26.339103,7.5,14.8,2100.0
2026-02-08T10:36:26.839960,7.1,14.8,2100.0
2026-02-08T10:36:27.340544,7.4,14.8,2100.0
2026-02-08T10:36:27.841619,7.0,14.8,2100.0
2026-02-08T10:36:28.342898,6.0,14.9,2100.0
2026-02-08T10:36:28.844252,6.0,14.9,2100.0
2026-02-08T10:36:29.344932,8.1,14.9,2100.0
2026-02-08T10:36:29.845625,7.1,14.8,2100.0
2026-02-08T10:36:30.346866,7.1,14.8,2100.0
2026-02-08T10:36:30.847443,6.8,14.8,2100.0
2026-02-08T10:36:31.348163,8.0,14.8,2100.0
2026-02-08T10:36:31.849766,7.3,14.8,2100.0
2026-02-08T10:36:32.350417,8.3,14.8,2100.0
2026-02-08T10:36:32.851187,5.9,14.8,2100.0
2026-02-08T10:36:33.352145,6.1,14.8,2100.0
2026-02-08T10:36:33.852967,6.0,14.8,2100.0
2026-02-08T10:36:34.353582,11.1,14.8,2100.0
2026-02-08T10:36:34.854228,5.3,14.8,2100.0
2026-02-08T10:36:35.354622,8.9,14.8,2100.0
2026-02-08T10:36:35.855046,5.7,14.8,2100.0
2026-02-08T10:36:36.355721,7.5,14.8,2100.0
2026-02-08T10:36:36.856140,4.3,14.9,2100.0
2026-02-08T10:36:37.357128,7.2,14.9,2100.0
2026-02-08T10:36:37.858335,4.6,14.9,2100.0
2026-02-08T10:36:38.359132,7.8,14.9,2100.0
2026-02-08T10:36:38.860188,5.5,14.9,2100.0
2026-02-08T10:36:39.360975,11.3,14.9,2100.0
2026-02-08T10:36:39.861607,7.0,14.8,2100.0
2026-02-08T10:36:40.362317,10.4,14.8,2100.0
2026-02-08T10:36:40.863101,7.4,14.8,2100.0
2026-02-08T10:36:41.364316,10.0,14.8,2100.0
2026-02-08T10:36:41.865021,8.5,14.8,2100.0
2026-02-08T10:36:42.365700,5.7,14.8,2100.0
2026-02-08T10:36:42.866681,9.3,14.8,2100.0
2026-02-08T10:36:43.367219,10.3,14.8,2100.0
2026-02-08T10:36:43.868013,7.9,14.8,2100.0
2026-02-08T10:36:44.368841,9.5,14.8,2100.0
2026-02-08T10:36:44.869365,9.5,14.8,2100.0
2026-02-08T10:36:45.370296,6.5,14.8,2100.0
2026-02-08T10:36:45.870673,10.4,14.8,2100.0
2026-02-08T10:36:46.371031,5.8,14.8,2100.0
2026-02-08T10:36:46.871555,8.9,14.8,2100.0
2026-02-08T10:36:47.372234,5.3,14.8,2100.0
2026-02-08T10:36:47.873217,9.9,14.8,2100.0
2026-02-08T10:36:48.374631,3.8,14.8,2100.0
2026-02-08T10:36:48.875346,8.8,14.8,2100.0
2026-02-08T10:36:49.375883,5.9,14.8,2100.0
2026-02-08T10:36:49.876928,7.1,14.8,2100.0
2026-02-08T10:36:50.377968,5.6,14.8,2100.0
2026-02-08T10:36:50.879208,9.6,14.8,2100.0
2026-02-08T10:36:51.379932,7.1,14.8,2100.0
2026-02-08T10:36:51.881298,8.1,14.8,2100.0
2026-02-08T10:36:52.382213,5.3,14.8,2100.0
2026-02-08T10:36:52.882914,7.6,14.8,2100.0
2026-02-08T10:36:53.383462,6.4,14.8,2100.0
2026-02-08T10:36:53.884175,5.8,14.8,2100.0
2026-02-08T10:36:54.385520,9.2,14.8,2100.0
2026-02-08T10:36:54.886302,10.5,14.9,2100.0
2026-02-08T10:36:55.387024,5.9,14.8,2100.0
2026-02-08T10:36:55.887603,6.7,14.8,2100.0
2026-02-08T10:36:56.388283,3.9,14.8,2100.0
2026-02-08T10:36:56.889105,5.3,14.8,2100.0
2026-02-08T10:36:57.389603,6.3,14.8,2100.0
2026-02-08T10:36:57.891181,7.6,14.8,2100.0
2026-02-08T10:36:58.391774,5.4,14.8,2100.0
2026-02-08T10:36:58.892126,8.8,14.8,2100.0
2026-02-08T10:36:59.393384,9.5,14.8,2100.0
2026-02-08T10:36:59.893818,9.3,14.8,2100.0
2026-02-08T10:37:00.394504,5.5,14.8,2100.0
2026-02-08T10:37:00.895023,10.7,14.8,2100.0
2026-02-08T10:37:01.395681,4.6,14.8,2100.0
2026-02-08T10:37:01.896664,8.8,14.8,2100.0
2026-02-08T10:37:02.397341,6.6,14.8,2100.0
2026-02-08T10:37:02.897892,8.7,14.8,2100.0
2026-02-08T10:37:03.398662,5.5,14.8,2100.0
2026-02-08T10:37:03.899202,9.2,14.8,2100.0
2026-02-08T10:37:04.400114,8.4,14.8,2100.0
2026-02-08T10:37:04.900716,8.8,14.8,2100.0
2026-02-08T10:37:05.401232,6.6,14.8,2100.0
2026-02-08T10:37:05.901879,6.6,14.8,2100.0
2026-02-08T10:37:06.402717,7.9,14.8,2100.0
2026-02-08T10:37:06.903472,8.5,14.8,2100.0
2026-02-08T10:37:07.404149,6.0,14.8,2100.0
2026-02-08T10:37:07.904593,4.9,14.8,2100.0
2026-02-08T10:37:08.405340,8.3,14.8,2100.0
2026-02-08T10:37:08.906141,6.9,14.8,2100.0
2026-02-08T10:37:09.407191,11.6,14.8,2100.0
2026-02-08T10:37:09.907898,7.7,14.9,2100.0
2026-02-08T10:37:10.408657,5.5,14.9,2100.0
2026-02-08T10:37:10.909520,6.1,14.9,2100.0
2026-02-08T10:37:11.411280,5.9,14.9,2100.0
2026-02-08T10:37:11.911823,8.9,14.9,2100.0
2026-02-08T10:37:12.412897,5.8,14.9,2100.0
2026-02-08T10:37:12.913919,5.4,14.9,2100.0
2026-02-08T10:37:13.414352,8.4,14.9,2100.0
2026-02-08T10:37:13.915051,5.8,14.9,2100.0
2026-02-08T10:37:14.415800,5.1,14.9,2100.0
2026-02-08T10:37:14.916669,8.9,14.9,2100.0
2026-02-08T10:37:15.417279,7.0,14.9,2100.0
2026-02-08T10:37:15.918219,5.8,14.9,2100.0
2026-02-08T10:37:16.418662,6.2,14.9,2100.0
2026-02-08T10:37:16.919534,6.7,14.9,2100.0
2026-02-08T10:37:17.420485,8.2,14.8,2100.0
2026-02-08T10:37:17.921341,10.5,14.9,2100.0
2026-02-08T10:37:18.421905,8.4,14.9,2100.0
2026-02-08T10:37:18.923411,6.3,14.8,2100.0
2026-02-08T10:37:19.424410,9.5,14.9,2100.0
2026-02-08T10:37:19.925541,6.2,14.8,2100.0
2026-02-08T10:37:20.426093,7.7,14.8,2100.0
2026-02-08T10:37:20.926842,7.9,14.8,2100.0
2026-02-08T10:37:21.427742,7.5,14.8,2100.0
2026-02-08T10:37:21.928305,7.4,14.8,2100.0
2026-02-08T10:37:22.428968,7.8,14.8,2100.0
2026-02-08T10:37:22.929462,4.0,14.8,2100.0
2026-02-08T10:37:23.430413,7.0,14.8,2100.0
2026-02-08T10:37:23.931081,5.8,14.8,2100.0
2026-02-08T10:37:24.431870,10.1,14.8,2100.0
2026-02-08T10:37:24.932272,8.9,14.8,2100.0
2026-02-08T10:37:25.432834,9.4,14.8,2100.0
2026-02-08T10:37:25.933659,6.3,14.8,2100.0
2026-02-08T10:37:26.434402,8.0,14.8,2100.0
2026-02-08T10:37:26.934801,9.0,14.8,2100.0
2026-02-08T10:37:27.435937,10.6,14.8,2100.0
2026-02-08T10:37:27.936653,12.6,14.8,2100.0
2026-02-08T10:37:28.437116,5.6,14.8,2100.0
2026-02-08T10:37:28.937611,9.2,14.8,2100.0
2026-02-08T10:37:29.438744,7.9,14.8,2100.0
2026-02-08T10:37:29.939901,12.5,14.8,2100.0
2026-02-08T10:37:30.440609,4.9,14.8,2100.0
2026-02-08T10:37:30.941512,9.4,14.8,2100.0
2026-02-08T10:37:31.442073,7.6,14.8,2100.0
2026-02-08T10:37:31.943510,8.2,14.8,2100.0
2026-02-08T10:37:32.444060,7.0,14.8,2100.0
2026-02-08T10:37:32.945116,8.6,14.8,2100.0
2026-02-08T10:37:33.446415,6.3,14.8,2100.0
2026-02-08T10:37:33.946998,5.6,14.8,2100.0
2026-02-08T10:37:34.447800,6.7,14.8,2100.0
2026-02-08T10:37:34.948371,4.9,14.8,2100.0
2026-02-08T10:37:35.449162,7.8,14.8,2100.0
2026-02-08T10:37:35.949632,5.7,14.8,2100.0
2026-02-08T10:37:36.450525,8.5,14.8,2100.0
2026-02-08T10:37:36.951210,5.7,14.8,2100.0
2026-02-08T10:37:37.451828,6.7,14.8,2100.0
2026-02-08T10:37:37.952515,5.3,14.8,2100.0
2026-02-08T10:37:38.453209,8.8,14.8,2100.0
2026-02-08T10:37:38.954197,7.1,14.8,2100.0
2026-02-08T10:37:39.455266,9.5,14.8,2100.0
2026-02-08T10:37:39.956103,5.7,14.8,2100.0
2026-02-08T10:37:40.458008,8.2,14.8,2100.0
2026-02-08T10:37:40.958592,6.3,14.8,2100.0
2026-02-08T10:37:41.459279,9.0,14.8,2100.0
2026-02-08T10:37:41.961031,8.8,14.8,2100.0
2026-02-08T10:37:42.461605,8.8,14.9,2100.0
2026-02-08T10:37:42.962030,7.2,14.9,2100.0
2026-02-08T10:37:43.462720,6.6,14.9,2100.0
2026-02-08T10:37:43.963088,7.0,14.9,2100.0
2026-02-08T10:37:44.463952,9.3,14.9,2100.0
2026-02-08T10:37:44.964589,8.2,14.9,2100.0
2026-02-08T10:37:45.465215,11.5,14.9,2100.0
2026-02-08T10:37:45.966034,6.7,14.9,2100.0
2026-02-08T10:37:46.466737,7.5,14.9,2100.0
2026-02-08T10:37:46.967088,6.6,14.9,2100.0
2026-02-08T10:37:47.467855,6.2,14.9,2100.0
2026-02-08T10:37:47.968474,9.3,14.9,2100.0
2026-02-08T10:37:48.469205,7.7,14.9,2100.0
2026-02-08T10:37:48.970043,6.5,14.9,2100.0
2026-02-08T10:37:49.470778,8.6,14.9,2100.0
2026-02-08T10:37:49.972172,6.4,14.8,2100.0
2026-02-08T10:37:50.473522,8.5,14.9,2100.0
2026-02-08T10:37:50.974542,8.7,14.8,2100.0
2026-02-08T10:37:51.475696,7.5,14.8,2100.0
2026-02-08T10:37:51.976263,9.5,14.8,2100.0
2026-02-08T10:37:52.478614,10.8,14.8,2100.0
2026-02-08T10:37:52.979346,4.6,14.8,2100.0
2026-02-08T10:37:53.480675,9.6,14.8,2100.0
2026-02-08T10:37:53.981740,7.1,14.9,2100.0
2026-02-08T10:37:54.482383,13.1,14.9,2100.0
2026-02-08T10:37:54.983645,7.1,14.9,2100.0
2026-02-08T10:37:55.484188,7.9,14.8,2100.0
2026-02-08T10:37:55.985252,7.5,14.8,2100.0
2026-02-08T10:37:56.486002,3.7,14.8,2100.0
2026-02-08T10:37:56.986681,6.3,14.8,2100.0
2026-02-08T10:37:57.487865,6.5,14.8,2100.0
2026-02-08T10:37:57.988618,5.0,14.8,2100.0
2026-02-08T10:37:58.489643,10.8,14.8,2100.0
2026-02-08T10:37:58.990948,5.7,14.8,2100.0
2026-02-08T10:37:59.491770,9.0,14.8,2100.0
2026-02-08T10:37:59.992198,7.0,14.8,2100.0
2026-02-08T10:38:00.493289,7.9,14.8,2100.0
2026-02-08T10:38:00.994072,5.3,14.8,2100.0
2026-02-08T10:38:01.494897,7.5,14.8,2100.0
2026-02-08T10:38:01.995685,6.9,14.8,2100.0
2026-02-08T10:38:02.496197,6.3,14.8,2100.0
2026-02-08T10:38:02.997294,6.5,14.8,2100.0
2026-02-08T10:38:03.498124,6.6,14.8,2100.0
2026-02-08T10:38:03.999110,8.8,14.8,2100.0
2026-02-08T10:38:04.499577,11.6,14.8,2100.0
2026-02-08T10:38:05.000179,7.9,14.8,2100.0
2026-02-08T10:38:05.500858,11.1,14.8,2100.0
2026-02-08T10:38:06.001211,6.6,14.8,2100.0
2026-02-08T10:38:06.501722,7.9,14.8,2100.0
2026-02-08T10:38:07.002140,6.4,14.8,2100.0
2026-02-08T10:38:07.502811,7.5,14.8,2100.0
2026-02-08T10:38:08.004210,6.5,14.8,2100.0
2026-02-08T10:38:08.504912,7.0,14.8,2100.0
2026-02-08T10:38:09.005482,7.2,14.8,2100.0
2026-02-08T10:38:09.506157,10.3,14.8,2100.0
2026-02-08T10:38:10.007736,8.2,14.8,2100.0
2026-02-08T10:38:10.508444,10.2,14.8,2100.0
2026-02-08T10:38:11.008986,6.8,14.8,2100.0
2026-02-08T10:38:11.511111,7.4,14.8,2100.0
2026-02-08T10:38:12.011734,6.4,14.8,2100.0
2026-02-08T10:38:12.512467,9.7,14.8,2100.0
2026-02-08T10:38:13.013026,7.2,14.8,2100.0
2026-02-08T10:38:13.513946,10.6,14.8,2100.0
2026-02-08T10:38:14.014712,4.2,14.8,2100.0
2026-02-08T10:38:14.515164,13.3,14.8,2100.0
2026-02-08T10:38:15.015788,6.1,14.9,2100.0
2026-02-08T10:38:15.516976,12.1,14.9,2100.0
2026-02-08T10:38:16.017726,5.2,14.9,2100.0
2026-02-08T10:38:16.518436,9.0,14.9,2100.0
2026-02-08T10:38:17.019316,5.8,14.9,2100.0
2026-02-08T10:38:17.520936,9.1,14.9,2100.0
2026-02-08T10:38:18.021766,6.7,14.9,2100.0
2026-02-08T10:38:18.522454,8.3,14.9,2100.0
2026-02-08T10:38:19.023301,5.3,14.9,2100.0
2026-02-08T10:38:19.524151,8.6,14.9,2100.0
2026-02-08T10:38:20.025799,6.9,14.9,2100.0
2026-02-08T10:38:20.526416,11.9,14.9,2100.0
2026-02-08T10:38:21.027076,5.1,14.9,2100.0
2026-02-08T10:38:21.527803,5.5,14.9,2100.0
2026-02-08T10:38:22.028550,6.5,14.9,2100.0
2026-02-08T10:38:22.529081,8.5,14.9,2100.0
2026-02-08T10:38:23.029604,6.6,14.9,2100.0
2026-02-08T10:38:23.530415,8.2,14.9,2100.0
2026-02-08T10:38:24.031101,5.1,14.9,2100.0
2026-02-08T10:38:24.531580,5.3,14.9,2100.0
2026-02-08T10:38:25.032280,7.6,14.9,2100.0
2026-02-08T10:38:25.534544,7.7,14.9,2100.0
2026-02-08T10:38:26.035109,5.3,14.9,2100.0
2026-02-08T10:38:26.537232,5.9,14.9,2100.0
2026-02-08T10:38:27.037911,6.3,14.8,2100.0
2026-02-08T10:38:27.538857,6.0,14.8,2100.0
2026-02-08T10:38:28.039671,6.7,14.8,2100.0
2026-02-08T10:38:28.540331,7.5,14.8,2100.0
2026-02-08T10:38:29.041154,4.8,14.8,2100.0
2026-02-08T10:38:29.542090,7.3,14.8,2100.0
2026-02-08T10:38:30.043697,8.5,14.8,2100.0
2026-02-08T10:38:30.544567,8.9,14.8,2100.0
2026-02-08T10:38:31.045209,6.6,14.8,2100.0
2026-02-08T10:38:31.546074,12.7,14.8,2100.0
2026-02-08T10:38:32.046597,10.9,14.8,2100.0
2026-02-08T10:38:32.547407,9.1,14.8,2100.0
2026-02-08T10:38:33.049897,5.8,14.8,2100.0
2026-02-08T10:38:33.550759,7.2,14.8,2100.0
2026-02-08T10:38:34.051204,7.7,14.8,2100.0
2026-02-08T10:38:34.551865,11.9,14.8,2100.0
2026-02-08T10:38:35.053040,7.1,14.8,2100.0
2026-02-08T10:38:35.553673,8.5,14.8,2100.0
2026-02-08T10:38:36.054404,6.1,14.8,2100.0
2026-02-08T10:38:36.555165,8.9,14.8,2100.0
2026-02-08T10:38:37.055585,8.7,14.8,2100.0
2026-02-08T10:38:37.555959,6.3,14.8,2100.0
2026-02-08T10:38:38.057374,5.1,14.9,2100.0
2026-02-08T10:38:38.558524,7.7,14.9,2100.0
2026-02-08T10:38:39.059123,6.4,14.9,2100.0
2026-02-08T10:38:39.559662,10.0,14.9,2100.0
2026-02-08T10:38:40.062058,9.2,14.9,2100.0
2026-02-08T10:38:40.562938,8.0,14.9,2100.0
2026-02-08T10:38:41.063544,6.7,14.9,2100.0
2026-02-08T10:38:41.564115,6.4,14.9,2100.0
2026-02-08T10:38:42.064938,5.1,14.9,2100.0
2026-02-08T10:38:42.565654,10.9,14.9,2100.0
2026-02-08T10:38:43.066266,4.8,14.9,2100.0
2026-02-08T10:38:43.567107,7.5,14.9,2100.0
2026-02-08T10:38:44.067721,5.0,14.9,2100.0
2026-02-08T10:38:44.569295,9.2,14.9,2100.0
2026-02-08T10:38:45.069825,8.0,14.9,2100.0
2026-02-08T10:38:45.570705,12.9,14.9,2100.0
2026-02-08T10:38:46.072868,8.2,14.9,2100.0
2026-02-08T10:38:46.573534,5.6,14.8,2100.0
2026-02-08T10:38:47.074912,4.4,14.9,2100.0
2026-02-08T10:38:47.575680,11.7,14.9,2100.0
2026-02-08T10:38:48.076271,6.8,14.9,2100.0
2026-02-08T10:38:48.576795,6.3,14.9,2100.0
2026-02-08T10:38:49.077459,7.9,14.9,2100.0
2026-02-08T10:38:49.578568,10.9,14.9,2100.0
2026-02-08T10:38:50.079597,8.9,14.9,2100.0
2026-02-08T10:38:50.580555,11.0,14.9,2100.0
2026-02-08T10:38:51.081219,5.9,14.9,2100.0
2026-02-08T10:38:51.581848,8.5,14.9,2100.0
2026-02-08T10:38:52.082413,6.6,14.9,2100.0
2026-02-08T10:38:52.582880,8.5,14.9,2100.0
2026-02-08T10:38:53.083720,7.3,14.9,2100.0
2026-02-08T10:38:53.584299,8.0,14.9,2100.0
2026-02-08T10:38:54.084961,7.9,14.9,2100.0
2026-02-08T10:38:54.585746,9.3,14.9,2100.0
2026-02-08T10:38:55.086253,7.7,14.9,2100.0
2026-02-08T10:38:55.586983,13.8,14.9,2100.0
2026-02-08T10:38:56.087755,7.8,14.9,2100.0
2026-02-08T10:38:56.589278,6.5,14.9,2100.0
2026-02-08T10:38:57.090402,7.8,14.9,2100.0
2026-02-08T10:38:57.591242,5.6,14.8,2100.0
2026-02-08T10:38:58.092168,6.3,14.8,2100.0
2026-02-08T10:38:58.592868,9.5,14.8,2100.0
2026-02-08T10:38:59.093770,5.1,14.8,2100.0
2026-02-08T10:38:59.594519,9.2,14.8,2100.0
2026-02-08T10:39:00.095006,7.1,14.9,2100.0
2026-02-08T10:39:00.595596,6.8,14.9,2100.0
2026-02-08T10:39:01.096030,7.4,14.9,2100.0
2026-02-08T10:39:01.596790,9.1,14.9,2100.0
2026-02-08T10:39:02.097318,7.4,14.9,2100.0
2026-02-08T10:39:02.597954,6.6,14.9,2100.0
2026-02-08T10:39:03.098735,5.7,14.9,2100.0
2026-02-08T10:39:03.599896,8.1,14.9,2100.0
2026-02-08T10:39:04.100708,10.5,14.9,2100.0
2026-02-08T10:39:04.601491,6.7,14.9,2100.0
2026-02-08T10:39:05.102495,5.3,14.8,2100.0
2026-02-08T10:39:05.603278,5.5,14.8,2100.0
2026-02-08T10:39:06.103811,8.1,14.9,2100.0
2026-02-08T10:39:06.604561,6.3,14.9,2100.0
2026-02-08T10:39:07.105311,6.9,14.9,2100.0
2026-02-08T10:39:07.606204,6.6,14.9,2100.0
2026-02-08T10:39:08.107089,6.3,14.9,2100.0
2026-02-08T10:39:08.607643,9.5,14.9,2100.0
2026-02-08T10:39:09.108435,5.7,14.9,2100.0
2026-02-08T10:39:09.609134,10.0,14.9,2100.0
2026-02-08T10:39:10.109728,6.6,14.9,2100.0
2026-02-08T10:39:10.610403,7.4,14.9,2100.0
2026-02-08T10:39:11.111239,9.8,14.9,2100.0
2026-02-08T10:39:11.611753,9.8,14.9,2100.0
2026-02-08T10:39:12.112376,8.1,14.9,2100.0
2026-02-08T10:39:12.612997,10.4,14.9,2100.0
2026-02-08T10:39:13.113490,6.4,14.9,2100.0
2026-02-08T10:39:13.614236,10.3,14.9,2100.0
2026-02-08T10:39:14.115018,6.7,14.9,2100.0
2026-02-08T10:39:14.615986,9.7,14.9,2100.0
2026-02-08T10:39:15.116417,5.8,14.9,2100.0
2026-02-08T10:39:15.618072,8.9,14.9,2100.0
2026-02-08T10:39:16.118539,9.4,14.9,2100.0
2026-02-08T10:39:16.618900,6.2,14.9,2100.0
2026-02-08T10:39:17.119752,7.6,14.9,2100.0
2026-02-08T10:39:17.620186,7.3,14.9,2100.0
2026-02-08T10:39:18.121544,7.7,14.9,2100.0
2026-02-08T10:39:18.622526,6.4,14.9,2100.0
2026-02-08T10:39:19.123222,7.2,14.9,2100.0
2026-02-08T10:39:19.623780,9.2,14.9,2100.0
2026-02-08T10:39:20.125669,8.5,14.9,2100.0
2026-02-08T10:39:20.626242,5.6,14.9,2100.0
2026-02-08T10:39:21.126648,5.6,14.9,2100.0
2026-02-08T10:39:21.627351,7.5,14.9,2100.0
2026-02-08T10:39:22.128244,7.1,14.9,2100.0
2026-02-08T10:39:22.628761,7.6,14.9,2100.0
2026-02-08T10:39:23.129435,6.5,14.9,2100.0
2026-02-08T10:39:23.630094,6.5,14.9,2100.0
2026-02-08T10:39:24.130486,8.6,14.9,2100.0
2026-02-08T10:39:24.631972,10.7,14.9,2100.0
2026-02-08T10:39:25.132496,8.3,14.9,2100.0
2026-02-08T10:39:25.633745,7.1,14.9,2100.0
2026-02-08T10:39:26.134226,6.2,14.9,2100.0
2026-02-08T10:39:26.634961,6.6,14.9,2100.0
2026-02-08T10:39:27.136189,6.1,14.9,2100.0
2026-02-08T10:39:27.636606,11.7,14.9,2100.0
2026-02-08T10:39:28.137568,7.2,14.9,2100.0
2026-02-08T10:39:28.638372,8.2,14.9,2100.0
2026-02-08T10:39:29.138913,5.9,14.9,2100.0
2026-02-08T10:39:29.639689,9.1,14.8,2100.0
2026-02-08T10:39:30.140527,5.6,14.8,2100.0
2026-02-08T10:39:30.641023,9.5,14.8,2100.0
2026-02-08T10:39:31.141884,5.9,14.8,2100.0
2026-02-08T10:39:31.642608,9.7,14.8,2100.0
2026-02-08T10:39:32.143481,7.8,14.8,2100.0
2026-02-08T10:39:32.644173,5.5,14.8,2100.0
2026-02-08T10:39:33.144930,5.8,14.8,2100.0
2026-02-08T10:39:33.645481,5.4,14.8,2100.0
2026-02-08T10:39:34.146413,6.4,14.8,2100.0
2026-02-08T10:39:34.647098,14.1,14.8,2100.0
2026-02-08T10:39:35.147525,5.9,14.8,2100.0
2026-02-08T10:39:35.648340,9.1,14.9,2100.0
2026-02-08T10:39:36.150297,7.5,14.9,2100.0
2026-02-08T10:39:36.651634,10.5,14.8,2100.0
2026-02-08T10:39:37.152164,6.0,14.8,2100.0
2026-02-08T10:39:37.653035,8.2,14.8,2100.0
2026-02-08T10:39:38.154438,5.4,14.8,2100.0
2026-02-08T10:39:38.654957,9.2,14.8,2100.0
2026-02-08T10:39:39.155376,6.2,14.8,2100.0
2026-02-08T10:39:39.657418,13.6,14.8,2100.0
2026-02-08T10:39:40.158233,5.8,14.8,2100.0
2026-02-08T10:39:40.658601,12.9,14.9,2100.0
2026-02-08T10:39:41.159143,5.0,14.9,2100.0
2026-02-08T10:39:41.659795,9.4,14.9,2100.0
2026-02-08T10:39:42.160397,7.9,14.8,2100.0
2026-02-08T10:39:42.661049,15.5,14.9,2100.0
2026-02-08T10:39:43.161572,4.7,14.9,2100.0
2026-02-08T10:39:43.662446,10.1,14.9,2100.0
2026-02-08T10:39:44.162920,7.2,14.9,2100.0
2026-02-08T10:39:44.663741,15.0,14.9,2100.0
2026-02-08T10:39:45.164408,6.3,14.9,2100.0
2026-02-08T10:39:45.664960,5.0,14.9,2100.0
2026-02-08T10:39:46.167338,6.2,14.9,2100.0
2026-02-08T10:39:46.668370,7.4,14.9,2100.0
2026-02-08T10:39:47.168935,5.7,14.9,2100.0
2026-02-08T10:39:47.669681,10.9,14.9,2100.0
2026-02-08T10:39:48.170374,7.2,14.9,2100.0
2026-02-08T10:39:48.671090,7.5,14.9,2100.0
2026-02-08T10:39:49.171755,5.2,14.9,2100.0
2026-02-08T10:39:49.672595,9.1,14.9,2100.0
2026-02-08T10:39:50.173221,7.2,14.9,2100.0
2026-02-08T10:39:50.674952,6.8,14.9,2100.0
2026-02-08T10:39:51.175940,4.9,14.9,2100.0
2026-02-08T10:39:51.676637,6.4,14.9,2100.0
2026-02-08T10:39:52.177478,8.6,14.9,2100.0
2026-02-08T10:39:52.679341,9.4,14.9,2100.0
2026-02-08T10:39:53.180440,5.7,14.9,2100.0
2026-02-08T10:39:53.682242,7.0,14.9,2100.0
2026-02-08T10:39:54.182784,5.3,14.9,2100.0
2026-02-08T10:39:54.683233,9.6,14.9,2100.0
2026-02-08T10:39:55.183735,5.9,14.9,2100.0
2026-02-08T10:39:55.684586,8.5,14.9,2100.0
2026-02-08T10:39:56.185677,8.9,14.9,2100.0
2026-02-08T10:39:56.686932,7.1,14.9,2100.0
2026-02-08T10:39:57.187645,5.8,14.9,2100.0
2026-02-08T10:39:57.688441,10.5,14.9,2100.0
2026-02-08T10:39:58.189394,6.8,14.9,2100.0
2026-02-08T10:39:58.689921,7.6,14.9,2100.0
2026-02-08T10:39:59.190438,6.2,14.9,2100.0
2026-02-08T10:39:59.691323,7.9,14.8,2100.0
2026-02-08T10:40:00.192108,8.1,14.9,2100.0
2026-02-08T10:40:00.692642,11.8,14.8,2100.0
2026-02-08T10:40:01.193041,7.0,14.8,2100.0
2026-02-08T10:40:01.693764,7.0,14.8,2100.0
2026-02-08T10:40:02.194782,6.7,14.8,2100.0
2026-02-08T10:40:02.695380,6.3,14.8,2100.0
2026-02-08T10:40:03.195900,8.8,14.8,2100.0
2026-02-08T10:40:03.696417,8.5,14.8,2100.0
2026-02-08T10:40:04.197242,7.0,14.8,2100.0
2026-02-08T10:40:04.699274,6.9,14.8,2100.0
2026-02-08T10:40:05.201398,6.3,14.9,2100.0
2026-02-08T10:40:05.703315,7.4,14.9,2100.0
2026-02-08T10:40:06.204017,6.8,14.9,2100.0
2026-02-08T10:40:06.704750,6.6,14.9,2100.0
2026-02-08T10:40:07.205510,6.4,14.9,2100.0
2026-02-08T10:40:07.706187,7.4,14.9,2100.0
2026-02-08T10:40:08.206710,7.4,14.9,2100.0
2026-02-08T10:40:08.707133,5.8,14.9,2100.0
2026-02-08T10:40:09.211078,9.2,14.9,2100.0
2026-02-08T10:40:09.711818,8.1,14.9,2100.0
2026-02-08T10:40:10.212555,8.0,14.9,2100.0
2026-02-08T10:40:10.713103,7.4,14.9,2100.0
2026-02-08T10:40:11.214321,6.4,14.9,2100.0
2026-02-08T10:40:11.715197,5.0,14.9,2100.0
2026-02-08T10:40:12.215891,9.7,14.9,2100.0
2026-02-08T10:40:12.716526,6.2,14.9,2100.0
2026-02-08T10:40:13.217724,7.6,14.9,2100.0
2026-02-08T10:40:13.718358,7.2,14.9,2100.0
2026-02-08T10:40:14.219338,6.6,14.9,2100.0
2026-02-08T10:40:14.719896,10.9,14.9,2100.0
2026-02-08T10:40:15.220493,5.5,14.9,2100.0
2026-02-08T10:40:15.721504,13.6,14.9,2100.0
2026-02-08T10:40:16.222131,6.0,14.9,2100.0
2026-02-08T10:40:16.722770,8.2,14.9,2100.0
2026-02-08T10:40:17.223231,9.4,14.9,2100.0
2026-02-08T10:40:17.723936,11.3,14.9,2100.0
2026-02-08T10:40:18.224410,6.4,14.9,2100.0
2026-02-08T10:40:18.725045,6.8,14.9,2100.0
2026-02-08T10:40:19.225881,6.9,14.9,2100.0
2026-02-08T10:40:19.726545,10.4,14.9,2100.0
2026-02-08T10:40:20.227128,9.8,14.9,2100.0
2026-02-08T10:40:20.728052,10.1,14.9,2100.0
2026-02-08T10:40:21.228623,7.9,14.9,2100.0
2026-02-08T10:40:21.729517,9.5,14.9,2100.0
2026-02-08T10:40:22.230923,4.3,14.9,2100.0
2026-02-08T10:40:22.731772,11.0,14.9,2100.0
2026-02-08T10:40:23.235830,9.0,14.9,2100.0
2026-02-08T10:40:23.736321,9.1,14.9,2100.0
2026-02-08T10:40:24.236946,9.4,14.9,2100.0
2026-02-08T10:40:24.737519,10.7,14.9,2100.0
2026-02-08T10:40:25.237929,8.8,14.9,2100.0
2026-02-08T10:40:25.739121,12.6,14.9,2100.0
2026-02-08T10:40:26.239671,8.0,14.9,2100.0
2026-02-08T10:40:26.740212,10.5,14.9,2100.0
2026-02-08T10:40:27.241133,6.7,14.9,2100.0
2026-02-08T10:40:27.741808,13.7,14.9,2100.0
2026-02-08T10:40:28.247759,15.5,14.9,2100.0
2026-02-08T10:40:28.749624,11.7,14.9,2100.0
2026-02-08T10:40:29.250522,8.7,14.9,2100.0
2026-02-08T10:40:29.751272,8.1,14.9,2100.0
2026-02-08T10:40:30.252022,4.0,14.9,2100.0
2026-02-08T10:40:30.752779,6.5,14.9,2100.0
2026-02-08T10:40:31.253719,5.7,14.9,2100.0
2026-02-08T10:40:31.754253,11.6,14.9,2100.0
2026-02-08T10:40:32.255257,9.1,14.9,2100.0
2026-02-08T10:40:32.756180,7.6,14.9,2100.0
2026-02-08T10:40:33.257030,4.4,14.9,2100.0
2026-02-08T10:40:33.757805,10.5,14.9,2100.0
2026-02-08T10:40:34.258288,5.8,14.9,2100.0
2026-02-08T10:40:34.758884,15.0,14.9,2100.0
2026-02-08T10:40:35.259454,5.1,14.9,2100.0
2026-02-08T10:40:35.760072,7.1,14.9,2100.0
2026-02-08T10:40:36.260536,8.9,14.9,2100.0
2026-02-08T10:40:36.761135,9.3,14.9,2100.0
2026-02-08T10:40:37.261525,4.7,14.9,2100.0
2026-02-08T10:40:37.762089,8.3,14.9,2100.0
2026-02-08T10:40:38.263486,6.7,14.9,2100.0
2026-02-08T10:40:38.765059,8.0,14.9,2100.0
2026-02-08T10:40:39.266004,8.6,14.9,2100.0
2026-02-08T10:40:39.766779,10.5,14.9,2100.0
2026-02-08T10:40:40.267369,9.0,14.9,2100.0
2026-02-08T10:40:40.769024,10.3,14.9,2100.0
2026-02-08T10:40:41.269672,7.0,14.9,2100.0
2026-02-08T10:40:41.770331,10.1,14.9,2100.0
2026-02-08T10:40:42.270975,9.4,14.9,2100.0
2026-02-08T10:40:42.771809,9.1,14.9,2100.0
2026-02-08T10:40:43.272192,9.0,14.9,2100.0
2026-02-08T10:40:43.772946,7.6,14.9,2100.0
2026-02-08T10:40:44.273689,8.6,14.9,2100.0
2026-02-08T10:40:44.774111,8.9,14.9,2100.0
2026-02-08T10:40:45.274671,8.8,14.9,2100.0
2026-02-08T10:40:45.775298,6.9,14.9,2100.0
2026-02-08T10:40:46.275827,6.7,14.9,2100.0
2026-02-08T10:40:46.776858,6.8,14.9,2100.0
2026-02-08T10:40:47.277261,8.6,14.9,2100.0
2026-02-08T10:40:47.778099,10.9,14.9,2100.0
2026-02-08T10:40:48.278515,8.4,14.9,2100.0
2026-02-08T10:40:48.780586,5.2,14.9,2100.0
2026-02-08T10:40:49.281487,10.7,14.9,2100.0
2026-02-08T10:40:49.782323,8.4,14.9,2100.0
2026-02-08T10:40:50.283610,11.6,14.9,2100.0
2026-02-08T10:40:50.784424,9.0,14.9,2100.0
2026-02-08T10:40:51.285935,7.6,14.9,2100.0
2026-02-08T10:40:51.786854,6.3,14.9,2100.0
2026-02-08T10:40:52.287454,7.1,14.9,2100.0
2026-02-08T10:40:52.788490,5.3,14.9,2100.0
2026-02-08T10:40:53.289024,10.5,14.9,2100.0
2026-02-08T10:40:53.789826,5.2,14.9,2100.0
2026-02-08T10:40:54.290683,9.9,14.9,2100.0
2026-02-08T10:40:54.791430,8.5,14.9,2100.0
2026-02-08T10:40:55.291957,5.6,14.9,2100.0
2026-02-08T10:40:55.792390,6.3,14.9,2100.0
2026-02-08T10:40:56.293188,7.4,14.9,2100.0
2026-02-08T10:40:56.793986,6.1,14.9,2100.0
2026-02-08T10:40:57.294693,7.9,14.9,2100.0
2026-02-08T10:40:57.795572,9.6,14.9,2100.0
2026-02-08T10:40:58.296619,6.2,14.9,2100.0
2026-02-08T10:40:58.797225,4.5,14.9,2100.0
2026-02-08T10:40:59.297716,5.1,14.9,2100.0
2026-02-08T10:40:59.798129,14.4,14.9,2100.0
2026-02-08T10:41:00.298783,7.7,14.9,2100.0
2026-02-08T10:41:00.799803,7.2,14.9,2100.0
2026-02-08T10:41:01.300986,10.9,14.9,2100.0
2026-02-08T10:41:01.801647,4.7,14.9,2100.0
2026-02-08T10:41:02.302828,11.7,14.9,2100.0
2026-02-08T10:41:02.803652,5.4,14.9,2100.0
2026-02-08T10:41:03.304032,6.9,14.9,2100.0
2026-02-08T10:41:03.804587,7.8,14.9,2100.0
2026-02-08T10:41:04.304996,8.3,14.9,2100.0
2026-02-08T10:41:04.805810,8.4,14.9,2100.0
2026-02-08T10:41:05.306583,5.8,14.9,2100.0
2026-02-08T10:41:05.807246,15.0,14.9,2100.0
2026-02-08T10:41:06.307960,8.1,14.9,2100.0
2026-02-08T10:41:06.810728,8.9,14.9,2100.0
2026-02-08T10:41:07.312117,6.5,14.9,2100.0
2026-02-08T10:41:07.812683,9.9,14.9,2100.0
2026-02-08T10:41:08.313466,7.0,14.9,2100.0
2026-02-08T10:41:08.814072,8.1,14.9,2100.0
2026-02-08T10:41:09.314853,6.7,14.9,2100.0
2026-02-08T10:41:09.815821,8.7,14.9,2100.0
2026-02-08T10:41:10.316403,6.9,14.9,2100.0
2026-02-08T10:41:10.817292,7.2,14.9,2100.0
2026-02-08T10:41:11.321903,8.4,14.9,2100.0
2026-02-08T10:41:11.822646,11.2,14.9,2100.0
2026-02-08T10:41:12.323463,4.4,14.9,2100.0
2026-02-08T10:41:12.824223,7.6,14.9,2100.0
2026-02-08T10:41:13.324754,4.9,14.9,2100.0
2026-02-08T10:41:13.825507,6.7,14.9,2100.0
2026-02-08T10:41:14.326186,4.1,14.9,2100.0
2026-02-08T10:41:14.827033,7.6,14.9,2100.0
2026-02-08T10:41:15.328132,6.5,14.9,2100.0
2026-02-08T10:41:15.829289,10.2,14.9,2100.0
2026-02-08T10:41:16.329998,4.4,14.9,2100.0
2026-02-08T10:41:16.830705,9.1,14.9,2100.0
2026-02-08T10:41:17.331600,4.4,14.9,2100.0
2026-02-08T10:41:17.832360,9.0,14.9,2100.0
2026-02-08T10:41:18.333158,5.2,14.9,2100.0
2026-02-08T10:41:18.834372,9.6,14.9,2100.0
2026-02-08T10:41:19.336363,8.9,14.9,2100.0
2026-02-08T10:41:19.836949,9.6,14.9,2100.0
2026-02-08T10:41:20.337605,8.8,14.9,2100.0
2026-02-08T10:41:20.838063,9.8,14.9,2100.0
2026-02-08T10:41:21.338875,8.6,14.9,2100.0
2026-02-08T10:41:21.839687,7.1,14.9,2100.0
2026-02-08T10:41:22.340616,7.2,14.9,2100.0
2026-02-08T10:41:22.841059,8.2,14.9,2100.0
2026-02-08T10:41:23.341809,15.6,14.9,2100.0
2026-02-08T10:41:23.842833,10.1,14.9,2100.0
2026-02-08T10:41:24.343398,7.4,14.9,2100.0
2026-02-08T10:41:24.847515,6.9,14.9,2100.0
2026-02-08T10:41:25.348298,10.0,14.9,2100.0
2026-02-08T10:41:25.849005,6.1,14.9,2100.0
2026-02-08T10:41:26.350077,6.5,14.9,2100.0
2026-02-08T10:41:26.851310,7.2,14.9,2100.0
2026-02-08T10:41:27.352029,5.7,14.9,2100.0
2026-02-08T10:41:27.852611,7.3,14.9,2100.0
2026-02-08T10:41:28.353183,7.3,14.9,2100.0
2026-02-08T10:41:28.853814,6.9,14.9,2100.0
2026-02-08T10:41:29.354417,8.0,14.9,2100.0
2026-02-08T10:41:29.854849,8.7,14.9,2100.0
2026-02-08T10:41:30.355535,5.7,14.9,2100.0
2026-02-08T10:41:30.856040,9.1,14.9,2100.0
2026-02-08T10:41:31.356563,8.5,14.9,2100.0
2026-02-08T10:41:31.857394,6.5,14.9,2100.0
2026-02-08T10:41:32.357850,15.8,14.9,2100.0
2026-02-08T10:41:32.858297,7.7,14.9,2100.0
2026-02-08T10:41:33.359107,7.7,14.9,2100.0
2026-02-08T10:41:33.859692,5.7,14.9,2100.0
2026-02-08T10:41:34.361336,8.8,14.9,2100.0
2026-02-08T10:41:34.862249,5.4,14.9,2100.0
2026-02-08T10:41:35.363144,10.8,14.9,2100.0
2026-02-08T10:41:35.863718,6.2,14.9,2100.0
2026-02-08T10:41:36.364734,9.0,14.9,2100.0
2026-02-08T10:41:36.865460,7.0,14.9,2100.0
2026-02-08T10:41:37.366166,8.3,14.9,2100.0
2026-02-08T10:41:37.866881,4.1,14.9,2100.0
2026-02-08T10:41:38.367644,6.2,14.9,2100.0
2026-02-08T10:41:38.868465,9.1,14.9,2100.0
2026-02-08T10:41:39.369271,12.1,14.9,2100.0
2026-02-08T10:41:39.870107,9.4,14.9,2100.0
2026-02-08T10:41:40.370986,10.5,14.9,2100.0
2026-02-08T10:41:40.871594,5.8,14.9,2100.0
2026-02-08T10:41:41.374078,8.6,14.9,2100.0
2026-02-08T10:41:41.874967,8.4,14.9,2100.0
2026-02-08T10:41:42.376213,4.5,14.9,2100.0
2026-02-08T10:41:42.877295,11.7,14.9,2100.0
2026-02-08T10:41:43.378187,4.1,14.9,2100.0
2026-02-08T10:41:43.879532,11.4,14.9,2100.0
2026-02-08T10:41:44.380118,7.4,14.9,2100.0
2026-02-08T10:41:44.880626,15.5,14.9,2100.0
2026-02-08T10:41:45.381329,8.0,14.9,2100.0
2026-02-08T10:41:45.882077,14.2,14.9,2100.0
2026-02-08T10:41:46.383564,5.4,14.9,2100.0
2026-02-08T10:41:46.884295,8.2,14.9,2100.0
2026-02-08T10:41:47.385022,14.0,14.9,2100.0
2026-02-08T10:41:47.885563,11.3,14.9,2100.0
2026-02-08T10:41:48.386318,7.3,14.9,2100.0
2026-02-08T10:41:48.887269,9.3,14.9,2100.0
2026-02-08T10:41:49.389084,5.4,14.9,2100.0
2026-02-08T10:41:49.889639,7.2,14.9,2100.0
2026-02-08T10:41:50.390121,9.7,14.9,2100.0
2026-02-08T10:41:50.890709,7.6,14.9,2100.0
2026-02-08T10:41:51.391104,7.8,14.9,2100.0
2026-02-08T10:41:51.891865,11.0,14.9,2100.0
2026-02-08T10:41:52.392977,6.5,14.9,2100.0
2026-02-08T10:41:52.894153,11.5,14.9,2100.0
2026-02-08T10:41:53.395257,4.5,15.0,2100.0
2026-02-08T10:41:53.896007,6.2,15.0,2100.0
2026-02-08T10:41:54.396744,13.9,15.0,2100.0
2026-02-08T10:41:54.897431,11.1,15.0,2100.0
2026-02-08T10:41:55.398148,7.8,14.9,2100.0
2026-02-08T10:41:55.898935,8.9,14.9,2100.0
2026-02-08T10:41:56.400700,5.0,14.9,2100.0
2026-02-08T10:41:56.901442,6.1,14.9,2100.0
2026-02-08T10:41:57.402276,10.0,14.9,2100.0
2026-02-08T10:41:57.903255,10.6,14.9,2100.0
2026-02-08T10:41:58.403757,5.6,14.9,2100.0
2026-02-08T10:41:58.904643,8.8,14.9,2100.0
2026-02-08T10:41:59.405817,5.5,14.9,2100.0
2026-02-08T10:41:59.906741,7.7,14.9,2100.0
2026-02-08T10:42:00.407528,5.0,14.9,2100.0
2026-02-08T10:42:00.908195,5.5,14.9,2100.0
2026-02-08T10:42:01.409681,7.1,14.9,2100.0
2026-02-08T10:42:01.910702,5.1,14.9,2100.0
2026-02-08T10:42:02.412659,7.2,14.9,2100.0
2026-02-08T10:42:02.913467,6.5,14.9,2100.0
2026-02-08T10:42:03.414213,5.5,14.9,2100.0
2026-02-08T10:42:03.915727,10.9,14.9,2100.0
2026-02-08T10:42:04.416211,10.6,14.9,2100.0
2026-02-08T10:42:04.919196,8.0,14.9,2100.0
2026-02-08T10:42:05.419743,8.0,14.9,2100.0
2026-02-08T10:42:05.920510,11.7,14.9,2100.0
2026-02-08T10:42:06.421280,6.2,14.9,2100.0
2026-02-08T10:42:06.922062,9.8,14.9,2100.0
2026-02-08T10:42:07.422868,6.9,14.9,2100.0
2026-02-08T10:42:07.924412,6.5,14.9,2100.0
2026-02-08T10:42:08.426126,8.5,14.9,2100.0
2026-02-08T10:42:08.928035,6.0,14.9,2100.0
2026-02-08T10:42:09.428753,8.2,14.9,2100.0
2026-02-08T10:42:09.929540,11.5,14.9,2100.0
2026-02-08T10:42:10.430340,8.9,14.9,2100.0
2026-02-08T10:42:10.931103,6.7,14.9,2100.0
2026-02-08T10:42:11.432436,6.8,14.9,2100.0
2026-02-08T10:42:11.933006,6.7,14.9,2100.0
2026-02-08T10:42:12.433399,7.6,14.9,2100.0
2026-02-08T10:42:12.933965,5.7,14.9,2100.0
2026-02-08T10:42:13.434873,5.0,14.9,2100.0
2026-02-08T10:42:13.935354,6.4,14.9,2100.0
2026-02-08T10:42:14.435798,9.6,14.9,2100.0
2026-02-08T10:42:14.936388,8.2,14.9,2100.0
2026-02-08T10:42:15.437034,13.0,14.9,2100.0
2026-02-08T10:42:15.937652,5.6,14.9,2100.0
2026-02-08T10:42:16.438531,6.3,14.9,2100.0
2026-02-08T10:42:16.939417,7.3,14.9,2100.0
2026-02-08T10:42:17.440166,7.6,14.9,2100.0
2026-02-08T10:42:17.940806,5.7,14.9,2100.0
2026-02-08T10:42:18.442358,9.5,14.9,2100.0
2026-02-08T10:42:18.942936,6.6,14.9,2100.0
2026-02-08T10:42:19.447212,9.0,14.9,2100.0
2026-02-08T10:42:19.948013,8.3,14.9,2100.0
2026-02-08T10:42:20.448539,6.4,14.9,2100.0
2026-02-08T10:42:20.949083,7.4,14.9,2100.0
2026-02-08T10:42:21.450290,16.5,14.9,2100.0
2026-02-08T10:42:21.951340,13.7,14.9,2100.0
2026-02-08T10:42:22.454880,15.2,14.9,2100.0
2026-02-08T10:42:22.956237,7.5,14.9,2100.0
2026-02-08T10:42:23.457773,19.4,14.9,2100.0
2026-02-08T10:42:23.958715,9.2,14.9,2100.0
2026-02-08T10:42:24.459783,11.9,14.9,2100.0
2026-02-08T10:42:24.961151,10.6,14.9,2100.0
2026-02-08T10:42:25.463432,14.6,14.9,2100.0
2026-02-08T10:42:25.964309,4.9,15.0,2100.0
2026-02-08T10:42:26.467127,11.9,14.9,2100.0
2026-02-08T10:42:26.968008,6.8,14.9,2100.0
2026-02-08T10:42:27.468796,7.5,14.9,2100.0
2026-02-08T10:42:27.969575,5.5,14.9,2100.0
2026-02-08T10:42:28.470133,12.2,14.9,2100.0
2026-02-08T10:42:28.970951,7.6,14.9,2100.0
2026-02-08T10:42:29.472449,10.2,14.9,2100.0
2026-02-08T10:42:29.973424,5.4,14.9,2100.0
2026-02-08T10:42:30.474470,9.7,14.9,2100.0
2026-02-08T10:42:30.975678,6.2,14.9,2100.0
2026-02-08T10:42:31.476761,7.2,14.9,2100.0
2026-02-08T10:42:31.977294,8.9,14.9,2100.0
2026-02-08T10:42:32.480438,10.4,14.9,2100.0
2026-02-08T10:42:32.981306,5.6,14.9,2100.0
2026-02-08T10:42:33.482153,10.6,14.9,2100.0
2026-02-08T10:42:33.982639,5.6,14.9,2100.0
2026-02-08T10:42:34.483514,9.7,14.9,2100.0
2026-02-08T10:42:34.984038,7.8,14.9,2100.0
2026-02-08T10:42:35.484688,8.9,14.9,2100.0
2026-02-08T10:42:35.985460,5.8,14.9,2100.0
2026-02-08T10:42:36.486113,7.6,14.9,2100.0
2026-02-08T10:42:36.986664,7.3,14.9,2100.0
2026-02-08T10:42:37.488182,8.2,14.9,2100.0
2026-02-08T10:42:37.989017,5.9,14.9,2100.0
2026-02-08T10:42:38.489740,9.7,15.0,2100.0
2026-02-08T10:42:38.991809,9.0,15.0,2100.0
2026-02-08T10:42:39.492679,12.4,15.0,2100.0
2026-02-08T10:42:39.993624,14.6,15.0,2100.0
2026-02-08T10:42:40.494720,7.8,15.0,2100.0
2026-02-08T10:42:40.995235,6.7,15.0,2100.0
2026-02-08T10:42:41.495990,7.5,15.0,2100.0
2026-02-08T10:42:41.996739,9.4,15.0,2100.0
2026-02-08T10:42:42.497240,8.4,15.0,2100.0
2026-02-08T10:42:42.998191,3.4,15.0,2100.0
2026-02-08T10:42:43.498946,5.9,15.0,2100.0
2026-02-08T10:42:43.999718,5.7,15.0,2100.0
2026-02-08T10:42:44.500633,5.6,15.0,2100.0
2026-02-08T10:42:45.001243,6.3,15.0,2100.0
2026-02-08T10:42:45.501923,8.3,15.0,2100.0
2026-02-08T10:42:46.003017,10.3,15.0,2100.0
2026-02-08T10:42:46.503573,9.1,15.0,2100.0
2026-02-08T10:42:47.004134,6.0,15.0,2100.0
2026-02-08T10:42:47.504543,6.8,15.0,2100.0
2026-02-08T10:42:48.005407,8.5,15.0,2100.0
2026-02-08T10:42:48.505827,6.4,15.0,2100.0
2026-02-08T10:42:49.007491,6.2,15.0,2100.0
2026-02-08T10:42:49.508712,13.4,15.0,2100.0
2026-02-08T10:42:50.009752,7.6,15.0,2100.0
2026-02-08T10:42:50.510623,10.7,15.0,2100.0
2026-02-08T10:42:51.012474,7.4,15.0,2100.0
2026-02-08T10:42:51.513418,8.0,15.0,2100.0
2026-02-08T10:42:52.014081,8.9,15.0,2100.0
2026-02-08T10:42:52.514888,12.7,15.0,2100.0
2026-02-08T10:42:53.015364,7.5,15.0,2100.0
2026-02-08T10:42:53.515822,11.1,15.0,2100.0
2026-02-08T10:42:54.016663,8.0,15.0,2100.0
2026-02-08T10:42:54.517523,14.3,15.0,2100.0
2026-02-08T10:42:55.018340,4.9,15.0,2100.0
2026-02-08T10:42:55.519012,11.0,15.0,2100.0
2026-02-08T10:42:56.019702,6.6,15.0,2100.0
2026-02-08T10:42:56.520596,5.5,15.0,2100.0
2026-02-08T10:42:57.021350,8.6,15.0,2100.0
2026-02-08T10:42:57.522065,9.2,15.0,2100.0
2026-02-08T10:42:58.023076,5.4,15.0,2100.0
2026-02-08T10:42:58.524074,9.9,15.0,2100.0
2026-02-08T10:42:59.024604,6.1,15.0,2100.0
2026-02-08T10:42:59.525134,8.0,15.0,2100.0
2026-02-08T10:43:00.025959,6.9,15.0,2100.0
2026-02-08T10:43:00.528997,7.1,15.0,2100.0
2026-02-08T10:43:01.029542,7.3,15.0,2100.0
2026-02-08T10:43:01.530384,6.3,15.0,2100.0
2026-02-08T10:43:02.030818,6.6,15.0,2100.0
2026-02-08T10:43:02.531387,6.6,15.0,2100.0
2026-02-08T10:43:03.032727,6.8,15.0,2100.0
2026-02-08T10:43:03.533964,11.9,15.0,2100.0
2026-02-08T10:43:04.034439,5.4,15.0,2100.0
2026-02-08T10:43:04.535506,6.9,15.0,2100.0
2026-02-08T10:43:05.036110,6.1,15.0,2100.0
2026-02-08T10:43:05.536729,10.8,15.0,2100.0
2026-02-08T10:43:06.037248,5.2,15.0,2100.0
2026-02-08T10:43:06.538068,7.1,15.0,2100.0
2026-02-08T10:43:07.038656,6.4,15.0,2100.0
2026-02-08T10:43:07.539856,6.7,15.0,2100.0
2026-02-08T10:43:08.040577,6.2,15.0,2100.0
2026-02-08T10:43:08.541749,9.2,15.0,2100.0
2026-02-08T10:43:09.042163,5.4,15.0,2100.0
2026-02-08T10:43:09.542932,7.0,15.0,2100.0
2026-02-08T10:43:10.043754,7.9,15.0,2100.0
2026-02-08T10:43:10.544249,6.9,15.0,2100.0
2026-02-08T10:43:11.045013,7.2,15.0,2100.0
2026-02-08T10:43:11.545544,13.3,15.0,2100.0
2026-02-08T10:43:12.046047,8.2,15.0,2100.0
2026-02-08T10:43:12.547413,10.9,15.0,2100.0
2026-02-08T10:43:13.047965,6.3,15.0,2100.0
2026-02-08T10:43:13.548564,11.7,15.0,2100.0
2026-02-08T10:43:14.049017,6.6,15.0,2100.0
2026-02-08T10:43:14.549852,11.2,15.0,2100.0
2026-02-08T10:43:15.050405,7.9,15.0,2100.0
2026-02-08T10:43:15.551163,8.9,15.0,2100.0
2026-02-08T10:43:16.051813,5.7,15.0,2100.0
2026-02-08T10:43:16.552359,9.8,15.0,2100.0
2026-02-08T10:43:17.053172,8.3,15.0,2100.0
2026-02-08T10:43:17.555666,7.9,15.0,2100.0
2026-02-08T10:43:18.056728,6.3,15.0,2100.0
2026-02-08T10:43:18.557960,10.2,15.0,2100.0
2026-02-08T10:43:19.058701,6.1,15.0,2100.0
2026-02-08T10:43:19.559586,6.3,15.0,2100.0
2026-02-08T10:43:20.060095,5.8,15.0,2100.0
2026-02-08T10:43:20.560653,8.9,15.0,2100.0
2026-02-08T10:43:21.061722,5.1,15.0,2100.0
2026-02-08T10:43:21.562236,8.9,15.0,2100.0
2026-02-08T10:43:22.063136,6.8,15.0,2100.0
2026-02-08T10:43:22.564037,7.2,15.0,2100.0
2026-02-08T10:43:23.064866,7.0,15.0,2100.0
2026-02-08T10:43:23.565482,11.9,15.0,2100.0
2026-02-08T10:43:24.066101,5.7,15.0,2100.0
2026-02-08T10:43:24.566510,6.7,15.0,2100.0
2026-02-08T10:43:25.067446,9.1,15.0,2100.0
2026-02-08T10:43:25.568278,9.2,15.0,2100.0
2026-02-08T10:43:26.069104,5.9,15.0,2100.0
2026-02-08T10:43:26.569621,8.9,15.0,2100.0
2026-02-08T10:43:27.070096,7.1,15.0,2100.0
2026-02-08T10:43:27.570864,9.3,15.0,2100.0
2026-02-08T10:43:28.072398,7.8,15.0,2100.0
2026-02-08T10:43:28.572980,6.4,15.0,2100.0
2026-02-08T10:43:29.073859,6.6,15.0,2100.0
2026-02-08T10:43:29.574820,7.2,15.0,2100.0
2026-02-08T10:43:30.075401,9.1,15.0,2100.0
2026-02-08T10:43:30.577407,7.4,15.0,2100.0
2026-02-08T10:43:31.077965,7.7,15.0,2100.0
2026-02-08T10:43:31.578975,5.3,15.0,2100.0
2026-02-08T10:43:32.079770,9.6,15.0,2100.0
2026-02-08T10:43:32.580252,9.0,15.0,2100.0
2026-02-08T10:43:33.081474,9.4,15.0,2100.0
2026-02-08T10:43:33.582303,6.2,15.0,2100.0
2026-02-08T10:43:34.083224,8.9,15.0,2100.0
2026-02-08T10:43:34.583844,8.2,15.0,2100.0
2026-02-08T10:43:35.085105,7.8,15.0,2100.0
2026-02-08T10:43:35.587657,8.6,15.0,2100.0
2026-02-08T10:43:36.089187,6.2,15.0,2100.0
2026-02-08T10:43:36.590115,7.2,15.0,2100.0
2026-02-08T10:43:37.091562,11.3,15.0,2100.0
2026-02-08T10:43:37.592083,7.8,15.0,2100.0
2026-02-08T10:43:38.093709,10.6,15.0,2100.0
2026-02-08T10:43:38.594803,12.5,15.0,2100.0
2026-02-08T10:43:39.095420,8.4,15.0,2100.0
2026-02-08T10:43:39.596124,8.5,15.0,2100.0
2026-02-08T10:43:40.096990,7.2,15.0,2100.0
2026-02-08T10:43:40.598408,9.4,15.0,2100.0
2026-02-08T10:43:41.099189,7.9,15.0,2100.0
2026-02-08T10:43:41.599792,9.5,15.0,2100.0
2026-02-08T10:43:42.100573,8.9,15.0,2100.0
2026-02-08T10:43:42.601156,10.0,15.0,2100.0
2026-02-08T10:43:43.101636,5.8,15.0,2100.0
2026-02-08T10:43:43.602319,7.3,15.0,2100.0
2026-02-08T10:43:44.104097,5.2,15.0,2100.0
2026-02-08T10:43:44.606054,9.6,15.0,2100.0
2026-02-08T10:43:45.106942,5.4,15.0,2100.0
2026-02-08T10:43:45.607711,8.6,15.0,2100.0
2026-02-08T10:43:46.109828,8.4,15.0,2100.0
2026-02-08T10:43:46.610729,6.1,15.0,2100.0
2026-02-08T10:43:47.111831,7.5,15.0,2100.0
2026-02-08T10:43:47.612933,8.3,15.0,2100.0
2026-02-08T10:43:48.113584,6.4,15.0,2100.0
2026-02-08T10:43:48.614504,6.6,15.0,2100.0
2026-02-08T10:43:49.115022,8.5,15.0,2100.0
2026-02-08T10:43:49.615439,5.0,15.0,2100.0
2026-02-08T10:43:50.116129,6.0,15.0,2100.0
2026-02-08T10:43:50.617067,8.4,15.0,2100.0
2026-02-08T10:43:51.117893,6.8,15.0,2100.0
2026-02-08T10:43:51.618674,5.5,15.0,2100.0
2026-02-08T10:43:52.119465,7.0,15.0,2100.0
2026-02-08T10:43:52.620782,11.0,15.0,2100.0
2026-02-08T10:43:53.121585,7.6,15.0,2100.0
2026-02-08T10:43:53.622420,14.8,15.0,2100.0
2026-02-08T10:43:54.123687,8.7,15.0,2100.0
2026-02-08T10:43:54.624393,10.7,15.0,2100.0
2026-02-08T10:43:55.125841,6.4,15.0,2100.0
2026-02-08T10:43:55.626469,8.2,15.0,2100.0
2026-02-08T10:43:56.127943,5.5,15.0,2100.0
2026-02-08T10:43:56.628741,8.7,15.0,2100.0
2026-02-08T10:43:57.129225,6.7,15.0,2100.0
2026-02-08T10:43:57.629601,8.3,15.0,2100.0
2026-02-08T10:43:58.130141,8.1,15.0,2100.0
2026-02-08T10:43:58.630996,7.3,15.0,2100.0
2026-02-08T10:43:59.132069,5.3,14.9,2100.0
2026-02-08T10:43:59.632632,11.9,14.9,2100.0
2026-02-08T10:44:00.133109,7.5,14.9,2100.0
2026-02-08T10:44:00.633650,8.7,14.9,2100.0
2026-02-08T10:44:01.134205,6.7,14.9,2100.0
2026-02-08T10:44:01.634747,8.7,14.9,2100.0
2026-02-08T10:44:02.135687,8.2,14.9,2100.0
2026-02-08T10:44:02.638023,8.2,14.9,2100.0
2026-02-08T10:44:03.138536,8.2,14.9,2100.0
2026-02-08T10:44:03.639202,6.1,14.9,2100.0
2026-02-08T10:44:04.140083,6.5,15.0,2100.0
2026-02-08T10:44:04.641161,10.9,15.0,2100.0
2026-02-08T10:44:05.141967,8.7,15.0,2100.0
2026-02-08T10:44:05.642346,5.7,14.9,2100.0
2026-02-08T10:44:06.143264,6.2,14.9,2100.0
2026-02-08T10:44:06.644096,9.2,14.9,2100.0
2026-02-08T10:44:07.144962,8.1,14.9,2100.0
2026-02-08T10:44:07.645443,9.6,14.9,2100.0
2026-02-08T10:44:08.146142,8.1,15.0,2100.0
2026-02-08T10:44:08.646806,6.8,15.0,2100.0
2026-02-08T10:44:09.147197,5.9,14.9,2100.0
2026-02-08T10:44:09.647780,9.2,14.9,2100.0
2026-02-08T10:44:10.148405,8.5,14.9,2100.0
2026-02-08T10:44:10.649201,10.8,14.9,2100.0
2026-02-08T10:44:11.149787,6.1,14.9,2100.0
2026-02-08T10:44:11.650943,6.0,14.9,2100.0
2026-02-08T10:44:12.151773,4.7,14.9,2100.0
2026-02-08T10:44:12.652637,7.2,14.9,2100.0
2026-02-08T10:44:13.153137,8.4,14.9,2100.0
2026-02-08T10:44:13.653703,6.0,14.9,2100.0
2026-02-08T10:44:14.154056,6.3,15.0,2100.0
2026-02-08T10:44:14.655605,11.0,15.0,2100.0
2026-02-08T10:44:15.156402,7.3,15.0,2100.0
2026-02-08T10:44:15.657321,6.0,15.0,2100.0
2026-02-08T10:44:16.159178,9.8,15.0,2100.0
2026-02-08T10:44:16.660036,7.9,15.0,2100.0
2026-02-08T10:44:17.160430,10.5,15.0,2100.0
2026-02-08T10:44:17.661300,7.4,15.0,2100.0
2026-02-08T10:44:18.161948,7.7,15.0,2100.0
2026-02-08T10:44:18.662914,6.1,15.0,2100.0
2026-02-08T10:44:19.163534,7.2,15.0,2100.0
2026-02-08T10:44:19.664242,9.5,15.0,2100.0
2026-02-08T10:44:20.165077,8.8,15.0,2100.0
2026-02-08T10:44:20.665599,6.6,15.0,2100.0
2026-02-08T10:44:21.166323,10.4,15.0,2100.0
2026-02-08T10:44:21.666719,8.5,15.0,2100.0
2026-02-08T10:44:22.167504,8.5,15.0,2100.0
2026-02-08T10:44:22.668210,7.3,15.0,2100.0
2026-02-08T10:44:23.169395,8.0,15.0,2100.0
2026-02-08T10:44:23.670123,7.5,15.0,2100.0
2026-02-08T10:44:24.170714,8.8,15.0,2100.0
2026-02-08T10:44:24.671229,8.6,15.0,2100.0
2026-02-08T10:44:25.171988,7.3,14.9,2100.0
2026-02-08T10:44:25.673318,7.7,14.9,2100.0
2026-02-08T10:44:26.173911,8.3,14.9,2100.0
2026-02-08T10:44:26.674685,7.9,14.9,2100.0
2026-02-08T10:44:27.176782,8.5,14.9,2100.0
2026-02-08T10:44:27.678575,8.7,14.9,2100.0
2026-02-08T10:44:28.179428,8.4,14.9,2100.0
2026-02-08T10:44:28.679845,9.8,14.9,2100.0
2026-02-08T10:44:29.180557,4.7,14.9,2100.0
2026-02-08T10:44:29.681028,6.5,14.9,2100.0
2026-02-08T10:44:30.182146,5.1,14.9,2100.0
2026-02-08T10:44:30.682728,7.4,14.9,2100.0
2026-02-08T10:44:31.183501,7.3,14.9,2100.0
2026-02-08T10:44:31.684335,6.8,14.9,2100.0
2026-02-08T10:44:32.186087,8.5,14.9,2100.0
2026-02-08T10:44:32.687069,5.3,14.9,2100.0
2026-02-08T10:44:33.188065,4.8,14.9,2100.0
2026-02-08T10:44:33.688984,5.8,14.9,2100.0
2026-02-08T10:44:34.189694,12.0,14.9,2100.0
2026-02-08T10:44:34.690140,8.9,14.9,2100.0
2026-02-08T10:44:35.191128,6.6,14.9,2100.0
2026-02-08T10:44:35.691746,6.4,14.9,2100.0
2026-02-08T10:44:36.193581,6.8,14.9,2100.0
2026-02-08T10:44:36.694197,7.1,14.9,2100.0
2026-02-08T10:44:37.194974,7.1,14.9,2100.0
2026-02-08T10:44:37.695462,8.2,14.9,2100.0
2026-02-08T10:44:38.196563,6.9,14.9,2100.0
2026-02-08T10:44:38.697543,8.2,14.9,2100.0
2026-02-08T10:44:39.198426,6.5,14.9,2100.0
2026-02-08T10:44:39.699204,9.2,14.9,2100.0
2026-02-08T10:44:40.200071,9.0,14.9,2100.0
2026-02-08T10:44:40.700862,11.2,14.9,2100.0
2026-02-08T10:44:41.202992,5.8,14.9,2100.0
2026-02-08T10:44:41.703513,7.8,14.9,2100.0
2026-02-08T10:44:42.204459,6.7,14.9,2100.0
2026-02-08T10:44:42.705810,9.5,14.9,2100.0
2026-02-08T10:44:43.206413,8.0,14.9,2100.0
2026-02-08T10:44:43.707207,12.2,14.9,2100.0
2026-02-08T10:44:44.208028,7.6,14.9,2100.0
2026-02-08T10:44:44.708747,8.7,14.9,2100.0
2026-02-08T10:44:45.209348,5.8,14.9,2100.0
2026-02-08T10:44:45.710212,11.6,14.9,2100.0
2026-02-08T10:44:46.212276,5.9,14.9,2100.0
2026-02-08T10:44:46.713005,11.0,14.9,2100.0
2026-02-08T10:44:47.214035,10.5,14.9,2100.0
2026-02-08T10:44:47.714573,10.1,14.9,2100.0
2026-02-08T10:44:48.215165,7.1,14.9,2100.0
2026-02-08T10:44:48.715708,10.4,14.9,2100.0
2026-02-08T10:44:49.216411,7.0,14.9,2100.0
2026-02-08T10:44:49.717137,8.9,14.9,2100.0
2026-02-08T10:44:50.219098,6.9,14.9,2100.0
2026-02-08T10:44:50.719895,7.4,14.9,2100.0
2026-02-08T10:44:51.220895,7.1,14.9,2100.0
2026-02-08T10:44:51.721493,8.2,14.9,2100.0
2026-02-08T10:44:52.222499,5.3,14.9,2100.0
2026-02-08T10:44:52.723640,6.4,14.9,2100.0
2026-02-08T10:44:53.224051,6.6,14.9,2100.0
2026-02-08T10:44:53.724663,8.6,14.9,2100.0
2026-02-08T10:44:54.225180,8.8,14.9,2100.0
2026-02-08T10:44:54.725646,8.3,14.9,2100.0
2026-02-08T10:44:55.226226,5.9,14.9,2100.0
2026-02-08T10:44:55.727044,7.2,14.9,2100.0
2026-02-08T10:44:56.228115,7.4,14.9,2100.0
2026-02-08T10:44:56.728719,5.9,14.9,2100.0
2026-02-08T10:44:57.229148,8.2,14.9,2100.0
2026-02-08T10:44:57.729664,4.9,14.9,2100.0
2026-02-08T10:44:58.230242,6.5,14.9,2100.0
2026-02-08T10:44:58.730991,11.5,14.9,2100.0
2026-02-08T10:44:59.231727,9.5,14.9,2100.0
2026-02-08T10:44:59.732251,6.7,14.9,2100.0
2026-02-08T10:45:00.232764,9.2,14.9,2100.0
2026-02-08T10:45:00.733919,8.2,14.9,2100.0
2026-02-08T10:45:01.234638,9.6,14.9,2100.0
2026-02-08T10:45:01.735065,8.6,14.9,2100.0
2026-02-08T10:45:02.235536,10.1,14.9,2100.0
2026-02-08T10:45:02.736129,5.7,14.9,2100.0
2026-02-08T10:45:03.237584,10.1,14.9,2100.0
2026-02-08T10:45:03.738258,5.9,14.9,2100.0
2026-02-08T10:45:04.238947,8.7,14.9,2100.0
2026-02-08T10:45:04.739465,6.3,14.9,2100.0
2026-02-08T10:45:05.240528,16.0,14.9,2100.0
2026-02-08T10:45:05.741425,5.5,14.9,2100.0
2026-02-08T10:45:06.242043,8.1,14.9,2100.0
2026-02-08T10:45:06.742839,5.2,14.9,2100.0
2026-02-08T10:45:07.243362,7.8,14.9,2100.0
2026-02-08T10:45:07.743965,5.0,14.9,2100.0
2026-02-08T10:45:08.245026,12.4,14.9,2100.0
2026-02-08T10:45:08.746031,6.2,14.9,2100.0
2026-02-08T10:45:09.248172,8.1,14.9,2100.0
2026-02-08T10:45:09.748880,5.5,14.9,2100.0
2026-02-08T10:45:10.249678,8.2,14.9,2100.0
2026-02-08T10:45:10.750709,9.1,14.9,2100.0
2026-02-08T10:45:11.251368,4.8,14.9,2100.0
2026-02-08T10:45:11.752604,5.3,14.9,2100.0
2026-02-08T10:45:12.253183,11.1,14.9,2100.0
2026-02-08T10:45:12.753601,6.1,14.9,2100.0
2026-02-08T10:45:13.255724,11.9,14.9,2100.0
2026-02-08T10:45:13.756664,9.2,14.9,2100.0
2026-02-08T10:45:14.257763,5.3,14.9,2100.0
2026-02-08T10:45:14.758532,7.1,14.9,2100.0
2026-02-08T10:45:15.259203,5.4,14.9,2100.0
2026-02-08T10:45:15.760079,7.8,14.9,2100.0
2026-02-08T10:45:16.260790,4.5,14.9,2100.0
2026-02-08T10:45:16.761594,8.0,14.9,2100.0
2026-02-08T10:45:17.262286,5.0,14.9,2100.0
2026-02-08T10:45:17.763143,13.2,14.9,2100.0
2026-02-08T10:45:18.263766,8.2,14.9,2100.0
2026-02-08T10:45:18.764196,8.0,14.9,2100.0
2026-02-08T10:45:19.264883,7.1,14.9,2100.0
2026-02-08T10:45:19.767325,9.8,14.9,2100.0
2026-02-08T10:45:20.268070,9.8,15.0,2100.0
2026-02-08T10:45:20.768915,11.6,14.9,2100.0
2026-02-08T10:45:21.269794,6.1,14.9,2100.0
2026-02-08T10:45:21.770497,7.5,14.9,2100.0
2026-02-08T10:45:22.271320,7.3,14.9,2100.0
2026-02-08T10:45:22.771859,11.9,14.9,2100.0
2026-02-08T10:45:23.273821,8.1,14.9,2100.0
2026-02-08T10:45:23.774338,8.2,14.9,2100.0
2026-02-08T10:45:24.274979,6.3,14.9,2100.0
2026-02-08T10:45:24.775346,7.9,14.9,2100.0
2026-02-08T10:45:25.276076,7.0,14.9,2100.0
2026-02-08T10:45:25.776744,10.9,14.9,2100.0
2026-02-08T10:45:26.277647,4.2,14.9,2100.0
2026-02-08T10:45:26.778091,7.3,14.9,2100.0
2026-02-08T10:45:27.278854,7.5,14.9,2100.0
2026-02-08T10:45:27.779679,12.0,14.9,2100.0
2026-02-08T10:45:28.280472,8.6,14.9,2100.0
2026-02-08T10:45:28.781103,8.8,14.9,2100.0
2026-02-08T10:45:29.281616,5.1,14.9,2100.0
2026-02-08T10:45:29.782319,8.6,14.9,2100.0
2026-02-08T10:45:30.283056,5.5,14.9,2100.0
2026-02-08T10:45:30.787350,15.2,14.9,2100.0
2026-02-08T10:45:31.288006,5.4,14.9,2100.0
2026-02-08T10:45:31.788858,6.0,14.9,2100.0
2026-02-08T10:45:32.289512,8.7,14.9,2100.0
2026-02-08T10:45:32.790051,6.0,14.9,2100.0
2026-02-08T10:45:33.290554,6.8,14.9,2100.0
2026-02-08T10:45:33.791512,5.9,14.9,2100.0
2026-02-08T10:45:34.292062,10.4,14.9,2100.0
2026-02-08T10:45:34.792794,6.1,14.9,2100.0
2026-02-08T10:45:35.293259,5.8,14.9,2100.0
2026-02-08T10:45:35.793777,7.3,14.9,2100.0
2026-02-08T10:45:36.294584,5.2,14.9,2100.0
2026-02-08T10:45:36.795349,7.3,14.9,2100.0
2026-02-08T10:45:37.296261,7.0,14.9,2100.0
2026-02-08T10:45:37.796901,7.1,14.9,2100.0
2026-02-08T10:45:38.297643,6.1,14.9,2100.0
2026-02-08T10:45:38.798649,6.6,14.9,2100.0
2026-02-08T10:45:39.299404,9.4,14.9,2100.0
2026-02-08T10:45:39.800215,8.6,14.9,2100.0
2026-02-08T10:45:40.300926,6.8,14.9,2100.0
2026-02-08T10:45:40.802225,10.8,14.9,2100.0
2026-02-08T10:45:41.302987,11.8,14.9,2100.0
2026-02-08T10:45:41.803600,10.2,14.9,2100.0
2026-02-08T10:45:42.304305,5.4,14.9,2100.0
2026-02-08T10:45:42.806030,6.9,14.9,2100.0
2026-02-08T10:45:43.307397,13.8,14.9,2100.0
2026-02-08T10:45:43.808162,11.2,14.9,2100.0
2026-02-08T10:45:44.308935,5.9,14.9,2100.0
2026-02-08T10:45:44.809393,7.3,14.9,2100.0
2026-02-08T10:45:45.310238,7.8,14.9,2100.0
2026-02-08T10:45:45.810709,10.1,14.9,2100.0
2026-02-08T10:45:46.311356,7.7,14.9,2100.0
2026-02-08T10:45:46.811762,8.4,14.9,2100.0
2026-02-08T10:45:47.312220,7.6,14.9,2100.0
2026-02-08T10:45:47.812738,7.7,14.9,2100.0
2026-02-08T10:45:48.313889,11.2,14.9,2100.0
2026-02-08T10:45:48.815661,9.0,14.9,2100.0
2026-02-08T10:45:49.316971,6.3,14.9,2100.0
2026-02-08T10:45:49.817956,8.8,14.9,2100.0
2026-02-08T10:45:50.318410,7.5,14.9,2100.0
2026-02-08T10:45:50.819486,5.8,14.9,2100.0
2026-02-08T10:45:51.320227,4.7,14.9,2100.0
2026-02-08T10:45:51.820687,8.0,14.9,2100.0
2026-02-08T10:45:52.321319,6.7,14.9,2100.0
2026-02-08T10:45:52.822202,6.9,14.9,2100.0
2026-02-08T10:45:53.322618,7.1,14.9,2100.0
2026-02-08T10:45:53.823142,6.4,14.9,2100.0
2026-02-08T10:45:54.323733,7.2,14.9,2100.0
2026-02-08T10:45:54.824370,6.1,14.9,2100.0
2026-02-08T10:45:55.324964,8.7,15.0,2100.0
2026-02-08T10:45:55.825572,7.8,15.0,2100.0
2026-02-08T10:45:56.326372,7.7,14.9,2100.0
2026-02-08T10:45:56.826811,5.7,14.9,2100.0
2026-02-08T10:45:57.327724,11.1,14.9,2100.0
2026-02-08T10:45:57.828855,9.5,14.9,2100.0
2026-02-08T10:45:58.329799,4.9,14.9,2100.0
2026-02-08T10:45:58.831377,5.7,14.9,2100.0
2026-02-08T10:45:59.332272,6.3,14.9,2100.0
2026-02-08T10:45:59.833121,7.9,14.9,2100.0
2026-02-08T10:46:00.334222,6.0,14.9,2100.0
2026-02-08T10:46:00.835303,11.7,14.9,2100.0
2026-02-08T10:46:01.335976,5.9,14.9,2100.0
2026-02-08T10:46:01.836837,4.1,14.9,2100.0
2026-02-08T10:46:02.338110,6.1,14.9,2100.0
2026-02-08T10:46:02.838963,3.9,14.9,2100.0
2026-02-08T10:46:03.339712,7.8,14.9,2100.0
2026-02-08T10:46:03.840569,5.1,14.9,2100.0
2026-02-08T10:46:04.341015,7.2,14.9,2100.0
2026-02-08T10:46:04.841425,10.1,14.9,2100.0
2026-02-08T10:46:05.342216,9.4,14.9,2100.0
2026-02-08T10:46:05.842833,8.0,14.9,2100.0
2026-02-08T10:46:06.343779,15.0,14.9,2100.0
2026-02-08T10:46:06.844232,8.3,14.9,2100.0
2026-02-08T10:46:07.344694,6.9,14.9,2100.0
2026-02-08T10:46:07.845153,10.0,14.9,2100.0
2026-02-08T10:46:08.346109,7.7,14.9,2100.0
2026-02-08T10:46:08.846776,6.1,14.9,2100.0
2026-02-08T10:46:09.347649,7.6,14.9,2100.0
2026-02-08T10:46:09.848438,8.8,14.9,2100.0
2026-02-08T10:46:10.349056,9.0,14.9,2100.0
2026-02-08T10:46:10.850734,19.0,14.9,2100.0
2026-02-08T10:46:11.352572,10.5,14.9,2100.0
2026-02-08T10:46:11.853611,16.9,15.0,2100.0
2026-02-08T10:46:12.354396,14.2,14.9,2100.0
2026-02-08T10:46:12.855657,9.4,14.9,2100.0
2026-02-08T10:46:13.356418,6.0,14.9,2100.0
2026-02-08T10:46:13.864389,10.8,14.9,2100.0
2026-02-08T10:46:14.365272,7.6,15.0,2100.0
2026-02-08T10:46:14.866213,11.2,15.0,2100.0
2026-02-08T10:46:15.367737,5.6,15.0,2100.0
2026-02-08T10:46:15.868430,11.6,15.0,2100.0
2026-02-08T10:46:16.369182,9.3,15.0,2100.0
2026-02-08T10:46:16.870406,10.5,15.0,2100.0
2026-02-08T10:46:17.371153,5.2,15.0,2100.0
2026-02-08T10:46:17.871842,6.9,15.0,2100.0
2026-02-08T10:46:18.372770,5.7,15.0,2100.0
2026-02-08T10:46:18.874246,5.8,15.0,2100.0
2026-02-08T10:46:19.398578,12.3,15.0,2100.0
2026-02-08T10:46:19.899182,9.2,15.0,2100.0
2026-02-08T10:46:20.399741,7.7,15.0,2100.0
2026-02-08T10:46:20.900811,11.9,15.0,2100.0
2026-02-08T10:46:21.401660,5.6,15.0,2100.0
2026-02-08T10:46:21.903359,9.3,15.0,2100.0
2026-02-08T10:46:22.404407,6.0,15.0,2100.0
2026-02-08T10:46:22.905785,7.3,15.0,2100.0
2026-02-08T10:46:23.406502,4.6,15.0,2100.0
2026-02-08T10:46:23.911973,9.4,15.0,2100.0
2026-02-08T10:46:24.412538,8.3,15.0,2100.0
2026-02-08T10:46:24.913434,5.7,15.0,2100.0
2026-02-08T10:46:25.414067,15.5,15.0,2100.0
2026-02-08T10:46:25.915165,11.8,15.0,2100.0
2026-02-08T10:46:26.415730,5.9,15.0,2100.0
2026-02-08T10:46:26.916507,9.4,15.0,2100.0
2026-02-08T10:46:27.417562,5.8,15.0,2100.0
2026-02-08T10:46:27.918868,8.9,15.0,2100.0
2026-02-08T10:46:28.419689,10.2,15.0,2100.0
2026-02-08T10:46:28.920537,8.4,15.0,2100.0
2026-02-08T10:46:29.421151,8.4,14.9,2100.0
2026-02-08T10:46:29.922003,6.3,14.9,2100.0
2026-02-08T10:46:30.422856,7.8,14.9,2100.0
2026-02-08T10:46:30.923599,7.4,14.9,2100.0
2026-02-08T10:46:31.424431,7.2,14.9,2100.0
2026-02-08T10:46:31.925180,8.3,14.9,2100.0
2026-02-08T10:46:32.425928,10.3,14.9,2100.0
2026-02-08T10:46:32.926616,6.4,14.9,2100.0
2026-02-08T10:46:33.427161,6.2,14.9,2100.0
2026-02-08T10:46:33.927769,6.8,14.9,2100.0
2026-02-08T10:46:34.429073,9.4,14.9,2100.0
2026-02-08T10:46:34.929820,7.2,14.9,2100.0
2026-02-08T10:46:35.430698,8.1,14.9,2100.0
2026-02-08T10:46:35.931044,5.8,14.9,2100.0
2026-02-08T10:46:36.432065,8.6,14.9,2100.0
2026-02-08T10:46:36.932973,8.5,14.9,2100.0
2026-02-08T10:46:37.433844,7.6,14.9,2100.0
2026-02-08T10:46:37.936810,6.8,14.9,2100.0
2026-02-08T10:46:38.437312,6.1,14.9,2100.0
2026-02-08T10:46:38.937670,7.0,14.9,2100.0
2026-02-08T10:46:39.438303,6.0,14.9,2100.0
2026-02-08T10:46:39.939134,5.6,14.9,2100.0
2026-02-08T10:46:40.439803,7.3,14.9,2100.0
2026-02-08T10:46:40.940437,6.4,14.9,2100.0
2026-02-08T10:46:41.440980,12.0,15.0,2100.0
2026-02-08T10:46:41.941361,11.0,15.0,2100.0
2026-02-08T10:46:42.441839,8.9,14.9,2100.0
2026-02-08T10:46:42.942555,4.8,14.9,2100.0
2026-02-08T10:46:43.442985,5.2,14.9,2100.0
2026-02-08T10:46:43.943405,5.0,14.9,2100.0
2026-02-08T10:46:44.443834,10.5,14.9,2100.0
2026-02-08T10:46:44.944338,5.3,14.9,2100.0
2026-02-08T10:46:45.445029,8.3,14.9,2100.0
2026-02-08T10:46:45.945756,4.7,15.0,2100.0
2026-02-08T10:46:46.446262,9.0,14.9,2100.0
2026-02-08T10:46:46.946689,7.7,15.0,2100.0
2026-02-08T10:46:47.449229,14.0,15.0,2100.0
2026-02-08T10:46:47.949885,12.6,15.0,2100.0
2026-02-08T10:46:48.450626,5.7,15.0,2100.0
2026-02-08T10:46:48.951189,6.3,15.0,2100.0
2026-02-08T10:46:49.451834,9.8,15.0,2100.0
2026-02-08T10:46:49.953082,6.6,15.0,2100.0
2026-02-08T10:46:50.453864,12.3,15.0,2100.0
2026-02-08T10:46:50.954364,6.7,15.0,2100.0
2026-02-08T10:46:51.455311,6.4,14.9,2100.0
2026-02-08T10:46:51.955789,7.4,15.0,2100.0
2026-02-08T10:46:52.456501,12.2,15.0,2100.0
2026-02-08T10:46:52.956954,8.7,15.0,2100.0
2026-02-08T10:46:53.457602,5.8,15.0,2100.0
2026-02-08T10:46:53.958159,7.2,15.0,2100.0
2026-02-08T10:46:54.458859,8.9,15.0,2100.0
2026-02-08T10:46:54.959779,4.4,15.0,2100.0
2026-02-08T10:46:55.460668,13.1,15.0,2100.0
2026-02-08T10:46:55.961252,5.7,15.0,2100.0
2026-02-08T10:46:56.462281,8.9,14.9,2100.0
2026-02-08T10:46:56.962749,5.9,14.9,2100.0
2026-02-08T10:46:57.463527,9.4,15.0,2100.0
2026-02-08T10:46:57.964839,4.4,15.0,2100.0
2026-02-08T10:46:58.465640,10.6,15.0,2100.0
2026-02-08T10:46:58.966279,6.6,15.0,2100.0
2026-02-08T10:46:59.467405,8.1,15.0,2100.0
2026-02-08T10:46:59.968248,6.4,15.0,2100.0
2026-02-08T10:47:00.468786,10.4,15.0,2100.0
2026-02-08T10:47:00.969687,4.7,14.9,2100.0
2026-02-08T10:47:01.470470,6.4,14.9,2100.0
2026-02-08T10:47:01.970919,8.0,14.9,2100.0
2026-02-08T10:47:02.471666,6.6,14.9,2100.0
2026-02-08T10:47:02.972062,4.8,14.9,2100.0
2026-02-08T10:47:03.473049,9.2,14.9,2100.0
2026-02-08T10:47:03.973785,6.6,14.9,2100.0
2026-02-08T10:47:04.474224,6.4,14.9,2100.0
2026-02-08T10:47:04.974688,4.7,14.9,2100.0
2026-02-08T10:47:05.475524,9.2,14.9,2100.0
2026-02-08T10:47:05.975974,9.0,14.9,2100.0
2026-02-08T10:47:06.476441,7.6,14.9,2100.0
2026-02-08T10:47:06.977155,5.6,14.9,2100.0
2026-02-08T10:47:07.478169,6.7,14.9,2100.0
2026-02-08T10:47:07.979053,5.9,14.9,2100.0
2026-02-08T10:47:08.479839,9.3,14.9,2100.0
2026-02-08T10:47:08.980563,8.9,14.9,2100.0
2026-02-08T10:47:09.481868,9.4,14.9,2100.0
2026-02-08T10:47:09.983395,6.5,14.9,2100.0
2026-02-08T10:47:10.484911,12.6,14.9,2100.0
2026-02-08T10:47:10.985381,7.9,14.9,2100.0
2026-02-08T10:47:11.486292,8.4,14.9,2100.0
2026-02-08T10:47:11.987013,11.6,14.9,2100.0
2026-02-08T10:47:12.487699,9.0,14.9,2100.0
2026-02-08T10:47:12.988152,5.8,14.9,2100.0
2026-02-08T10:47:13.488652,9.5,14.9,2100.0
2026-02-08T10:47:13.989331,6.2,14.9,2100.0
2026-02-08T10:47:14.490092,11.5,14.9,2100.0
2026-02-08T10:47:14.992033,7.0,14.9,2100.0
2026-02-08T10:47:15.492442,10.3,14.9,2100.0
2026-02-08T10:47:15.992870,6.6,14.9,2100.0
2026-02-08T10:47:16.493940,9.7,14.9,2100.0
2026-02-08T10:47:16.995507,5.1,14.9,2100.0
2026-02-08T10:47:17.496239,11.9,14.9,2100.0
2026-02-08T10:47:17.997160,5.0,14.9,2100.0
2026-02-08T10:47:18.497970,7.9,14.9,2100.0
2026-02-08T10:47:18.998818,4.4,14.9,2100.0
2026-02-08T10:47:19.499338,9.9,15.0,2100.0
2026-02-08T10:47:20.000298,8.8,15.0,2100.0
2026-02-08T10:47:20.500965,8.1,15.0,2100.0
2026-02-08T10:47:21.001660,4.3,15.0,2100.0
2026-02-08T10:47:21.502462,6.0,15.0,2100.0
2026-02-08T10:47:22.002822,7.5,15.0,2100.0
2026-02-08T10:47:22.503323,11.4,15.0,2100.0
2026-02-08T10:47:23.003830,5.0,15.0,2100.0
2026-02-08T10:47:23.505448,8.7,15.0,2100.0
2026-02-08T10:47:24.005868,6.4,15.0,2100.0
2026-02-08T10:47:24.506554,8.4,15.0,2100.0
2026-02-08T10:47:25.007024,6.0,15.0,2100.0
2026-02-08T10:47:25.507610,7.8,15.0,2100.0
2026-02-08T10:47:26.008199,4.1,15.0,2100.0
2026-02-08T10:47:26.508854,6.3,14.9,2100.0
2026-02-08T10:47:27.009645,5.1,14.9,2100.0
2026-02-08T10:47:27.511237,9.3,14.9,2100.0
2026-02-08T10:47:28.012574,8.2,14.9,2100.0
2026-02-08T10:47:28.513082,6.0,14.9,2100.0
2026-02-08T10:47:29.014077,4.9,14.9,2100.0
2026-02-08T10:47:29.514684,7.0,14.9,2100.0
2026-02-08T10:47:30.015358,14.9,14.9,2100.0
2026-02-08T10:47:30.516034,9.3,14.9,2100.0
2026-02-08T10:47:31.018484,6.1,14.9,2100.0
2026-02-08T10:47:31.519135,5.7,14.9,2100.0
2026-02-08T10:47:32.019855,7.2,14.9,2100.0
2026-02-08T10:47:32.522280,12.8,14.9,2100.0
2026-02-08T10:47:33.023144,5.7,14.9,2100.0
2026-02-08T10:47:33.523586,10.1,14.9,2100.0
2026-02-08T10:47:34.024351,7.6,14.9,2100.0
2026-02-08T10:47:34.525037,10.7,14.9,2100.0
2026-02-08T10:47:35.026361,7.6,14.9,2100.0
2026-02-08T10:47:35.527303,7.7,14.9,2100.0
2026-02-08T10:47:36.029783,6.4,14.9,2100.0
2026-02-08T10:47:36.530391,7.5,14.9,2100.0
2026-02-08T10:47:37.031687,8.6,14.9,2100.0
2026-02-08T10:47:37.532678,10.6,14.9,2100.0
2026-02-08T10:47:38.033196,6.4,14.9,2100.0
2026-02-08T10:47:38.533969,6.3,14.9,2100.0
2026-02-08T10:47:39.034519,5.9,14.9,2100.0
2026-02-08T10:47:39.535396,6.9,14.9,2100.0
2026-02-08T10:47:40.036107,6.1,14.9,2100.0
2026-02-08T10:47:40.536678,15.4,14.9,2100.0
2026-02-08T10:47:41.037273,6.7,14.9,2100.0
2026-02-08T10:47:41.537771,6.4,14.9,2100.0
2026-02-08T10:47:42.038454,8.4,14.9,2100.0
2026-02-08T10:47:42.539041,8.9,14.9,2100.0
2026-02-08T10:47:43.039698,5.0,14.9,2100.0
2026-02-08T10:47:43.540378,6.9,14.9,2100.0
2026-02-08T10:47:44.040731,4.3,14.9,2100.0
2026-02-08T10:47:44.541279,12.1,14.9,2100.0
2026-02-08T10:47:45.042282,5.6,14.9,2100.0
2026-02-08T10:47:45.544126,6.6,14.9,2100.0
2026-02-08T10:47:46.044662,5.8,14.9,2100.0
2026-02-08T10:47:46.545421,6.7,14.9,2100.0
2026-02-08T10:47:47.047153,8.1,14.9,2100.0
2026-02-08T10:47:47.547996,8.6,14.9,2100.0
2026-02-08T10:47:48.049373,6.3,14.9,2100.0
2026-02-08T10:47:48.551018,5.8,14.9,2100.0
2026-02-08T10:47:49.051901,5.9,14.9,2100.0
2026-02-08T10:47:49.552785,6.2,14.9,2100.0
2026-02-08T10:47:50.053227,6.2,14.9,2100.0
2026-02-08T10:47:50.553856,9.3,14.9,2100.0
2026-02-08T10:47:51.054361,10.5,14.9,2100.0
2026-02-08T10:47:51.554787,5.6,14.9,2100.0
2026-02-08T10:47:52.055499,7.5,14.9,2100.0
2026-02-08T10:47:52.555928,6.8,14.9,2100.0
2026-02-08T10:47:53.056680,7.3,14.9,2100.0
2026-02-08T10:47:53.557225,7.7,14.9,2100.0
2026-02-08T10:47:54.057853,9.7,14.9,2100.0
2026-02-08T10:47:54.558484,9.1,14.9,2100.0
2026-02-08T10:47:55.059237,8.3,14.9,2100.0
2026-02-08T10:47:55.559763,7.2,14.9,2100.0
2026-02-08T10:47:56.062958,6.7,14.9,2100.0
2026-02-08T10:47:56.564159,8.3,14.9,2100.0
2026-02-08T10:47:57.065264,8.9,14.9,2100.0
2026-02-08T10:47:57.565792,8.8,14.9,2100.0
2026-02-08T10:47:58.066409,5.2,14.9,2100.0
2026-02-08T10:47:58.567336,9.2,14.9,2100.0
2026-02-08T10:47:59.067875,4.9,14.9,2100.0
2026-02-08T10:47:59.568431,9.7,14.9,2100.0
2026-02-08T10:48:00.069171,7.6,14.9,2100.0
2026-02-08T10:48:00.569611,9.1,14.9,2100.0
2026-02-08T10:48:01.070272,7.2,14.9,2100.0
2026-02-08T10:48:01.571119,7.7,14.9,2100.0
2026-02-08T10:48:02.071807,4.7,14.9,2100.0
2026-02-08T10:48:02.572596,5.7,14.9,2100.0
2026-02-08T10:48:03.073314,6.6,14.9,2100.0
2026-02-08T10:48:03.574104,8.4,14.9,2100.0
2026-02-08T10:48:04.075767,5.6,14.9,2100.0
2026-02-08T10:48:04.576385,7.5,14.9,2100.0
2026-02-08T10:48:05.077653,5.6,14.9,2100.0
2026-02-08T10:48:05.579365,13.6,14.9,2100.0
2026-02-08T10:48:06.079963,6.0,14.9,2100.0
2026-02-08T10:48:06.580564,6.4,14.9,2100.0
2026-02-08T10:48:07.081916,5.5,14.9,2100.0
2026-02-08T10:48:07.582443,7.9,14.9,2100.0
2026-02-08T10:48:08.082926,4.2,14.9,2100.0
2026-02-08T10:48:08.583709,9.1,14.9,2100.0
2026-02-08T10:48:09.084801,8.0,14.9,2100.0
2026-02-08T10:48:09.585547,12.2,14.9,2100.0
2026-02-08T10:48:10.086270,6.9,14.9,2100.0
2026-02-08T10:48:10.587159,17.5,14.9,2100.0
2026-02-08T10:48:11.087870,4.0,14.9,2100.0
2026-02-08T10:48:11.588517,7.5,14.9,2100.0
2026-02-08T10:48:12.089235,8.2,14.9,2100.0
2026-02-08T10:48:12.589989,7.2,14.9,2100.0
2026-02-08T10:48:13.090428,5.3,14.9,2100.0
2026-02-08T10:48:13.592126,7.9,14.9,2100.0
2026-02-08T10:48:14.095124,6.2,14.9,2100.0
2026-02-08T10:48:14.598218,9.7,14.9,2100.0
2026-02-08T10:48:15.099007,6.3,14.9,2100.0
2026-02-08T10:48:15.599886,12.8,14.9,2100.0
2026-02-08T10:48:16.100395,6.5,14.9,2100.0
2026-02-08T10:48:16.600774,7.8,14.9,2100.0
2026-02-08T10:48:17.101461,6.9,14.9,2100.0
2026-02-08T10:48:17.602110,14.5,14.9,2100.0
2026-02-08T10:48:18.102585,5.1,14.9,2100.0
2026-02-08T10:48:18.603862,11.2,14.9,2100.0
2026-02-08T10:48:19.104437,5.1,14.9,2100.0
2026-02-08T10:48:19.605135,9.5,14.9,2100.0
2026-02-08T10:48:20.105957,7.3,14.9,2100.0
2026-02-08T10:48:20.609013,12.6,14.9,2100.0
2026-02-08T10:48:21.110064,5.8,14.9,2100.0
2026-02-08T10:48:21.610841,8.0,14.9,2100.0
2026-02-08T10:48:22.112133,5.9,14.9,2100.0
2026-02-08T10:48:22.612646,8.7,14.9,2100.0
2026-02-08T10:48:23.113916,4.8,14.9,2100.0
2026-02-08T10:48:23.614660,9.2,14.9,2100.0
2026-02-08T10:48:24.115432,5.9,14.9,2100.0
2026-02-08T10:48:24.616009,7.1,14.9,2100.0
2026-02-08T10:48:25.116724,6.5,14.9,2100.0
2026-02-08T10:48:25.617247,9.2,14.9,2100.0
2026-02-08T10:48:26.117723,6.9,14.9,2100.0
2026-02-08T10:48:26.618320,8.1,14.9,2100.0
2026-02-08T10:48:27.119009,4.8,14.9,2100.0
2026-02-08T10:48:27.619530,7.9,14.9,2100.0
2026-02-08T10:48:28.120277,7.0,14.9,2100.0
2026-02-08T10:48:28.620996,9.8,14.9,2100.0
2026-02-08T10:48:29.121647,6.0,14.9,2100.0
2026-02-08T10:48:29.622864,6.4,14.9,2100.0
2026-02-08T10:48:30.124072,6.4,14.9,2100.0
2026-02-08T10:48:30.624800,6.5,14.9,2100.0
2026-02-08T10:48:31.125844,5.7,14.9,2100.0
2026-02-08T10:48:31.626207,8.4,14.9,2100.0
2026-02-08T10:48:32.126802,5.5,14.9,2100.0
2026-02-08T10:48:32.627344,8.7,14.9,2100.0
2026-02-08T10:48:33.128828,8.8,14.9,2100.0
2026-02-08T10:48:33.629508,7.0,14.9,2100.0
2026-02-08T10:48:34.132835,7.9,14.9,2100.0
2026-02-08T10:48:34.633626,8.2,14.9,2100.0
2026-02-08T10:48:35.136377,7.2,14.9,2100.0
2026-02-08T10:48:35.637008,6.4,14.9,2100.0
2026-02-08T10:48:36.137483,8.5,14.9,2100.0
2026-02-08T10:48:36.638091,6.9,14.9,2100.0
2026-02-08T10:48:37.139247,7.7,14.9,2100.0
2026-02-08T10:48:37.640716,6.2,14.9,2100.0
2026-02-08T10:48:38.141235,8.2,14.9,2100.0
2026-02-08T10:48:38.642296,6.7,14.9,2100.0
2026-02-08T10:48:39.143104,9.9,14.9,2100.0
2026-02-08T10:48:39.643853,5.5,14.9,2100.0
2026-02-08T10:48:40.144677,8.4,14.9,2100.0
2026-02-08T10:48:40.645128,8.1,14.9,2100.0
2026-02-08T10:48:41.147234,9.5,14.9,2100.0
2026-02-08T10:48:41.647688,6.4,14.9,2100.0
2026-02-08T10:48:42.148507,11.9,14.9,2100.0
2026-02-08T10:48:42.649069,12.7,14.9,2100.0
2026-02-08T10:48:43.149938,6.5,14.9,2100.0
2026-02-08T10:48:43.650510,7.9,14.9,2100.0
2026-02-08T10:48:44.151083,7.2,14.9,2100.0
2026-02-08T10:48:44.651746,8.6,14.9,2100.0
2026-02-08T10:48:45.152145,10.8,14.9,2100.0
2026-02-08T10:48:45.652678,13.2,14.9,2100.0
2026-02-08T10:48:46.153605,6.3,14.9,2100.0
2026-02-08T10:48:46.654475,6.4,14.9,2100.0
2026-02-08T10:48:47.154917,10.1,14.9,2100.0
2026-02-08T10:48:47.655393,9.2,14.9,2100.0
2026-02-08T10:48:48.156345,5.4,14.9,2100.0
2026-02-08T10:48:48.656909,9.6,14.9,2100.0
2026-02-08T10:48:49.157984,5.3,14.9,2100.0
2026-02-08T10:48:49.658651,6.2,14.9,2100.0
2026-02-08T10:48:50.159236,8.0,14.9,2100.0
2026-02-08T10:48:50.662351,8.6,14.9,2100.0
2026-02-08T10:48:51.163220,4.8,14.9,2100.0
2026-02-08T10:48:51.663748,9.4,14.9,2100.0
2026-02-08T10:48:52.164776,6.6,14.9,2100.0
2026-02-08T10:48:52.665566,6.1,14.9,2100.0
2026-02-08T10:48:53.166194,7.0,14.9,2100.0
2026-02-08T10:48:53.666905,7.8,14.9,2100.0
2026-02-08T10:48:54.167548,5.6,14.9,2100.0
2026-02-08T10:48:54.668303,9.5,14.9,2100.0
2026-02-08T10:48:55.173852,8.8,14.9,2100.0
2026-02-08T10:48:55.674587,8.9,14.9,2100.0
2026-02-08T10:48:56.176240,5.8,14.9,2100.0
2026-02-08T10:48:56.677038,7.2,14.9,2100.0
2026-02-08T10:48:57.177645,9.2,14.9,2100.0
2026-02-08T10:48:57.679932,11.2,14.9,2100.0
2026-02-08T10:48:58.180397,6.6,14.9,2100.0
2026-02-08T10:48:58.681214,9.7,14.9,2100.0
2026-02-08T10:48:59.181876,6.5,14.9,2100.0
2026-02-08T10:48:59.682669,8.9,14.9,2100.0
2026-02-08T10:49:00.183508,4.9,14.9,2100.0
2026-02-08T10:49:00.684183,10.6,14.9,2100.0
2026-02-08T10:49:01.184923,6.2,14.9,2100.0
2026-02-08T10:49:01.685890,12.8,14.9,2100.0
2026-02-08T10:49:02.186401,6.5,14.9,2100.0
2026-02-08T10:49:02.687250,6.0,14.9,2100.0
2026-02-08T10:49:03.187732,6.5,14.9,2100.0
2026-02-08T10:49:03.688986,9.6,14.9,2100.0
2026-02-08T10:49:04.190030,6.4,14.9,2100.0
2026-02-08T10:49:04.693082,10.7,14.9,2100.0
2026-02-08T10:49:05.193994,4.7,14.9,2100.0
2026-02-08T10:49:05.694497,10.5,14.9,2100.0
2026-02-08T10:49:06.194992,8.6,14.9,2100.0
2026-02-08T10:49:06.696144,8.0,14.9,2100.0
2026-02-08T10:49:07.196508,7.0,14.9,2100.0
2026-02-08T10:49:07.697358,7.8,15.0,2100.0
2026-02-08T10:49:08.198331,4.8,15.0,2100.0
2026-02-08T10:49:08.699116,7.6,15.0,2100.0
2026-02-08T10:49:09.199568,7.7,15.0,2100.0
2026-02-08T10:49:09.700336,7.1,15.0,2100.0
2026-02-08T10:49:10.200801,10.1,15.0,2100.0
2026-02-08T10:49:10.701461,9.9,15.0,2100.0
2026-02-08T10:49:11.202246,5.0,15.0,2100.0
2026-02-08T10:49:11.702841,6.0,15.0,2100.0
2026-02-08T10:49:12.203322,5.4,15.0,2100.0
2026-02-08T10:49:12.704185,6.5,14.9,2100.0
2026-02-08T10:49:13.205807,6.9,14.9,2100.0
2026-02-08T10:49:13.706574,9.0,14.9,2100.0
2026-02-08T10:49:14.207386,4.4,14.9,2100.0
2026-02-08T10:49:14.708276,7.4,14.9,2100.0
2026-02-08T10:49:15.208829,5.7,15.0,2100.0
2026-02-08T10:49:15.709526,10.2,14.9,2100.0
2026-02-08T10:49:16.210286,4.8,14.9,2100.0
2026-02-08T10:49:16.711085,6.8,14.9,2100.0
2026-02-08T10:49:17.213202,8.5,14.9,2100.0
2026-02-08T10:49:17.713945,7.5,15.0,2100.0
2026-02-08T10:49:18.214630,6.7,14.9,2100.0
2026-02-08T10:49:18.715303,8.2,14.9,2100.0
2026-02-08T10:49:19.216003,8.2,14.9,2100.0
2026-02-08T10:49:19.716533,7.4,14.9,2100.0
2026-02-08T10:49:20.217016,9.0,14.9,2100.0
2026-02-08T10:49:20.717492,8.3,14.9,2100.0
2026-02-08T10:49:21.217920,7.5,14.9,2100.0
2026-02-08T10:49:21.718557,11.5,14.9,2100.0
2026-02-08T10:49:22.219083,7.4,14.9,2100.0
2026-02-08T10:49:22.719992,7.7,14.9,2100.0
2026-02-08T10:49:23.220974,6.7,14.9,2100.0
2026-02-08T10:49:23.721779,6.7,14.9,2100.0
2026-02-08T10:49:24.222713,6.1,14.9,2100.0
2026-02-08T10:49:24.723350,7.5,14.9,2100.0
2026-02-08T10:49:25.224105,6.3,14.9,2100.0
2026-02-08T10:49:25.725215,7.2,14.9,2100.0
2026-02-08T10:49:26.225862,5.7,14.9,2100.0
2026-02-08T10:49:26.726467,9.5,14.9,2100.0
2026-02-08T10:49:27.227061,9.2,14.9,2100.0
2026-02-08T10:49:27.727701,7.3,14.9,2100.0
2026-02-08T10:49:28.228550,6.8,14.9,2100.0
2026-02-08T10:49:28.729264,9.3,14.9,2100.0
2026-02-08T10:49:29.229917,7.6,14.9,2100.0
2026-02-08T10:49:29.731081,16.9,14.9,2100.0
2026-02-08T10:49:30.231775,4.2,14.9,2100.0
2026-02-08T10:49:30.732205,9.6,14.9,2100.0
2026-02-08T10:49:31.232626,5.9,14.9,2100.0
2026-02-08T10:49:31.733388,12.0,14.9,2100.0
2026-02-08T10:49:32.234510,5.2,14.9,2100.0
2026-02-08T10:49:32.735138,6.2,14.9,2100.0
2026-02-08T10:49:33.236043,6.8,14.9,2100.0
2026-02-08T10:49:33.736920,6.4,14.9,2100.0
2026-02-08T10:49:34.237868,9.1,14.9,2100.0
2026-02-08T10:49:34.738791,7.1,14.9,2100.0
2026-02-08T10:49:35.240304,7.8,14.9,2100.0
2026-02-08T10:49:35.740768,8.2,14.9,2100.0
2026-02-08T10:49:36.241346,3.7,14.9,2100.0
2026-02-08T10:49:36.742129,7.0,14.9,2100.0
2026-02-08T10:49:37.242918,5.6,14.9,2100.0
2026-02-08T10:49:37.743732,9.5,14.9,2100.0
2026-02-08T10:49:38.244462,6.8,14.9,2100.0
2026-02-08T10:49:38.745355,9.1,14.9,2100.0
2026-02-08T10:49:39.245816,6.4,14.9,2100.0
2026-02-08T10:49:39.746624,8.4,14.9,2100.0
2026-02-08T10:49:40.247177,8.0,14.9,2100.0
2026-02-08T10:49:40.748154,7.5,14.9,2100.0
2026-02-08T10:49:41.248750,8.4,14.9,2100.0
2026-02-08T10:49:41.749287,8.2,14.9,2100.0
2026-02-08T10:49:42.249893,5.9,14.9,2100.0
2026-02-08T10:49:42.750778,8.9,14.9,2100.0
2026-02-08T10:49:43.251708,6.0,14.9,2100.0
2026-02-08T10:49:43.752759,11.3,14.9,2100.0
2026-02-08T10:49:44.254166,5.6,14.9,2100.0
2026-02-08T10:49:44.755036,10.3,14.9,2100.0
2026-02-08T10:49:45.255708,5.8,14.9,2100.0
2026-02-08T10:49:45.756188,8.5,14.9,2100.0
2026-02-08T10:49:46.257102,7.9,14.9,2100.0
2026-02-08T10:49:46.757828,7.3,14.9,2100.0
2026-02-08T10:49:47.258606,6.2,14.9,2100.0
2026-02-08T10:49:47.759355,13.8,14.9,2100.0
2026-02-08T10:49:48.259924,8.3,14.9,2100.0
2026-02-08T10:49:48.760994,7.8,14.9,2100.0
2026-02-08T10:49:49.262217,6.1,14.9,2100.0
2026-02-08T10:49:49.763103,6.2,14.9,2100.0
2026-02-08T10:49:50.263871,8.3,14.9,2100.0
2026-02-08T10:49:50.764603,11.3,14.9,2100.0
2026-02-08T10:49:51.265122,7.0,14.9,2100.0
2026-02-08T10:49:51.766653,7.6,14.9,2100.0
2026-02-08T10:49:52.267372,5.4,14.9,2100.0
2026-02-08T10:49:52.768195,8.5,14.9,2100.0
2026-02-08T10:49:53.269268,6.7,14.9,2100.0
2026-02-08T10:49:53.771331,6.3,14.9,2100.0
2026-02-08T10:49:54.272645,5.6,14.9,2100.0
2026-02-08T10:49:54.773299,6.7,14.9,2100.0
2026-02-08T10:49:55.273874,8.2,14.9,2100.0
2026-02-08T10:49:55.775471,8.1,14.9,2100.0
2026-02-08T10:49:56.277872,5.2,14.9,2100.0
2026-02-08T10:49:56.778686,5.0,14.9,2100.0
2026-02-08T10:49:57.279343,8.8,14.9,2100.0
2026-02-08T10:49:57.780066,6.9,14.9,2100.0
2026-02-08T10:49:58.281169,7.4,14.9,2100.0
2026-02-08T10:49:58.781592,5.7,14.9,2100.0
2026-02-08T10:49:59.282293,6.4,14.9,2100.0
2026-02-08T10:49:59.783035,7.8,14.9,2100.0
2026-02-08T10:50:00.287212,12.1,14.9,2100.0
2026-02-08T10:50:00.787988,7.9,14.9,2100.0
2026-02-08T10:50:01.288836,6.1,14.9,2100.0
2026-02-08T10:50:01.790709,7.0,14.9,2100.0
2026-02-08T10:50:02.291327,7.6,14.9,2100.0
2026-02-08T10:50:02.792075,7.7,14.9,2100.0
2026-02-08T10:50:03.292862,9.8,14.9,2100.0
2026-02-08T10:50:03.793272,8.5,14.9,2100.0
2026-02-08T10:50:04.294200,7.5,14.9,2100.0
2026-02-08T10:50:04.795071,7.2,14.9,2100.0
2026-02-08T10:50:05.296343,10.2,14.9,2100.0
2026-02-08T10:50:05.796800,8.7,14.9,2100.0
2026-02-08T10:50:06.297182,6.7,14.9,2100.0
2026-02-08T10:50:06.797659,7.0,14.9,2100.0
2026-02-08T10:50:07.298426,7.5,14.9,2100.0
2026-02-08T10:50:07.798966,7.5,14.9,2100.0
2026-02-08T10:50:08.299872,7.2,14.9,2100.0
2026-02-08T10:50:08.800702,7.7,14.9,2100.0
2026-02-08T10:50:09.301105,6.9,14.9,2100.0
2026-02-08T10:50:09.802286,6.2,14.9,2100.0
2026-02-08T10:50:10.302816,7.4,14.9,2100.0
2026-02-08T10:50:10.803251,7.3,14.9,2100.0
2026-02-08T10:50:11.303784,5.7,14.9,2100.0
2026-02-08T10:50:11.804530,6.6,14.9,2100.0
2026-02-08T10:50:12.305568,7.0,14.9,2100.0
2026-02-08T10:50:12.806156,5.2,14.9,2100.0
2026-02-08T10:50:13.308174,6.8,14.9,2100.0
2026-02-08T10:50:13.810407,5.5,14.9,2100.0
2026-02-08T10:50:14.311173,7.7,14.9,2100.0
2026-02-08T10:50:14.811688,6.6,14.9,2100.0
2026-02-08T10:50:15.312457,7.3,14.9,2100.0
2026-02-08T10:50:15.815381,8.2,14.9,2100.0
2026-02-08T10:50:16.316139,6.3,14.9,2100.0
2026-02-08T10:50:16.816839,7.9,14.9,2100.0
2026-02-08T10:50:17.317652,9.1,14.9,2100.0
2026-02-08T10:50:17.818702,9.9,14.9,2100.0
2026-02-08T10:50:18.320851,8.5,14.9,2100.0
2026-02-08T10:50:18.821448,7.2,14.9,2100.0
2026-02-08T10:50:19.322709,4.3,14.9,2100.0
2026-02-08T10:50:19.823090,8.1,14.9,2100.0
2026-02-08T10:50:20.323705,5.7,14.9,2100.0
2026-02-08T10:50:20.824120,5.5,14.9,2100.0
2026-02-08T10:50:21.341066,7.3,14.9,2100.0
2026-02-08T10:50:21.841652,10.0,14.9,2100.0
2026-02-08T10:50:22.342458,5.4,14.9,2100.0
2026-02-08T10:50:22.842942,10.0,14.9,2100.0
2026-02-08T10:50:23.343395,6.2,14.9,2100.0
2026-02-08T10:50:23.844176,6.9,14.9,2100.0
2026-02-08T10:50:24.345103,6.3,14.9,2100.0
2026-02-08T10:50:24.845594,9.7,14.9,2100.0
2026-02-08T10:50:25.346241,5.9,14.9,2100.0
2026-02-08T10:50:25.846963,12.4,14.9,2100.0
2026-02-08T10:50:26.347625,6.9,14.9,2100.0
2026-02-08T10:50:26.848809,9.9,14.9,2100.0
2026-02-08T10:50:27.349466,5.0,14.9,2100.0
2026-02-08T10:50:27.850363,10.5,14.9,2100.0
2026-02-08T10:50:28.351306,7.0,14.9,2100.0
2026-02-08T10:50:28.852547,8.9,14.9,2100.0
2026-02-08T10:50:29.352931,5.2,14.9,2100.0
2026-02-08T10:50:29.853525,6.8,14.9,2100.0
2026-02-08T10:50:30.354097,5.0,14.9,2100.0
2026-02-08T10:50:30.855430,9.8,14.9,2100.0
2026-02-08T10:50:31.356167,7.9,14.9,2100.0
2026-02-08T10:50:31.856725,5.6,14.9,2100.0
2026-02-08T10:50:32.357726,7.4,14.9,2100.0
2026-02-08T10:50:32.858777,7.8,14.9,2100.0
2026-02-08T10:50:33.359311,6.4,14.9,2100.0
2026-02-08T10:50:33.859828,6.8,14.9,2100.0
2026-02-08T10:50:34.360314,8.9,14.9,2100.0
2026-02-08T10:50:34.861113,10.2,14.9,2100.0
2026-02-08T10:50:35.361795,6.6,14.9,2100.0
2026-02-08T10:50:35.864131,9.0,14.9,2100.0
2026-02-08T10:50:36.364717,5.8,14.9,2100.0
2026-02-08T10:50:36.865248,7.7,14.9,2100.0
2026-02-08T10:50:37.365748,4.7,14.9,2100.0
2026-02-08T10:50:37.866525,8.8,14.9,2100.0
2026-02-08T10:50:38.368419,5.0,14.9,2100.0
2026-02-08T10:50:38.869099,7.7,14.9,2100.0
2026-02-08T10:50:39.370397,6.0,14.9,2100.0
2026-02-08T10:50:39.870818,7.6,14.9,2100.0
2026-02-08T10:50:40.372480,5.1,14.9,2100.0
2026-02-08T10:50:40.873319,8.0,14.9,2100.0
2026-02-08T10:50:41.373903,6.2,14.9,2100.0
2026-02-08T10:50:41.874386,7.0,14.9,2100.0
2026-02-08T10:50:42.375450,5.2,14.9,2100.0
2026-02-08T10:50:42.876058,10.2,14.9,2100.0
2026-02-08T10:50:43.376968,7.0,14.9,2100.0
2026-02-08T10:50:43.877641,7.5,14.9,2100.0
2026-02-08T10:50:44.378383,7.1,14.9,2100.0
2026-02-08T10:50:44.879118,6.5,14.9,2100.0
2026-02-08T10:50:45.379830,5.6,14.9,2100.0
2026-02-08T10:50:45.880705,10.3,14.9,2100.0
2026-02-08T10:50:46.381538,7.6,14.9,2100.0
2026-02-08T10:50:46.882144,10.4,14.9,2100.0
2026-02-08T10:50:47.382803,8.2,14.9,2100.0
2026-02-08T10:50:47.883635,10.5,14.9,2100.0
2026-02-08T10:50:48.384601,8.6,14.9,2100.0
2026-02-08T10:50:48.885393,7.0,14.9,2100.0
2026-02-08T10:50:49.386192,6.8,14.9,2100.0
2026-02-08T10:50:49.892451,6.7,14.9,2100.0
2026-02-08T10:50:50.393000,7.7,14.9,2100.0
2026-02-08T10:50:50.893679,11.6,15.0,2100.0
2026-02-08T10:50:51.394321,9.5,14.9,2100.0
2026-02-08T10:50:51.895076,7.9,14.9,2100.0
2026-02-08T10:50:52.395844,6.5,14.9,2100.0
2026-02-08T10:50:52.896451,6.6,14.9,2100.0
2026-02-08T10:50:53.397267,7.3,14.9,2100.0
2026-02-08T10:50:53.897885,6.3,14.9,2100.0
2026-02-08T10:50:54.398585,10.1,14.9,2100.0
2026-02-08T10:50:54.898980,7.1,14.9,2100.0
2026-02-08T10:50:55.399781,6.4,14.9,2100.0
2026-02-08T10:50:55.900322,7.7,14.9,2100.0
2026-02-08T10:50:56.400947,9.2,14.9,2100.0
2026-02-08T10:50:56.903005,5.6,14.9,2100.0
2026-02-08T10:50:57.403811,6.7,14.9,2100.0
2026-02-08T10:50:57.904504,7.8,14.9,2100.0
2026-02-08T10:50:58.405183,13.0,14.9,2100.0
2026-02-08T10:50:58.906131,5.4,14.9,2100.0
2026-02-08T10:50:59.406976,11.1,14.9,2100.0
2026-02-08T10:50:59.907644,9.2,14.9,2100.0
2026-02-08T10:51:00.408282,6.9,14.9,2100.0
2026-02-08T10:51:00.909196,7.6,14.9,2100.0
2026-02-08T10:51:01.409944,14.7,14.9,2100.0
2026-02-08T10:51:01.910793,9.7,14.9,2100.0
2026-02-08T10:51:02.411420,8.2,14.9,2100.0
2026-02-08T10:51:02.912227,4.6,14.9,2100.0
2026-02-08T10:51:03.412962,4.0,14.9,2100.0
2026-02-08T10:51:03.913550,4.8,14.9,2100.0
2026-02-08T10:51:04.414146,9.1,14.9,2100.0
2026-02-08T10:51:04.914782,6.1,14.9,2100.0
2026-02-08T10:51:05.416240,10.2,14.9,2100.0
2026-02-08T10:51:05.917149,6.7,14.9,2100.0
2026-02-08T10:51:06.418665,6.8,14.9,2100.0
2026-02-08T10:51:06.919711,16.2,14.9,2100.0
2026-02-08T10:51:07.420346,5.7,14.9,2100.0
2026-02-08T10:51:07.920870,11.3,14.9,2100.0
2026-02-08T10:51:08.421355,8.8,14.9,2100.0
2026-02-08T10:51:08.922595,9.1,14.9,2100.0
2026-02-08T10:51:09.423602,5.8,14.9,2100.0
2026-02-08T10:51:09.924062,13.6,14.9,2100.0
2026-02-08T10:51:10.424745,5.7,14.9,2100.0
2026-02-08T10:51:10.925629,10.9,14.9,2100.0
2026-02-08T10:51:11.426424,7.4,14.9,2100.0
2026-02-08T10:51:11.927076,11.4,14.9,2100.0
2026-02-08T10:51:12.427659,5.6,14.9,2100.0
2026-02-08T10:51:12.928636,11.4,14.9,2100.0
2026-02-08T10:51:13.429332,5.4,14.9,2100.0
2026-02-08T10:51:13.930227,12.1,14.9,2100.0
2026-02-08T10:51:14.430749,5.3,14.9,2100.0
2026-02-08T10:51:14.931145,8.5,14.9,2100.0
2026-02-08T10:51:15.432140,4.9,14.9,2100.0
2026-02-08T10:51:15.933392,6.6,14.9,2100.0
2026-02-08T10:51:16.434058,6.4,14.9,2100.0
2026-02-08T10:51:16.934866,9.8,14.9,2100.0
2026-02-08T10:51:17.435259,6.8,14.9,2100.0
2026-02-08T10:51:17.935716,15.0,14.9,2100.0
2026-02-08T10:51:18.436524,7.1,14.9,2100.0
2026-02-08T10:51:18.938498,12.5,14.9,2100.0
2026-02-08T10:51:19.438970,4.7,14.9,2100.0
2026-02-08T10:51:19.939971,11.2,14.9,2100.0
2026-02-08T10:51:20.440529,5.5,14.9,2100.0
2026-02-08T10:51:20.941246,12.6,14.9,2100.0
2026-02-08T10:51:21.441883,5.7,14.9,2100.0
2026-02-08T10:51:21.942563,8.2,14.9,2100.0
2026-02-08T10:51:22.443158,4.4,14.9,2100.0
2026-02-08T10:51:22.943583,7.7,14.9,2100.0
2026-02-08T10:51:23.444470,6.3,14.9,2100.0
2026-02-08T10:51:23.945026,8.8,14.9,2100.0
2026-02-08T10:51:24.445719,6.7,14.9,2100.0
2026-02-08T10:51:24.946495,9.0,14.9,2100.0
2026-02-08T10:51:25.447148,4.6,14.9,2100.0
2026-02-08T10:51:25.947876,9.7,14.9,2100.0
2026-02-08T10:51:26.450435,9.1,14.9,2100.0
2026-02-08T10:51:26.952782,8.1,14.9,2100.0
2026-02-08T10:51:27.453688,6.0,14.9,2100.0
2026-02-08T10:51:27.957254,5.2,14.9,2100.0
2026-02-08T10:51:28.458141,7.8,14.9,2100.0
2026-02-08T10:51:28.958610,6.9,14.9,2100.0
2026-02-08T10:51:29.459181,7.9,14.9,2100.0
2026-02-08T10:51:29.959638,5.7,14.9,2100.0
2026-02-08T10:51:30.460265,8.9,14.9,2100.0
2026-02-08T10:51:30.961089,7.6,14.9,2100.0
2026-02-08T10:51:31.461616,7.5,14.9,2100.0
2026-02-08T10:51:31.983356,8.7,14.9,2100.0
2026-02-08T10:51:32.484212,10.8,14.9,2100.0
2026-02-08T10:51:32.985685,7.1,14.9,2100.0
2026-02-08T10:51:33.486336,9.4,14.9,2100.0
2026-02-08T10:51:33.987510,6.1,14.9,2100.0
2026-02-08T10:51:34.488140,8.4,14.9,2100.0
2026-02-08T10:51:34.988574,11.0,14.9,2100.0
2026-02-08T10:51:35.489008,7.7,14.9,2100.0
2026-02-08T10:51:35.989847,6.7,14.9,2100.0
2026-02-08T10:51:36.490698,10.1,14.9,2100.0
2026-02-08T10:51:36.991551,6.6,14.9,2100.0
2026-02-08T10:51:37.492320,7.4,14.9,2100.0
2026-02-08T10:51:37.992813,6.7,14.9,2100.0
2026-02-08T10:51:38.493251,8.3,14.9,2100.0
2026-02-08T10:51:38.993795,5.9,14.9,2100.0
2026-02-08T10:51:39.494774,7.5,14.9,2100.0
2026-02-08T10:51:39.995657,4.2,14.9,2100.0
2026-02-08T10:51:40.496271,11.4,14.9,2100.0
2026-02-08T10:51:40.996743,7.5,14.9,2100.0
2026-02-08T10:51:41.497270,7.6,14.9,2100.0
2026-02-08T10:51:41.999126,7.5,14.9,2100.0
2026-02-08T10:51:42.500161,9.3,14.9,2100.0
2026-02-08T10:51:43.000969,6.3,14.9,2100.0
2026-02-08T10:51:43.501553,8.6,14.9,2100.0
2026-02-08T10:51:44.002677,4.9,14.9,2100.0
2026-02-08T10:51:44.503470,8.9,14.9,2100.0
2026-02-08T10:51:45.004089,4.3,14.9,2100.0
2026-02-08T10:51:45.505604,8.6,14.9,2100.0
2026-02-08T10:51:46.006151,6.5,14.9,2100.0
2026-02-08T10:51:46.506575,8.2,14.9,2100.0
2026-02-08T10:51:47.007083,6.1,14.9,2100.0
2026-02-08T10:51:47.507874,9.2,14.9,2100.0
2026-02-08T10:51:48.008609,5.0,14.9,2100.0
2026-02-08T10:51:48.509032,6.9,14.9,2100.0
2026-02-08T10:51:49.009978,7.1,14.9,2100.0
2026-02-08T10:51:49.511089,8.6,14.9,2100.0
2026-02-08T10:51:50.011786,5.0,14.9,2100.0
2026-02-08T10:51:50.512520,11.3,14.9,2100.0
2026-02-08T10:51:51.013582,4.7,14.9,2100.0
2026-02-08T10:51:51.514290,7.8,14.9,2100.0
2026-02-08T10:51:52.015194,8.6,14.9,2100.0
2026-02-08T10:51:52.515782,12.2,14.9,2100.0
2026-02-08T10:51:53.016838,7.4,14.9,2100.0
2026-02-08T10:51:53.517825,14.4,14.9,2100.0
2026-02-08T10:51:54.018396,6.7,14.9,2100.0
2026-02-08T10:51:54.519306,9.8,14.9,2100.0
2026-02-08T10:51:55.020488,7.6,14.9,2100.0
2026-02-08T10:51:55.521065,9.0,14.9,2100.0
2026-02-08T10:51:56.021860,5.8,14.9,2100.0
2026-02-08T10:51:56.522988,7.4,14.9,2100.0
2026-02-08T10:51:57.023804,8.9,14.9,2100.0
2026-02-08T10:51:57.524357,10.3,14.9,2100.0
2026-02-08T10:51:58.024872,8.5,14.9,2100.0
2026-02-08T10:51:58.525726,7.0,14.9,2100.0
2026-02-08T10:51:59.026697,6.6,14.9,2100.0
2026-02-08T10:51:59.527283,7.9,14.9,2100.0
2026-02-08T10:52:00.027790,6.8,14.9,2100.0
2026-02-08T10:52:00.528383,10.2,14.9,2100.0
2026-02-08T10:52:01.029039,5.2,14.9,2100.0
2026-02-08T10:52:01.529714,7.7,14.9,2100.0
2026-02-08T10:52:02.030483,8.2,14.9,2100.0
2026-02-08T10:52:02.531867,10.4,14.9,2100.0
2026-02-08T10:52:03.032453,6.4,14.9,2100.0
2026-02-08T10:52:03.533283,7.3,14.9,2100.0
2026-02-08T10:52:04.034305,7.2,14.9,2100.0
2026-02-08T10:52:04.535534,9.1,14.9,2100.0
2026-02-08T10:52:05.036281,5.4,14.9,2100.0
2026-02-08T10:52:05.536946,10.2,14.9,2100.0
2026-02-08T10:52:06.041479,3.5,14.9,2100.0
2026-02-08T10:52:06.542250,7.2,14.9,2100.0
2026-02-08T10:52:07.042915,4.7,14.9,2100.0
2026-02-08T10:52:07.543862,6.0,14.9,2100.0
2026-02-08T10:52:08.044662,4.2,14.9,2100.0
2026-02-08T10:52:08.545361,8.5,14.9,2100.0
2026-02-08T10:52:09.046110,5.2,14.9,2100.0
2026-02-08T10:52:09.554713,7.2,14.9,2100.0
2026-02-08T10:52:10.055867,5.3,14.9,2100.0
2026-02-08T10:52:10.556333,7.5,14.9,2100.0
2026-02-08T10:52:11.057219,6.4,14.9,2100.0
2026-02-08T10:52:11.558130,7.0,14.9,2100.0
2026-02-08T10:52:12.058619,8.5,14.9,2100.0
2026-02-08T10:52:12.559271,14.2,14.9,2100.0
2026-02-08T10:52:13.060062,8.6,14.9,2100.0
2026-02-08T10:52:13.560663,6.8,14.9,2100.0
2026-02-08T10:52:14.061279,7.7,14.9,2100.0
2026-02-08T10:52:14.561764,8.3,14.9,2100.0
2026-02-08T10:52:15.062651,8.0,14.9,2100.0
2026-02-08T10:52:15.563879,6.9,14.9,2100.0
2026-02-08T10:52:16.064976,8.3,14.9,2100.0
2026-02-08T10:52:16.565430,8.8,14.9,2100.0
2026-02-08T10:52:17.066799,9.0,14.9,2100.0
2026-02-08T10:52:17.567693,8.2,14.9,2100.0
2026-02-08T10:52:18.068143,6.1,14.9,2100.0
2026-02-08T10:52:18.568577,9.3,14.9,2100.0
2026-02-08T10:52:19.069082,5.9,14.9,2100.0
2026-02-08T10:52:19.570466,9.4,14.9,2100.0
2026-02-08T10:52:20.070845,6.3,14.9,2100.0
2026-02-08T10:52:20.571637,11.1,14.9,2100.0
2026-02-08T10:52:21.072291,5.4,14.9,2100.0
2026-02-08T10:52:21.572832,5.7,14.9,2100.0
2026-02-08T10:52:22.073773,6.8,14.9,2100.0
2026-02-08T10:52:22.574277,8.8,14.9,2100.0
2026-02-08T10:52:23.075104,4.4,14.9,2100.0
2026-02-08T10:52:23.575739,8.0,14.9,2100.0
2026-02-08T10:52:24.076169,6.7,14.9,2100.0
2026-02-08T10:52:24.576567,9.8,14.9,2100.0
2026-02-08T10:52:25.077153,5.6,14.9,2100.0
2026-02-08T10:52:25.577616,13.3,14.9,2100.0
2026-02-08T10:52:26.078287,4.9,14.9,2100.0
2026-02-08T10:52:26.579517,7.8,14.9,2100.0
2026-02-08T10:52:27.080748,5.9,14.9,2100.0
2026-02-08T10:52:27.582508,6.6,14.9,2100.0
2026-02-08T10:52:28.083044,5.4,14.9,2100.0
2026-02-08T10:52:28.583966,15.5,14.9,2100.0
2026-02-08T10:52:29.085083,5.5,14.9,2100.0
2026-02-08T10:52:29.585603,12.2,14.9,2100.0
2026-02-08T10:52:30.086083,4.4,14.9,2100.0
2026-02-08T10:52:30.586972,9.9,14.9,2100.0
2026-02-08T10:52:31.087715,5.4,14.9,2100.0
2026-02-08T10:52:31.588496,8.2,14.9,2100.0
2026-02-08T10:52:32.089310,10.6,14.9,2100.0
2026-02-08T10:52:32.589861,8.9,14.9,2100.0
2026-02-08T10:52:33.090631,6.1,14.9,2100.0
2026-02-08T10:52:33.591454,10.3,14.9,2100.0
2026-02-08T10:52:34.092175,5.1,14.9,2100.0
2026-02-08T10:52:34.592724,12.2,14.9,2100.0
2026-02-08T10:52:35.093524,5.0,14.9,2100.0
2026-02-08T10:52:35.594240,11.0,14.9,2100.0
2026-02-08T10:52:36.104038,6.5,14.9,2100.0
2026-02-08T10:52:36.604860,6.7,14.9,2100.0
2026-02-08T10:52:37.106059,6.6,14.9,2100.0
2026-02-08T10:52:37.606982,10.4,14.9,2100.0
2026-02-08T10:52:38.107964,7.9,14.9,2100.0
2026-02-08T10:52:38.608472,10.5,14.9,2100.0
2026-02-08T10:52:39.109200,6.1,14.9,2100.0
2026-02-08T10:52:39.609585,10.0,14.9,2100.0
2026-02-08T10:52:40.110254,6.0,14.9,2100.0
2026-02-08T10:52:40.610744,6.4,14.9,2100.0
2026-02-08T10:52:41.111468,7.9,14.9,2100.0
2026-02-08T10:52:41.612449,6.8,14.9,2100.0
2026-02-08T10:52:42.112949,7.4,14.9,2100.0
2026-02-08T10:52:42.614704,8.2,14.9,2100.0
2026-02-08T10:52:43.115280,6.4,14.9,2100.0
2026-02-08T10:52:43.616067,9.3,14.9,2100.0
2026-02-08T10:52:44.116881,5.4,14.9,2100.0
2026-02-08T10:52:44.617692,6.6,14.9,2100.0
2026-02-08T10:52:45.118147,6.2,14.9,2100.0
2026-02-08T10:52:45.618710,9.3,14.9,2100.0
2026-02-08T10:52:46.119391,8.3,14.9,2100.0
2026-02-08T10:52:46.619897,6.9,14.9,2100.0
2026-02-08T10:52:47.121288,8.5,14.9,2100.0
2026-02-08T10:52:47.622135,7.1,14.9,2100.0
2026-02-08T10:52:48.123953,5.1,14.9,2100.0
2026-02-08T10:52:48.624721,6.7,14.9,2100.0
2026-02-08T10:52:49.125700,4.7,14.9,2100.0
2026-02-08T10:52:49.626081,9.1,14.9,2100.0
2026-02-08T10:52:50.126915,6.7,14.9,2100.0
2026-02-08T10:52:50.628194,12.9,14.9,2100.0
2026-02-08T10:52:51.130465,6.4,14.9,2100.0
2026-02-08T10:52:51.631751,9.3,14.9,2100.0
2026-02-08T10:52:52.132354,4.8,14.9,2100.0
2026-02-08T10:52:52.632910,8.7,14.9,2100.0
2026-02-08T10:52:53.134614,5.4,14.9,2100.0
2026-02-08T10:52:53.635741,6.0,14.9,2100.0
2026-02-08T10:52:54.136208,5.3,14.9,2100.0
2026-02-08T10:52:54.636947,7.5,14.9,2100.0
2026-02-08T10:52:55.137566,8.3,14.9,2100.0
2026-02-08T10:52:55.638004,8.5,14.9,2100.0
2026-02-08T10:52:56.158595,11.8,15.0,2100.0
2026-02-08T10:52:56.659106,8.4,14.9,2100.0
2026-02-08T10:52:57.159630,11.0,14.9,2100.0
2026-02-08T10:52:57.660254,6.9,14.9,2100.0
2026-02-08T10:52:58.161521,10.5,14.9,2100.0
2026-02-08T10:52:58.662065,5.9,14.9,2100.0
2026-02-08T10:52:59.162509,8.9,14.9,2100.0
2026-02-08T10:52:59.663050,8.8,14.9,2100.0
2026-02-08T10:53:00.164337,9.6,14.9,2100.0
2026-02-08T10:53:00.665213,6.8,14.9,2100.0
2026-02-08T10:53:01.166074,8.7,14.9,2100.0
2026-02-08T10:53:01.666592,8.0,14.9,2100.0
2026-02-08T10:53:02.167359,8.9,14.9,2100.0
2026-02-08T10:53:02.667996,7.3,14.9,2100.0
2026-02-08T10:53:03.169006,8.1,14.9,2100.0
2026-02-08T10:53:03.669372,5.9,14.9,2100.0
2026-02-08T10:53:04.171296,14.5,14.9,2100.0
2026-02-08T10:53:04.672162,10.3,14.9,2100.0
2026-02-08T10:53:05.172884,6.6,14.9,2100.0
2026-02-08T10:53:05.673792,8.9,14.9,2100.0
2026-02-08T10:53:06.174176,6.1,14.9,2100.0
2026-02-08T10:53:06.674810,7.4,14.9,2100.0
2026-02-08T10:53:07.175655,6.6,14.9,2100.0
2026-02-08T10:53:07.676331,11.4,14.9,2100.0
2026-02-08T10:53:08.177739,5.4,14.9,2100.0
2026-02-08T10:53:08.678293,6.7,14.9,2100.0
2026-02-08T10:53:09.179663,6.0,14.9,2100.0
2026-02-08T10:53:09.680488,9.8,14.9,2100.0
2026-02-08T10:53:10.181303,5.5,14.9,2100.0
2026-02-08T10:53:10.682028,7.6,14.9,2100.0
2026-02-08T10:53:11.182829,3.8,14.9,2100.0
2026-02-08T10:53:11.683645,6.6,14.9,2100.0
2026-02-08T10:53:12.184046,7.4,14.9,2100.0
2026-02-08T10:53:12.684569,8.0,14.9,2100.0
2026-02-08T10:53:13.185090,8.3,14.9,2100.0
2026-02-08T10:53:13.686020,8.9,14.9,2100.0
2026-02-08T10:53:14.186726,5.6,14.9,2100.0
2026-02-08T10:53:14.687603,8.3,14.9,2100.0
2026-02-08T10:53:15.188310,4.9,14.9,2100.0
2026-02-08T10:53:15.689197,15.0,14.9,2100.0
2026-02-08T10:53:16.189814,6.6,14.9,2100.0
2026-02-08T10:53:16.690383,7.9,14.9,2100.0
2026-02-08T10:53:17.190865,5.9,14.9,2100.0
2026-02-08T10:53:17.691647,14.3,14.9,2100.0
2026-02-08T10:53:18.192078,4.6,14.9,2100.0
2026-02-08T10:53:18.692900,14.2,14.9,2100.0
2026-02-08T10:53:19.193618,7.7,14.9,2100.0
2026-02-08T10:53:19.694272,9.0,14.9,2100.0
2026-02-08T10:53:20.195031,8.7,14.9,2100.0
2026-02-08T10:53:20.695491,12.2,14.9,2100.0
2026-02-08T10:53:21.196320,5.4,14.9,2100.0
2026-02-08T10:53:21.697147,11.8,14.9,2100.0
2026-02-08T10:53:22.197935,5.4,14.9,2100.0
2026-02-08T10:53:22.698870,8.8,14.9,2100.0
2026-02-08T10:53:23.199921,5.3,14.9,2100.0
2026-02-08T10:53:23.700894,11.6,14.9,2100.0
2026-02-08T10:53:24.201490,3.9,14.9,2100.0
2026-02-08T10:53:24.701945,6.1,14.9,2100.0
2026-02-08T10:53:25.202743,4.2,14.9,2100.0
2026-02-08T10:53:25.705361,11.0,14.9,2100.0
2026-02-08T10:53:26.206187,5.2,14.9,2100.0
2026-02-08T10:53:26.706721,8.7,14.9,2100.0
2026-02-08T10:53:27.207502,7.0,14.9,2100.0
2026-02-08T10:53:27.707867,6.9,14.9,2100.0
2026-02-08T10:53:28.208592,4.9,14.9,2100.0
2026-02-08T10:53:28.709903,7.4,14.9,2100.0
2026-02-08T10:53:29.211477,7.6,14.9,2100.0
2026-02-08T10:53:29.713350,11.2,14.9,2100.0
2026-02-08T10:53:30.215203,5.7,14.9,2100.0
2026-02-08T10:53:30.715696,6.8,14.9,2100.0
2026-02-08T10:53:31.216209,4.4,14.9,2100.0
2026-02-08T10:53:31.717865,6.3,14.9,2100.0
2026-02-08T10:53:32.218635,5.8,14.9,2100.0
2026-02-08T10:53:32.719462,9.1,14.9,2100.0
2026-02-08T10:53:33.220249,7.5,14.9,2100.0
2026-02-08T10:53:33.721431,5.9,14.9,2100.0
2026-02-08T10:53:34.222065,7.0,14.9,2100.0
2026-02-08T10:53:34.722853,8.8,14.9,2100.0
2026-02-08T10:53:35.223810,7.3,14.9,2100.0
2026-02-08T10:53:35.724384,6.6,14.9,2100.0
2026-02-08T10:53:36.224934,4.7,14.9,2100.0
2026-02-08T10:53:36.726054,6.2,14.9,2100.0
2026-02-08T10:53:37.227136,8.4,14.9,2100.0
2026-02-08T10:53:37.732190,7.5,14.9,2100.0
2026-02-08T10:53:38.232951,6.0,14.9,2100.0
2026-02-08T10:53:38.733413,7.2,14.9,2100.0
2026-02-08T10:53:39.234486,8.2,14.9,2100.0
2026-02-08T10:53:39.735297,7.5,14.9,2100.0
2026-02-08T10:53:40.235700,7.5,14.9,2100.0
2026-02-08T10:53:40.736645,7.9,14.9,2100.0
2026-02-08T10:53:41.237306,13.4,14.9,2100.0
2026-02-08T10:53:41.738082,5.7,14.9,2100.0
2026-02-08T10:53:42.238520,8.2,14.9,2100.0
2026-02-08T10:53:42.739033,6.7,14.9,2100.0
2026-02-08T10:53:43.239561,8.8,14.9,2100.0
2026-02-08T10:53:43.739966,5.9,14.9,2100.0
2026-02-08T10:53:44.240660,7.2,14.9,2100.0
2026-02-08T10:53:44.741358,5.5,14.9,2100.0
2026-02-08T10:53:45.242076,9.0,14.9,2100.0
2026-02-08T10:53:45.742737,7.2,14.9,2100.0
2026-02-08T10:53:46.243836,7.2,14.9,2100.0
2026-02-08T10:53:46.744474,5.3,14.9,2100.0
2026-02-08T10:53:47.245124,8.3,14.9,2100.0
2026-02-08T10:53:47.746079,6.2,14.9,2100.0
2026-02-08T10:53:48.247105,8.2,14.9,2100.0
2026-02-08T10:53:48.748165,7.7,14.9,2100.0
2026-02-08T10:53:49.249182,6.8,14.9,2100.0
2026-02-08T10:53:49.749965,7.8,14.9,2100.0
2026-02-08T10:53:50.251225,6.7,14.9,2100.0
2026-02-08T10:53:50.751898,7.9,14.9,2100.0
2026-02-08T10:53:51.252490,6.5,14.9,2100.0
2026-02-08T10:53:51.753097,6.0,14.9,2100.0
2026-02-08T10:53:52.253866,7.5,14.9,2100.0
2026-02-08T10:53:52.754616,7.4,14.9,2100.0
2026-02-08T10:53:53.255380,9.5,14.9,2100.0
2026-02-08T10:53:53.755843,7.5,14.9,2100.0
2026-02-08T10:53:54.256523,4.8,14.9,2100.0
2026-02-08T10:53:54.757444,6.5,15.0,2100.0
2026-02-08T10:53:55.258934,6.3,15.0,2100.0
2026-02-08T10:53:55.760088,11.1,15.0,2100.0
2026-02-08T10:53:56.261368,6.7,14.9,2100.0
2026-02-08T10:53:56.762023,7.0,15.0,2100.0
2026-02-08T10:53:57.262609,7.2,14.9,2100.0
2026-02-08T10:53:57.763130,8.6,14.9,2100.0
2026-02-08T10:53:58.264279,7.5,14.9,2100.0
2026-02-08T10:53:58.765291,9.3,14.9,2100.0
2026-02-08T10:53:59.265790,6.5,14.9,2100.0
2026-02-08T10:53:59.766434,12.9,14.9,2100.0
2026-02-08T10:54:00.267182,6.7,14.9,2100.0
2026-02-08T10:54:00.768057,8.3,15.0,2100.0
2026-02-08T10:54:01.270005,5.5,14.9,2100.0
2026-02-08T10:54:01.775311,8.8,15.0,2100.0
2026-02-08T10:54:02.275817,5.2,15.0,2100.0
2026-02-08T10:54:02.776508,7.4,15.0,2100.0
2026-02-08T10:54:03.279076,8.9,15.0,2100.0
2026-02-08T10:54:03.779528,7.6,15.0,2100.0
2026-02-08T10:54:04.281048,6.5,15.0,2100.0
2026-02-08T10:54:04.782720,7.9,15.0,2100.0
2026-02-08T10:54:05.283499,6.3,15.0,2100.0
2026-02-08T10:54:05.783925,13.9,15.0,2100.0
2026-02-08T10:54:06.284911,5.9,15.0,2100.0
2026-02-08T10:54:06.785592,8.7,15.0,2100.0
2026-02-08T10:54:07.286086,10.4,14.9,2100.0
2026-02-08T10:54:07.786618,9.1,14.9,2100.0
2026-02-08T10:54:08.287201,6.3,14.9,2100.0
2026-02-08T10:54:08.787813,10.5,14.9,2100.0
2026-02-08T10:54:09.288594,5.5,14.9,2100.0
2026-02-08T10:54:09.789376,11.0,14.9,2100.0
2026-02-08T10:54:10.290067,5.4,14.9,2100.0
2026-02-08T10:54:10.791719,10.7,14.9,2100.0
2026-02-08T10:54:11.292820,7.7,14.9,2100.0
2026-02-08T10:54:11.794572,6.6,14.9,2100.0
2026-02-08T10:54:12.295091,5.0,14.9,2100.0
2026-02-08T10:54:12.795565,7.3,14.9,2100.0
2026-02-08T10:54:13.298598,9.9,14.9,2100.0
2026-02-08T10:54:13.799543,7.3,14.9,2100.0
2026-02-08T10:54:14.301091,6.8,14.9,2100.0
2026-02-08T10:54:14.801699,11.6,14.9,2100.0
2026-02-08T10:54:15.302616,8.1,14.9,2100.0
2026-02-08T10:54:15.803220,7.8,14.9,2100.0
2026-02-08T10:54:16.304029,5.8,14.9,2100.0
2026-02-08T10:54:16.804605,6.4,14.9,2100.0
2026-02-08T10:54:17.305332,6.5,14.9,2100.0
2026-02-08T10:54:17.806156,8.7,14.9,2100.0
2026-02-08T10:54:18.307036,6.6,14.9,2100.0
2026-02-08T10:54:18.808132,8.7,14.9,2100.0
2026-02-08T10:54:19.309513,6.5,14.9,2100.0
2026-02-08T10:54:19.810604,6.1,14.9,2100.0
2026-02-08T10:54:20.311619,6.7,15.0,2100.0
2026-02-08T10:54:20.812480,8.1,15.0,2100.0
2026-02-08T10:54:21.313243,10.2,15.0,2100.0
2026-02-08T10:54:21.813777,8.5,15.0,2100.0
2026-02-08T10:54:22.314801,6.3,15.0,2100.0
2026-02-08T10:54:22.815316,6.2,15.0,2100.0
2026-02-08T10:54:23.316138,9.8,15.0,2100.0
2026-02-08T10:54:23.817146,7.1,15.0,2100.0
2026-02-08T10:54:24.317874,8.4,15.0,2100.0
2026-02-08T10:54:24.818377,5.4,15.0,2100.0
2026-02-08T10:54:25.319077,7.6,15.0,2100.0
2026-02-08T10:54:25.819523,8.5,15.0,2100.0
2026-02-08T10:54:26.320199,9.9,15.0,2100.0
2026-02-08T10:54:26.820653,5.2,14.9,2100.0
2026-02-08T10:54:27.321273,5.9,14.9,2100.0
2026-02-08T10:54:27.822323,10.2,14.9,2100.0
2026-02-08T10:54:28.323041,9.0,14.9,2100.0
2026-02-08T10:54:28.823615,5.2,14.9,2100.0
2026-02-08T10:54:29.324216,6.5,14.9,2100.0
2026-02-08T10:54:29.824848,6.2,14.9,2100.0
2026-02-08T10:54:30.326697,7.5,14.9,2100.0
2026-02-08T10:54:30.827288,6.4,14.9,2100.0
2026-02-08T10:54:31.327973,9.9,14.9,2100.0
2026-02-08T10:54:31.829973,5.6,14.9,2100.0
2026-02-08T10:54:32.330797,7.4,14.9,2100.0
2026-02-08T10:54:32.831611,8.4,14.9,2100.0
2026-02-08T10:54:33.332843,11.3,14.9,2100.0
2026-02-08T10:54:33.833411,6.5,14.9,2100.0
2026-02-08T10:54:34.335815,9.1,14.9,2100.0
2026-02-08T10:54:34.836560,9.4,14.9,2100.0
2026-02-08T10:54:35.337105,5.2,14.9,2100.0
2026-02-08T10:54:35.837673,13.6,14.9,2100.0
2026-02-08T10:54:36.338111,5.9,14.9,2100.0
2026-02-08T10:54:36.838657,4.2,14.9,2100.0
2026-02-08T10:54:37.340686,5.6,14.9,2100.0
2026-02-08T10:54:37.841499,6.4,14.9,2100.0
2026-02-08T10:54:38.342056,6.9,14.9,2100.0
2026-02-08T10:54:38.842703,12.5,14.9,2100.0
2026-02-08T10:54:39.344679,4.9,14.9,2100.0
2026-02-08T10:54:39.845332,7.6,14.9,2100.0
2026-02-08T10:54:40.346231,4.8,14.9,2100.0
2026-02-08T10:54:40.847071,8.4,14.9,2100.0
2026-02-08T10:54:41.347645,5.5,14.9,2100.0
2026-02-08T10:54:41.848582,5.8,14.9,2100.0
2026-02-08T10:54:42.349468,5.4,14.9,2100.0
2026-02-08T10:54:42.849895,9.1,14.9,2100.0
2026-02-08T10:54:43.350529,6.3,14.9,2100.0
2026-02-08T10:54:43.850977,11.5,14.9,2100.0
2026-02-08T10:54:44.351687,7.1,14.9,2100.0
2026-02-08T10:54:44.852269,10.5,14.9,2100.0
2026-02-08T10:54:45.353134,6.2,14.9,2100.0
2026-02-08T10:54:45.853615,9.7,14.9,2100.0
2026-02-08T10:54:46.354278,5.8,14.9,2100.0
2026-02-08T10:54:46.854877,11.5,14.9,2100.0
2026-02-08T10:54:47.355673,8.0,14.9,2100.0
2026-02-08T10:54:47.857176,7.2,14.9,2100.0
2026-02-08T10:54:48.358394,5.5,14.9,2100.0
2026-02-08T10:54:48.860331,10.0,14.9,2100.0
2026-02-08T10:54:49.361943,5.3,14.9,2100.0
2026-02-08T10:54:49.863156,11.4,14.9,2100.0
2026-02-08T10:54:50.364057,7.7,14.9,2100.0
2026-02-08T10:54:50.864556,8.2,14.9,2100.0
2026-02-08T10:54:51.365217,5.6,14.9,2100.0
2026-02-08T10:54:51.865862,8.3,14.9,2100.0
2026-02-08T10:54:52.366317,7.6,14.9,2100.0
2026-02-08T10:54:52.866862,8.1,14.9,2100.0
2026-02-08T10:54:53.367390,7.2,14.9,2100.0
2026-02-08T10:54:53.867782,8.1,14.9,2100.0
2026-02-08T10:54:54.368301,4.7,14.9,2100.0
2026-02-08T10:54:54.869237,6.7,14.9,2100.0
2026-02-08T10:54:55.370025,6.9,14.9,2100.0
2026-02-08T10:54:55.870422,9.2,14.9,2100.0
2026-02-08T10:54:56.370896,5.6,15.0,2100.0
2026-02-08T10:54:56.872148,6.8,14.9,2100.0
2026-02-08T10:54:57.373270,5.3,14.9,2100.0
2026-02-08T10:54:57.873870,6.9,14.9,2100.0
2026-02-08T10:54:58.374754,9.5,14.9,2100.0
2026-02-08T10:54:58.876759,6.5,14.9,2100.0
2026-02-08T10:54:59.377573,6.8,14.9,2100.0
2026-02-08T10:54:59.878272,7.0,14.9,2100.0
2026-02-08T10:55:00.379154,6.3,14.9,2100.0
2026-02-08T10:55:00.879768,10.6,14.9,2100.0
2026-02-08T10:55:01.380427,7.4,14.9,2100.0
2026-02-08T10:55:01.881014,5.0,14.9,2100.0
2026-02-08T10:55:02.381497,8.4,14.9,2100.0
2026-02-08T10:55:02.882143,5.4,14.9,2100.0
2026-02-08T10:55:03.383058,6.4,14.9,2100.0
2026-02-08T10:55:03.883853,6.4,14.9,2100.0
2026-02-08T10:55:04.384718,9.0,14.9,2100.0
2026-02-08T10:55:04.885207,5.2,14.9,2100.0
2026-02-08T10:55:05.386028,6.6,14.9,2100.0
2026-02-08T10:55:05.886445,10.2,14.9,2100.0
2026-02-08T10:55:06.387409,7.4,14.9,2100.0
2026-02-08T10:55:06.888392,10.4,14.9,2100.0
2026-02-08T10:55:07.389281,9.6,14.9,2100.0
2026-02-08T10:55:07.890199,9.2,14.9,2100.0
2026-02-08T10:55:08.391315,6.7,14.9,2100.0
2026-02-08T10:55:08.891785,9.4,14.9,2100.0
2026-02-08T10:55:09.393539,10.6,14.9,2100.0
2026-02-08T10:55:09.895583,7.3,14.9,2100.0
2026-02-08T10:55:10.396652,11.2,14.9,2100.0
2026-02-08T10:55:10.897204,8.5,14.9,2100.0
2026-02-08T10:55:11.397872,7.9,14.9,2100.0
2026-02-08T10:55:11.898235,8.2,14.9,2100.0
2026-02-08T10:55:12.398576,9.5,14.9,2100.0
2026-02-08T10:55:12.899189,8.3,14.9,2100.0
2026-02-08T10:55:13.400087,6.1,14.9,2100.0
2026-02-08T10:55:13.900722,7.7,14.9,2100.0
2026-02-08T10:55:14.401599,7.9,14.9,2100.0
2026-02-08T10:55:14.902390,5.6,14.9,2100.0
2026-02-08T10:55:15.402974,5.4,14.9,2100.0
2026-02-08T10:55:15.904044,8.4,14.9,2100.0
2026-02-08T10:55:16.404771,7.9,14.9,2100.0
2026-02-08T10:55:16.906458,6.4,14.9,2100.0
2026-02-08T10:55:17.409210,8.7,14.9,2100.0
2026-02-08T10:55:17.909920,6.5,14.9,2100.0
2026-02-08T10:55:18.411821,10.9,14.9,2100.0
2026-02-08T10:55:18.913191,8.0,14.9,2100.0
2026-02-08T10:55:19.413860,8.9,14.9,2100.0
2026-02-08T10:55:19.914494,7.5,14.9,2100.0
2026-02-08T10:55:20.415328,7.0,14.9,2100.0
2026-02-08T10:55:20.916034,11.4,14.9,2100.0
2026-02-08T10:55:21.416450,4.2,14.9,2100.0
2026-02-08T10:55:21.916942,6.4,14.9,2100.0
2026-02-08T10:55:22.417494,5.2,14.9,2100.0
2026-02-08T10:55:22.918341,10.2,14.9,2100.0
2026-02-08T10:55:23.419233,5.1,14.9,2100.0
2026-02-08T10:55:23.920167,8.0,14.9,2100.0
2026-02-08T10:55:24.421067,4.8,14.9,2100.0
2026-02-08T10:55:24.921671,8.7,14.9,2100.0
2026-02-08T10:55:25.422380,7.1,14.9,2100.0
2026-02-08T10:55:25.923269,8.1,14.9,2100.0
2026-02-08T10:55:26.425421,6.4,14.9,2100.0
2026-02-08T10:55:26.925840,9.5,14.9,2100.0
2026-02-08T10:55:27.426304,7.0,14.9,2100.0
2026-02-08T10:55:27.926835,10.7,14.9,2100.0
2026-02-08T10:55:28.427841,9.0,14.9,2100.0
2026-02-08T10:55:28.928588,12.4,14.9,2100.0
2026-02-08T10:55:29.429195,5.2,14.9,2100.0
2026-02-08T10:55:29.930048,10.2,14.9,2100.0
2026-02-08T10:55:30.430447,5.7,14.9,2100.0
2026-02-08T10:55:30.930905,9.6,14.9,2100.0
2026-02-08T10:55:31.431849,5.5,14.9,2100.0
2026-02-08T10:55:31.932452,6.8,14.9,2100.0
2026-02-08T10:55:32.433556,8.6,14.9,2100.0
2026-02-08T10:55:32.934233,10.0,14.9,2100.0
2026-02-08T10:55:33.436374,6.1,14.9,2100.0
2026-02-08T10:55:33.937396,7.5,14.9,2100.0
2026-02-08T10:55:34.438118,8.0,14.9,2100.0
2026-02-08T10:55:34.938712,7.9,14.9,2100.0
2026-02-08T10:55:35.439152,10.5,14.9,2100.0
2026-02-08T10:55:35.940647,8.5,14.9,2100.0
2026-02-08T10:55:36.441265,4.3,14.9,2100.0
2026-02-08T10:55:36.941949,8.3,14.9,2100.0
2026-02-08T10:55:37.443173,8.5,14.9,2100.0
2026-02-08T10:55:37.943937,7.5,14.9,2100.0
2026-02-08T10:55:38.444763,7.9,14.9,2100.0
2026-02-08T10:55:38.945117,7.8,14.9,2100.0
2026-02-08T10:55:39.445962,4.1,14.9,2100.0
2026-02-08T10:55:39.946540,8.1,14.9,2100.0
2026-02-08T10:55:40.447514,8.8,14.9,2100.0
2026-02-08T10:55:40.948093,9.9,14.9,2100.0
2026-02-08T10:55:41.448780,3.8,14.9,2100.0
2026-02-08T10:55:41.949405,5.8,14.9,2100.0
2026-02-08T10:55:42.450157,5.6,14.9,2100.0
2026-02-08T10:55:42.950889,8.0,14.9,2100.0
2026-02-08T10:55:43.451422,6.4,14.9,2100.0
2026-02-08T10:55:43.951785,7.9,14.9,2100.0
2026-02-08T10:55:44.453384,9.7,14.9,2100.0
2026-02-08T10:55:44.956214,6.2,14.9,2100.0
2026-02-08T10:55:45.456783,6.6,14.9,2100.0
2026-02-08T10:55:45.958322,5.8,14.9,2100.0
2026-02-08T10:55:46.458833,8.7,14.9,2100.0
2026-02-08T10:55:46.959340,6.7,14.9,2100.0
2026-02-08T10:55:47.459797,9.5,14.9,2100.0
2026-02-08T10:55:47.960773,5.7,14.9,2100.0
2026-02-08T10:55:48.461555,6.5,14.9,2100.0
2026-02-08T10:55:48.962193,6.9,14.9,2100.0
2026-02-08T10:55:49.462976,9.6,14.9,2100.0
2026-02-08T10:55:49.963665,6.4,14.9,2100.0
2026-02-08T10:55:50.464267,8.7,14.9,2100.0
2026-02-08T10:55:50.964960,10.0,14.9,2100.0
2026-02-08T10:55:51.465536,8.2,14.9,2100.0
2026-02-08T10:55:51.965989,6.2,14.9,2100.0
2026-02-08T10:55:52.466388,9.8,14.9,2100.0
2026-02-08T10:55:52.967177,6.6,14.9,2100.0
2026-02-08T10:55:53.468060,9.8,14.9,2100.0
2026-02-08T10:55:53.968598,7.7,14.9,2100.0
2026-02-08T10:55:54.469311,10.5,14.9,2100.0
2026-02-08T10:55:54.971233,6.2,14.9,2100.0
2026-02-08T10:55:55.471979,8.0,14.9,2100.0
2026-02-08T10:55:55.972764,6.4,14.9,2100.0
2026-02-08T10:55:56.473359,6.0,14.9,2100.0
2026-02-08T10:55:56.973982,6.7,14.9,2100.0
2026-02-08T10:55:57.475376,7.0,14.9,2100.0
2026-02-08T10:55:57.976168,7.9,14.9,2100.0
2026-02-08T10:55:58.476581,7.5,14.9,2100.0
2026-02-08T10:55:58.977023,6.6,14.9,2100.0
2026-02-08T10:55:59.477976,8.2,14.9,2100.0
2026-02-08T10:55:59.978614,4.9,14.9,2100.0
2026-02-08T10:56:00.479591,7.5,14.9,2100.0
2026-02-08T10:56:00.980500,9.4,14.9,2100.0
2026-02-08T10:56:01.481292,7.0,14.9,2100.0
2026-02-08T10:56:01.981834,6.3,14.9,2100.0
2026-02-08T10:56:02.482636,8.9,14.9,2100.0
2026-02-08T10:56:02.983409,4.8,14.9,2100.0
2026-02-08T10:56:03.483889,5.0,14.9,2100.0
2026-02-08T10:56:03.984913,6.6,14.9,2100.0
2026-02-08T10:56:04.486008,7.7,14.9,2100.0
2026-02-08T10:56:04.986999,5.7,14.9,2100.0
2026-02-08T10:56:05.488368,6.2,14.9,2100.0
2026-02-08T10:56:05.989607,7.4,14.9,2100.0
2026-02-08T10:56:06.490370,6.5,14.9,2100.0
2026-02-08T10:56:06.990838,7.3,14.9,2100.0
2026-02-08T10:56:07.491515,11.7,14.9,2100.0
2026-02-08T10:56:07.992132,5.2,14.9,2100.0
2026-02-08T10:56:08.493986,6.4,14.9,2100.0
2026-02-08T10:56:08.994663,9.4,14.9,2100.0
2026-02-08T10:56:09.496687,8.0,14.9,2100.0
2026-02-08T10:56:09.997120,7.5,14.9,2100.0
2026-02-08T10:56:10.497632,7.8,14.9,2100.0
2026-02-08T10:56:10.998456,4.9,14.9,2100.0
2026-02-08T10:56:11.499102,6.4,14.9,2100.0
2026-02-08T10:56:11.999481,6.9,14.9,2100.0
2026-02-08T10:56:12.500190,7.6,14.9,2100.0
2026-02-08T10:56:13.000614,7.6,14.9,2100.0
2026-02-08T10:56:13.501706,9.9,14.9,2100.0
2026-02-08T10:56:14.002940,8.6,14.9,2100.0
2026-02-08T10:56:14.503755,9.8,14.9,2100.0
2026-02-08T10:56:15.005976,6.6,14.9,2100.0
2026-02-08T10:56:15.506729,7.6,14.9,2100.0
2026-02-08T10:56:16.007132,8.6,15.0,2100.0
2026-02-08T10:56:16.508255,8.3,15.0,2100.0
2026-02-08T10:56:17.009073,6.7,15.0,2100.0
2026-02-08T10:56:17.509877,9.6,15.0,2100.0
2026-02-08T10:56:18.010717,6.3,15.0,2100.0
2026-02-08T10:56:18.511508,9.3,15.0,2100.0
2026-02-08T10:56:19.012317,8.3,15.0,2100.0
2026-02-08T10:56:19.513019,10.4,15.0,2100.0
2026-02-08T10:56:20.013566,7.6,15.0,2100.0
2026-02-08T10:56:20.514265,10.3,15.0,2100.0
2026-02-08T10:56:21.015047,7.6,15.0,2100.0
2026-02-08T10:56:21.515613,11.1,15.0,2100.0
2026-02-08T10:56:22.016102,7.4,15.0,2100.0
2026-02-08T10:56:22.516639,7.9,15.0,2100.0
2026-02-08T10:56:23.017347,6.5,15.0,2100.0
2026-02-08T10:56:23.517998,8.7,14.9,2100.0
2026-02-08T10:56:24.018787,7.2,14.9,2100.0
2026-02-08T10:56:24.519571,6.0,14.9,2100.0
2026-02-08T10:56:25.020111,7.6,14.9,2100.0
2026-02-08T10:56:25.520914,5.1,14.9,2100.0
2026-02-08T10:56:26.022430,8.1,14.9,2100.0
2026-02-08T10:56:26.523018,6.2,14.9,2100.0
2026-02-08T10:56:27.023624,4.8,14.9,2100.0
2026-02-08T10:56:27.524341,8.3,14.9,2100.0
2026-02-08T10:56:28.025059,6.5,14.9,2100.0
2026-02-08T10:56:28.526096,6.3,14.9,2100.0
2026-02-08T10:56:29.026744,5.2,14.9,2100.0
2026-02-08T10:56:29.527560,5.4,14.9,2100.0
2026-02-08T10:56:30.028327,7.1,14.9,2100.0
2026-02-08T10:56:30.528843,6.6,14.9,2100.0
2026-02-08T10:56:31.031367,8.9,14.9,2100.0
2026-02-08T10:56:31.532487,6.6,14.9,2100.0
2026-02-08T10:56:32.033303,8.1,14.9,2100.0
2026-02-08T10:56:32.535445,10.3,14.9,2100.0
2026-02-08T10:56:33.036119,6.6,14.9,2100.0
2026-02-08T10:56:33.537093,9.8,14.9,2100.0
2026-02-08T10:56:34.037995,5.8,14.9,2100.0
2026-02-08T10:56:34.538829,7.5,14.9,2100.0
2026-02-08T10:56:35.040531,6.0,14.9,2100.0
2026-02-08T10:56:35.541635,6.7,14.9,2100.0
2026-02-08T10:56:36.042575,7.3,14.9,2100.0
2026-02-08T10:56:36.543347,6.2,14.9,2100.0
2026-02-08T10:56:37.044206,8.5,14.9,2100.0
2026-02-08T10:56:37.544728,10.3,14.9,2100.0
2026-02-08T10:56:38.045597,6.7,14.9,2100.0
2026-02-08T10:56:38.546064,8.7,14.9,2100.0
2026-02-08T10:56:39.047003,8.5,14.9,2100.0
2026-02-08T10:56:39.547959,6.4,14.9,2100.0
2026-02-08T10:56:40.048493,4.9,14.9,2100.0
2026-02-08T10:56:40.549261,10.2,14.9,2100.0
2026-02-08T10:56:41.051100,7.2,14.9,2100.0
2026-02-08T10:56:41.551533,4.4,14.9,2100.0
2026-02-08T10:56:42.052353,6.8,14.9,2100.0
2026-02-08T10:56:42.553089,7.5,14.9,2100.0
2026-02-08T10:56:43.053769,8.4,14.9,2100.0
2026-02-08T10:56:43.557241,8.4,14.9,2100.0
2026-02-08T10:56:44.058457,5.3,14.9,2100.0
2026-02-08T10:56:44.558975,9.8,14.9,2100.0
2026-02-08T10:56:45.059912,5.8,14.9,2100.0
2026-02-08T10:56:45.560669,7.0,14.9,2100.0
2026-02-08T10:56:46.061277,8.1,14.9,2100.0
2026-02-08T10:56:46.561719,6.5,14.9,2100.0
2026-02-08T10:56:47.062419,9.9,14.9,2100.0
2026-02-08T10:56:47.562866,9.2,14.9,2100.0
2026-02-08T10:56:48.063424,4.7,14.9,2100.0
2026-02-08T10:56:48.563939,5.9,14.9,2100.0
2026-02-08T10:56:49.064566,6.7,14.9,2100.0
2026-02-08T10:56:49.565421,6.0,14.9,2100.0
2026-02-08T10:56:50.066769,5.0,14.9,2100.0
2026-02-08T10:56:50.567603,10.8,14.9,2100.0
2026-02-08T10:56:51.068550,7.5,14.9,2100.0
2026-02-08T10:56:51.569380,7.1,14.9,2100.0
2026-02-08T10:56:52.069990,5.5,14.9,2100.0
2026-02-08T10:56:52.570398,9.5,14.9,2100.0
2026-02-08T10:56:53.071105,8.5,14.9,2100.0
2026-02-08T10:56:53.573281,6.0,14.9,2100.0
2026-02-08T10:56:54.074110,6.8,14.9,2100.0
2026-02-08T10:56:54.575128,12.6,14.9,2100.0
2026-02-08T10:56:55.076072,5.9,14.9,2100.0
2026-02-08T10:56:55.577127,9.1,14.9,2100.0
2026-02-08T10:56:56.077516,5.7,14.9,2100.0
2026-02-08T10:56:56.578284,9.4,14.9,2100.0
2026-02-08T10:56:57.078819,7.7,14.9,2100.0
2026-02-08T10:56:57.579215,7.4,14.9,2100.0
2026-02-08T10:56:58.080000,6.9,14.9,2100.0
2026-02-08T10:56:58.580731,8.3,14.9,2100.0
2026-02-08T10:56:59.081621,8.4,14.9,2100.0
2026-02-08T10:56:59.581980,8.1,14.9,2100.0
2026-02-08T10:57:00.083328,6.0,14.9,2100.0
2026-02-08T10:57:00.583914,9.0,14.9,2100.0
2026-02-08T10:57:01.084569,6.8,14.9,2100.0
2026-02-08T10:57:01.585144,6.0,14.9,2100.0
2026-02-08T10:57:02.085858,6.3,14.9,2100.0
2026-02-08T10:57:02.586678,6.9,14.9,2100.0
2026-02-08T10:57:03.087708,6.2,14.9,2100.0
2026-02-08T10:57:03.588220,8.7,14.9,2100.0
2026-02-08T10:57:04.088753,9.6,14.9,2100.0
2026-02-08T10:57:04.590597,17.9,14.9,2100.0
2026-02-08T10:57:05.091026,8.4,14.9,2100.0
2026-02-08T10:57:05.591749,11.9,14.9,2100.0
2026-02-08T10:57:06.092538,8.3,14.9,2100.0
2026-02-08T10:57:06.593102,8.2,14.9,2100.0
2026-02-08T10:57:07.093614,5.8,15.0,2100.0
2026-02-08T10:57:07.594375,7.2,15.0,2100.0
2026-02-08T10:57:08.094862,4.7,15.0,2100.0
2026-02-08T10:57:08.595462,6.9,15.0,2100.0
2026-02-08T10:57:09.096439,11.8,15.0,2100.0
2026-02-08T10:57:09.597053,6.1,15.0,2100.0
2026-02-08T10:57:10.097602,5.9,15.0,2100.0
2026-02-08T10:57:10.598406,5.4,14.9,2100.0
2026-02-08T10:57:11.099540,6.1,14.9,2100.0
2026-02-08T10:57:11.600376,5.6,14.9,2100.0
2026-02-08T10:57:12.101252,11.0,14.9,2100.0
2026-02-08T10:57:12.601823,6.7,14.9,2100.0
2026-02-08T10:57:13.102420,6.3,14.9,2100.0
2026-02-08T10:57:13.602840,5.2,14.9,2100.0
2026-02-08T10:57:14.103246,7.3,14.9,2100.0
2026-02-08T10:57:14.604326,8.0,14.9,2100.0
2026-02-08T10:57:15.105115,8.8,14.9,2100.0
2026-02-08T10:57:15.605906,9.9,14.9,2100.0
2026-02-08T10:57:16.110425,6.9,14.9,2100.0
2026-02-08T10:57:16.611183,8.0,14.9,2100.0
2026-02-08T10:57:17.111600,11.5,14.9,2100.0
2026-02-08T10:57:17.612416,12.8,14.9,2100.0
2026-02-08T10:57:18.113290,6.2,14.9,2100.0
2026-02-08T10:57:18.614220,7.8,14.9,2100.0
2026-02-08T10:57:19.115896,8.7,14.9,2100.0
2026-02-08T10:57:19.616753,7.0,14.9,2100.0
2026-02-08T10:57:20.117286,7.8,14.9,2100.0
2026-02-08T10:57:20.617658,9.0,14.9,2100.0
2026-02-08T10:57:21.118097,6.2,14.9,2100.0
2026-02-08T10:57:21.619211,7.7,14.9,2100.0
2026-02-08T10:57:22.119790,8.3,14.9,2100.0
2026-02-08T10:57:22.622276,12.8,14.9,2100.0
2026-02-08T10:57:23.123384,5.3,14.9,2100.0
2026-02-08T10:57:23.623748,7.2,14.9,2100.0
2026-02-08T10:57:24.124233,7.0,14.9,2100.0
2026-02-08T10:57:24.624678,6.9,14.9,2100.0
2026-02-08T10:57:25.125418,7.9,14.9,2100.0
2026-02-08T10:57:25.626346,9.1,14.9,2100.0
2026-02-08T10:57:26.127132,7.8,14.9,2100.0
2026-02-08T10:57:26.627825,8.7,14.9,2100.0
2026-02-08T10:57:27.128309,5.3,14.9,2100.0
2026-02-08T10:57:27.628897,4.6,14.9,2100.0
2026-02-08T10:57:28.129340,6.6,14.9,2100.0
2026-02-08T10:57:28.630447,8.0,14.9,2100.0
2026-02-08T10:57:29.132105,4.7,14.9,2100.0
2026-02-08T10:57:29.632705,7.6,14.9,2100.0
2026-02-08T10:57:30.134381,4.3,14.9,2100.0
2026-02-08T10:57:30.635150,9.2,14.9,2100.0
2026-02-08T10:57:31.136013,4.8,14.9,2100.0
2026-02-08T10:57:31.637055,7.4,14.9,2100.0
2026-02-08T10:57:32.137533,7.6,14.9,2100.0
2026-02-08T10:57:32.638047,7.0,14.9,2100.0
2026-02-08T10:57:33.138483,4.2,14.9,2100.0
2026-02-08T10:57:33.639194,6.1,14.9,2100.0
2026-02-08T10:57:34.139927,5.3,14.9,2100.0
2026-02-08T10:57:34.640505,8.4,14.9,2100.0
2026-02-08T10:57:35.141253,6.6,14.9,2100.0
2026-02-08T10:57:35.641821,7.4,14.9,2100.0
2026-02-08T10:57:36.142710,5.4,14.9,2100.0
2026-02-08T10:57:36.643125,6.7,14.9,2100.0
2026-02-08T10:57:37.143913,6.1,14.9,2100.0
2026-02-08T10:57:37.644729,6.7,14.9,2100.0
2026-02-08T10:57:38.145155,7.6,14.9,2100.0
2026-02-08T10:57:38.646591,11.4,14.9,2100.0
2026-02-08T10:57:39.147723,13.4,14.9,2100.0
2026-02-08T10:57:39.648575,11.2,14.9,2100.0
2026-02-08T10:57:40.149375,9.3,14.9,2100.0
2026-02-08T10:57:40.651441,11.1,14.9,2100.0
2026-02-08T10:57:41.154053,11.7,14.9,2100.0
2026-02-08T10:57:41.655054,8.3,14.9,2100.0
2026-02-08T10:57:42.155721,12.1,14.9,2100.0
2026-02-08T10:57:42.656668,5.3,14.9,2100.0
2026-02-08T10:57:43.157474,6.8,14.9,2100.0
2026-02-08T10:57:43.658004,6.0,14.9,2100.0
2026-02-08T10:57:44.158532,7.0,14.9,2100.0
2026-02-08T10:57:44.659053,7.0,15.0,2100.0
2026-02-08T10:57:45.159761,7.3,15.0,2100.0
2026-02-08T10:57:45.660736,9.9,15.0,2100.0
2026-02-08T10:57:46.161133,8.1,15.0,2100.0
2026-02-08T10:57:46.661948,6.0,15.0,2100.0
2026-02-08T10:57:47.162623,8.3,14.9,2100.0
2026-02-08T10:57:47.663225,7.1,14.9,2100.0
2026-02-08T10:57:48.163969,8.0,15.0,2100.0
2026-02-08T10:57:48.664799,6.3,15.0,2100.0
2026-02-08T10:57:49.165449,7.6,15.0,2100.0
2026-02-08T10:57:49.666304,9.2,14.9,2100.0
2026-02-08T10:57:50.167256,6.9,15.0,2100.0
2026-02-08T10:57:50.667999,7.1,15.0,2100.0
2026-02-08T10:57:51.168854,10.5,15.0,2100.0
2026-02-08T10:57:51.669812,5.6,15.0,2100.0
2026-02-08T10:57:52.170575,8.2,15.0,2100.0
2026-02-08T10:57:52.671249,7.2,15.0,2100.0
2026-02-08T10:57:53.171659,6.6,15.0,2100.0
2026-02-08T10:57:53.672378,10.1,15.0,2100.0
2026-02-08T10:57:54.173142,6.2,15.0,2100.0
2026-02-08T10:57:54.674086,4.4,15.0,2100.0
2026-02-08T10:57:55.174819,5.8,15.0,2100.0
2026-02-08T10:57:55.675284,6.3,15.0,2100.0
2026-02-08T10:57:56.176141,6.7,15.0,2100.0
2026-02-08T10:57:56.676573,5.2,15.0,2100.0
2026-02-08T10:57:57.177148,6.7,14.9,2100.0
2026-02-08T10:57:57.677638,7.0,14.9,2100.0
2026-02-08T10:57:58.178449,5.9,14.9,2100.0
2026-02-08T10:57:58.679342,6.9,14.9,2100.0
2026-02-08T10:57:59.181080,5.3,14.9,2100.0
2026-02-08T10:57:59.681969,8.1,14.9,2100.0
2026-02-08T10:58:00.182322,6.4,14.9,2100.0
2026-02-08T10:58:00.683524,8.9,14.9,2100.0
2026-02-08T10:58:01.184005,7.4,14.9,2100.0
2026-02-08T10:58:01.685060,8.9,14.9,2100.0
2026-02-08T10:58:02.187073,9.7,14.9,2100.0
2026-02-08T10:58:02.687754,10.6,14.9,2100.0
2026-02-08T10:58:03.188210,6.1,14.9,2100.0
2026-02-08T10:58:03.689000,11.6,14.9,2100.0
2026-02-08T10:58:04.189567,5.5,14.9,2100.0
2026-02-08T10:58:04.690196,7.2,14.9,2100.0
2026-02-08T10:58:05.193935,11.8,14.9,2100.0
2026-02-08T10:58:05.694507,9.0,14.9,2100.0
2026-02-08T10:58:06.194982,6.2,14.9,2100.0
2026-02-08T10:58:06.695932,6.4,14.9,2100.0
2026-02-08T10:58:07.196886,7.2,14.9,2100.0
2026-02-08T10:58:07.697591,9.4,14.9,2100.0
2026-02-08T10:58:08.199149,6.8,14.9,2100.0
2026-02-08T10:58:08.699533,6.6,14.9,2100.0
2026-02-08T10:58:09.200160,5.6,14.9,2100.0
2026-02-08T10:58:09.701979,10.5,14.9,2100.0
2026-02-08T10:58:10.202384,5.4,14.9,2100.0
2026-02-08T10:58:10.703290,7.2,14.9,2100.0
2026-02-08T10:58:11.204095,6.4,14.9,2100.0
2026-02-08T10:58:11.704703,7.4,14.9,2100.0
2026-02-08T10:58:12.205250,7.5,15.0,2100.0
2026-02-08T10:58:12.705687,7.8,15.0,2100.0
2026-02-08T10:58:13.206485,5.0,15.0,2100.0
2026-02-08T10:58:13.707117,13.2,15.0,2100.0
2026-02-08T10:58:14.207914,7.0,15.0,2100.0
2026-02-08T10:58:14.708356,9.2,15.0,2100.0
2026-02-08T10:58:15.209209,8.3,15.0,2100.0
2026-02-08T10:58:15.709824,9.8,15.0,2100.0
2026-02-08T10:58:16.210572,4.4,15.0,2100.0
2026-02-08T10:58:16.711355,9.2,15.0,2100.0
2026-02-08T10:58:17.212456,8.1,15.0,2100.0
2026-02-08T10:58:17.713175,8.1,15.0,2100.0
2026-02-08T10:58:18.213956,5.7,15.0,2100.0
2026-02-08T10:58:18.714865,7.4,15.0,2100.0
2026-02-08T10:58:19.216202,6.2,15.0,2100.0
2026-02-08T10:58:19.716623,11.6,15.0,2100.0
2026-02-08T10:58:20.217763,6.2,15.0,2100.0
2026-02-08T10:58:20.719076,9.4,14.9,2100.0
2026-02-08T10:58:21.219688,4.5,14.9,2100.0
2026-02-08T10:58:21.720241,6.5,14.9,2100.0
2026-02-08T10:58:22.220983,6.9,14.9,2100.0
2026-02-08T10:58:22.721683,11.4,15.0,2100.0
2026-02-08T10:58:23.222462,5.3,15.0,2100.0
2026-02-08T10:58:23.722912,9.2,15.0,2100.0
2026-02-08T10:58:24.223821,5.3,15.0,2100.0
2026-02-08T10:58:24.724742,10.9,15.0,2100.0
2026-02-08T10:58:25.225441,7.8,15.0,2100.0
2026-02-08T10:58:25.726014,9.3,15.0,2100.0
2026-02-08T10:58:26.226636,7.8,15.0,2100.0
2026-02-08T10:58:26.727309,8.1,15.0,2100.0
2026-02-08T10:58:27.228168,6.4,15.0,2100.0
2026-02-08T10:58:27.728926,8.7,15.0,2100.0
2026-02-08T10:58:28.230244,4.6,15.0,2100.0
2026-02-08T10:58:28.731185,10.2,15.0,2100.0
2026-02-08T10:58:29.231834,5.6,15.0,2100.0
2026-02-08T10:58:29.733097,9.6,14.9,2100.0
2026-02-08T10:58:30.234129,7.1,14.9,2100.0
2026-02-08T10:58:30.734762,8.6,14.9,2100.0
2026-02-08T10:58:31.235359,4.7,14.9,2100.0
2026-02-08T10:58:31.735747,9.0,15.0,2100.0
2026-02-08T10:58:32.236544,7.1,15.0,2100.0
2026-02-08T10:58:32.737508,9.8,14.9,2100.0
2026-02-08T10:58:33.238591,8.1,14.9,2100.0
2026-02-08T10:58:33.739031,5.0,14.9,2100.0
2026-02-08T10:58:34.239476,7.6,14.9,2100.0
2026-02-08T10:58:34.739989,6.4,14.9,2100.0
2026-02-08T10:58:35.240405,7.0,14.9,2100.0
2026-02-08T10:58:35.741201,7.9,14.9,2100.0
2026-02-08T10:58:36.242089,8.7,14.9,2100.0
2026-02-08T10:58:36.742761,6.8,14.9,2100.0
2026-02-08T10:58:37.243282,6.5,14.9,2100.0
2026-02-08T10:58:37.743770,4.0,14.9,2100.0
2026-02-08T10:58:38.245618,8.5,14.9,2100.0
2026-02-08T10:58:38.746230,9.1,15.0,2100.0
2026-02-08T10:58:39.247244,5.9,15.0,2100.0
2026-02-08T10:58:39.748546,5.4,15.0,2100.0
2026-02-08T10:58:40.248975,7.8,14.9,2100.0
2026-02-08T10:58:40.749690,7.7,14.9,2100.0
2026-02-08T10:58:41.251271,8.0,14.9,2100.0
2026-02-08T10:58:41.751753,6.2,15.0,2100.0
2026-02-08T10:58:42.252414,11.9,15.0,2100.0
2026-02-08T10:58:42.753172,7.1,15.0,2100.0
2026-02-08T10:58:43.253927,5.5,15.0,2100.0
2026-02-08T10:58:43.754981,7.2,15.0,2100.0
2026-02-08T10:58:44.255563,8.5,15.0,2100.0
2026-02-08T10:58:44.756171,7.4,15.0,2100.0
2026-02-08T10:58:45.256805,8.1,15.0,2100.0
2026-02-08T10:58:45.757470,8.7,15.0,2100.0
2026-02-08T10:58:46.257894,9.1,15.0,2100.0
2026-02-08T10:58:46.758453,5.5,15.0,2100.0
2026-02-08T10:58:47.259281,8.9,15.0,2100.0
2026-02-08T10:58:47.760166,7.7,15.0,2100.0
2026-02-08T10:58:48.261052,8.0,15.0,2100.0
2026-02-08T10:58:48.762011,5.8,15.0,2100.0
2026-02-08T10:58:49.262858,7.3,15.0,2100.0
2026-02-08T10:58:49.763475,7.7,15.0,2100.0
2026-02-08T10:58:50.264238,9.3,15.0,2100.0
2026-02-08T10:58:50.766324,10.9,15.0,2100.0
2026-02-08T10:58:51.267303,5.2,15.0,2100.0
2026-02-08T10:58:51.768927,8.2,15.0,2100.0
2026-02-08T10:58:52.269927,6.3,15.0,2100.0
2026-02-08T10:58:52.771003,7.3,15.0,2100.0
2026-02-08T10:58:53.271792,8.5,15.0,2100.0
2026-02-08T10:58:53.772697,10.7,15.0,2100.0
2026-02-08T10:58:54.273330,5.2,15.0,2100.0
2026-02-08T10:58:54.774138,13.9,15.0,2100.0
2026-02-08T10:58:55.275097,5.8,15.0,2100.0
2026-02-08T10:58:55.775678,10.5,15.0,2100.0
2026-02-08T10:58:56.276701,4.3,15.0,2100.0
2026-02-08T10:58:56.777902,5.2,15.0,2100.0
2026-02-08T10:58:57.278645,10.5,15.0,2100.0
2026-02-08T10:58:57.779809,9.5,14.9,2100.0
2026-02-08T10:58:58.281131,4.8,14.9,2100.0
2026-02-08T10:58:58.781566,11.7,14.9,2100.0
2026-02-08T10:58:59.282903,5.2,14.9,2100.0
2026-02-08T10:58:59.783894,9.6,14.9,2100.0
2026-02-08T10:59:00.284822,5.6,14.9,2100.0
2026-02-08T10:59:00.785396,10.4,14.9,2100.0
2026-02-08T10:59:01.286241,5.9,14.9,2100.0
2026-02-08T10:59:01.786886,5.5,14.9,2100.0
2026-02-08T10:59:02.287471,5.3,14.9,2100.0
2026-02-08T10:59:02.788079,7.3,14.9,2100.0
2026-02-08T10:59:03.288484,9.1,14.9,2100.0
2026-02-08T10:59:03.789213,6.7,14.9,2100.0
2026-02-08T10:59:04.289725,8.0,14.9,2100.0
2026-02-08T10:59:04.790189,9.2,14.9,2100.0
2026-02-08T10:59:05.290605,5.2,14.9,2100.0
2026-02-08T10:59:05.791378,16.7,14.9,2100.0
2026-02-08T10:59:06.292247,7.7,14.9,2100.0
2026-02-08T10:59:06.792906,9.3,14.9,2100.0
2026-02-08T10:59:07.293951,6.3,14.9,2100.0
2026-02-08T10:59:07.794946,13.9,14.9,2100.0
2026-02-08T10:59:08.295628,6.5,14.9,2100.0
2026-02-08T10:59:08.796172,10.1,14.9,2100.0
2026-02-08T10:59:09.296990,5.4,14.9,2100.0
2026-02-08T10:59:09.797746,7.1,14.9,2100.0
2026-02-08T10:59:10.298805,7.3,14.9,2100.0
2026-02-08T10:59:10.799420,11.8,14.9,2100.0
2026-02-08T10:59:11.300297,6.5,14.9,2100.0
2026-02-08T10:59:11.800943,8.7,14.9,2100.0
2026-02-08T10:59:12.301816,5.6,14.9,2100.0
2026-02-08T10:59:12.804210,11.6,14.9,2100.0
2026-02-08T10:59:13.304962,6.3,14.9,2100.0
2026-02-08T10:59:13.805845,9.1,14.9,2100.0
2026-02-08T10:59:14.306481,6.2,14.9,2100.0
2026-02-08T10:59:14.806898,5.6,14.9,2100.0
2026-02-08T10:59:15.307442,5.5,14.9,2100.0
2026-02-08T10:59:15.809843,10.0,14.9,2100.0
2026-02-08T10:59:16.311066,6.6,14.9,2100.0
2026-02-08T10:59:16.811837,4.3,14.9,2100.0
2026-02-08T10:59:17.312760,7.3,14.9,2100.0
2026-02-08T10:59:17.813249,7.1,14.9,2100.0
2026-02-08T10:59:18.313682,8.8,14.9,2100.0
2026-02-08T10:59:18.815419,10.1,14.9,2100.0
2026-02-08T10:59:19.316067,6.0,14.9,2100.0
2026-02-08T10:59:19.816587,6.1,14.9,2100.0
2026-02-08T10:59:20.317389,10.6,14.9,2100.0
2026-02-08T10:59:20.817848,6.0,14.9,2100.0
2026-02-08T10:59:21.318349,10.3,14.9,2100.0
2026-02-08T10:59:21.818723,7.4,14.9,2100.0
2026-02-08T10:59:22.320562,8.3,14.9,2100.0
2026-02-08T10:59:22.821353,6.1,14.9,2100.0
2026-02-08T10:59:23.321823,5.9,14.9,2100.0
2026-02-08T10:59:23.822248,6.8,14.9,2100.0
2026-02-08T10:59:24.322775,7.1,14.9,2100.0
2026-02-08T10:59:24.823837,9.8,14.9,2100.0
2026-02-08T10:59:25.324385,7.1,14.9,2100.0
2026-02-08T10:59:25.825084,8.0,14.9,2100.0
2026-02-08T10:59:26.325844,7.7,14.9,2100.0
2026-02-08T10:59:26.826656,5.2,14.9,2100.0
2026-02-08T10:59:27.327239,10.2,14.9,2100.0
2026-02-08T10:59:27.827980,9.2,14.9,2100.0
2026-02-08T10:59:28.328895,9.4,14.9,2100.0
2026-02-08T10:59:28.830458,6.3,14.9,2100.0
2026-02-08T10:59:29.330984,8.7,14.9,2100.0
2026-02-08T10:59:29.831550,8.5,14.9,2100.0
2026-02-08T10:59:30.340606,10.4,14.9,2100.0
2026-02-08T10:59:30.841649,5.8,14.9,2100.0
2026-02-08T10:59:31.342271,11.3,14.9,2100.0
2026-02-08T10:59:31.843233,6.0,14.9,2100.0
2026-02-08T10:59:32.343896,9.1,14.9,2100.0
2026-02-08T10:59:32.844774,7.1,14.9,2100.0
2026-02-08T10:59:33.345367,10.8,14.9,2100.0
2026-02-08T10:59:33.845888,5.3,14.9,2100.0
2026-02-08T10:59:34.346451,9.5,14.9,2100.0
2026-02-08T10:59:34.848299,7.3,14.9,2100.0
2026-02-08T10:59:35.348802,12.3,14.9,2100.0
2026-02-08T10:59:35.849285,6.4,14.9,2100.0
2026-02-08T10:59:36.351697,9.5,14.9,2100.0
2026-02-08T10:59:36.852561,8.4,14.9,2100.0
2026-02-08T10:59:37.353344,9.8,14.9,2100.0
2026-02-08T10:59:37.853871,8.5,14.9,2100.0
2026-02-08T10:59:38.354653,7.6,14.9,2100.0
2026-02-08T10:59:38.856052,8.6,14.9,2100.0
2026-02-08T10:59:39.356617,5.6,14.9,2100.0
2026-02-08T10:59:39.857389,8.6,14.9,2100.0
2026-02-08T10:59:40.358141,7.7,14.9,2100.0
2026-02-08T10:59:40.859332,9.5,14.9,2100.0
2026-02-08T10:59:41.359957,4.4,14.9,2100.0
2026-02-08T10:59:41.861021,8.3,14.9,2100.0
2026-02-08T10:59:42.361926,6.8,14.9,2100.0
2026-02-08T10:59:42.862677,6.7,14.9,2100.0
2026-02-08T10:59:43.363517,5.1,14.9,2100.0
2026-02-08T10:59:43.863932,10.6,14.9,2100.0
2026-02-08T10:59:44.364326,6.7,14.9,2100.0
2026-02-08T10:59:44.865727,10.8,14.9,2100.0
2026-02-08T10:59:45.366372,5.8,14.9,2100.0
2026-02-08T10:59:45.867395,7.0,14.9,2100.0
2026-02-08T10:59:46.368022,10.6,14.9,2100.0
2026-02-08T10:59:46.868828,7.0,14.9,2100.0
2026-02-08T10:59:47.369556,7.2,14.9,2100.0
2026-02-08T10:59:47.870406,12.0,14.9,2100.0
2026-02-08T10:59:48.371075,6.4,14.9,2100.0
2026-02-08T10:59:48.871913,8.4,14.9,2100.0
2026-02-08T10:59:49.372955,8.2,14.9,2100.0
2026-02-08T10:59:49.873627,9.8,14.9,2100.0
2026-02-08T10:59:50.374250,9.8,14.9,2100.0
2026-02-08T10:59:50.875085,10.1,14.9,2100.0
2026-02-08T10:59:51.375857,6.6,14.9,2100.0
2026-02-08T10:59:51.878663,8.9,14.9,2100.0
2026-02-08T10:59:52.379622,7.2,14.9,2100.0
2026-02-08T10:59:52.880420,8.4,14.9,2100.0
2026-02-08T10:59:53.381410,6.5,14.9,2100.0
2026-02-08T10:59:53.881839,10.0,14.9,2100.0
2026-02-08T10:59:54.382396,5.3,14.9,2100.0
2026-02-08T10:59:54.883094,8.7,14.9,2100.0
2026-02-08T10:59:55.384041,6.4,14.9,2100.0
2026-02-08T10:59:55.884470,8.6,14.9,2100.0
2026-02-08T10:59:56.385292,6.9,14.9,2100.0
2026-02-08T10:59:56.885815,9.6,14.9,2100.0
2026-02-08T10:59:57.386370,6.1,14.9,2100.0
2026-02-08T10:59:57.887457,8.6,14.9,2100.0
2026-02-08T10:59:58.388288,5.7,14.9,2100.0
2026-02-08T10:59:58.888852,12.7,14.9,2100.0
2026-02-08T10:59:59.389722,5.3,14.9,2100.0
2026-02-08T10:59:59.890995,10.9,14.9,2100.0
2026-02-08T11:00:00.391854,6.9,14.9,2100.0
2026-02-08T11:00:00.892739,11.2,14.9,2100.0
2026-02-08T11:00:01.393477,4.9,14.9,2100.0
2026-02-08T11:00:01.895376,7.1,14.9,2100.0
2026-02-08T11:00:02.396494,15.0,14.9,2100.0
2026-02-08T11:00:02.897454,5.4,14.9,2100.0
2026-02-08T11:00:03.398318,6.8,14.9,2100.0
2026-02-08T11:00:03.899112,6.4,14.9,2100.0
2026-02-08T11:00:04.399718,6.6,14.9,2100.0
2026-02-08T11:00:04.900619,6.3,14.9,2100.0
2026-02-08T11:00:05.402386,5.3,14.9,2100.0
2026-02-08T11:00:05.903035,7.6,14.9,2100.0
2026-02-08T11:00:06.403596,9.1,14.9,2100.0
2026-02-08T11:00:06.904170,6.0,14.9,2100.0
2026-02-08T11:00:07.406473,8.0,14.9,2100.0
2026-02-08T11:00:07.907666,6.2,14.9,2100.0
2026-02-08T11:00:08.408167,9.1,14.9,2100.0
2026-02-08T11:00:08.909428,10.5,14.9,2100.0
2026-02-08T11:00:09.411892,11.5,14.9,2100.0
2026-02-08T11:00:09.912930,7.8,14.9,2100.0
2026-02-08T11:00:10.413682,9.3,14.9,2100.0
2026-02-08T11:00:10.914119,6.8,14.9,2100.0
2026-02-08T11:00:11.415013,8.1,14.9,2100.0
2026-02-08T11:00:11.915394,7.7,14.9,2100.0
2026-02-08T11:00:12.416070,10.1,14.9,2100.0
2026-02-08T11:00:12.916766,6.7,14.9,2100.0
2026-02-08T11:00:13.417672,6.4,14.9,2100.0
2026-02-08T11:00:13.918658,9.1,14.9,2100.0
2026-02-08T11:00:14.419356,10.4,14.9,2100.0
2026-02-08T11:00:14.920132,6.4,14.9,2100.0
2026-02-08T11:00:15.420747,11.1,14.9,2100.0
2026-02-08T11:00:15.921483,5.9,14.9,2100.0
2026-02-08T11:00:16.421938,9.2,14.9,2100.0
2026-02-08T11:00:16.922370,5.0,14.9,2100.0
2026-02-08T11:00:17.423379,11.4,14.9,2100.0
2026-02-08T11:00:17.924143,6.1,14.9,2100.0
2026-02-08T11:00:18.424892,8.2,14.9,2100.0
2026-02-08T11:00:18.925584,5.6,14.9,2100.0
2026-02-08T11:00:19.427046,10.7,14.9,2100.0
2026-02-08T11:00:19.927466,5.4,14.9,2100.0
2026-02-08T11:00:20.428346,6.6,14.9,2100.0
2026-02-08T11:00:20.928734,7.1,14.9,2100.0
2026-02-08T11:00:21.429522,7.1,14.9,2100.0
2026-02-08T11:00:21.930395,6.2,14.9,2100.0
2026-02-08T11:00:22.431182,8.0,14.9,2100.0
2026-02-08T11:00:22.932288,6.0,14.9,2100.0
2026-02-08T11:00:23.433085,9.0,14.9,2100.0
2026-02-08T11:00:23.933788,6.0,14.9,2100.0
2026-02-08T11:00:24.434618,9.0,14.9,2100.0
2026-02-08T11:00:24.935696,5.3,14.9,2100.0
2026-02-08T11:00:25.436168,7.2,14.9,2100.0
2026-02-08T11:00:25.936586,4.9,14.9,2100.0
2026-02-08T11:00:26.437055,11.2,14.9,2100.0
2026-02-08T11:00:26.937888,10.1,14.9,2100.0
2026-02-08T11:00:27.438642,5.3,14.9,2100.0
2026-02-08T11:00:27.939711,7.6,14.9,2100.0
2026-02-08T11:00:28.442654,7.0,14.9,2100.0
2026-02-08T11:00:28.943509,5.7,14.9,2100.0
2026-02-08T11:00:29.446966,11.7,14.9,2100.0
2026-02-08T11:00:29.947691,6.4,14.9,2100.0
2026-02-08T11:00:30.448667,9.5,14.9,2100.0
2026-02-08T11:00:30.949168,8.9,14.9,2100.0
2026-02-08T11:00:31.449707,8.2,14.9,2100.0
2026-02-08T11:00:31.950503,10.0,14.9,2100.0
2026-02-08T11:00:32.450946,9.0,14.9,2100.0
2026-02-08T11:00:32.951761,7.9,14.9,2100.0
2026-02-08T11:00:33.452750,8.0,14.9,2100.0
2026-02-08T11:00:33.953336,5.8,14.9,2100.0
2026-02-08T11:00:34.454058,11.0,14.9,2100.0
2026-02-08T11:00:34.954665,7.6,14.9,2100.0
2026-02-08T11:00:35.456620,8.5,14.9,2100.0
2026-02-08T11:00:35.957391,5.2,14.9,2100.0
2026-02-08T11:00:36.483392,10.7,14.9,2100.0
2026-02-08T11:00:36.984200,6.6,14.9,2100.0
2026-02-08T11:00:37.484945,9.1,14.9,2100.0
2026-02-08T11:00:37.985788,6.4,14.9,2100.0
2026-02-08T11:00:38.486479,13.7,14.9,2100.0
2026-02-08T11:00:38.987642,7.5,14.9,2100.0
2026-02-08T11:00:39.488243,9.9,14.9,2100.0
2026-02-08T11:00:39.989171,6.3,14.9,2100.0
2026-02-08T11:00:40.490048,8.6,14.9,2100.0
2026-02-08T11:00:40.991075,6.0,14.9,2100.0
2026-02-08T11:00:41.495425,9.6,14.9,2100.0
2026-02-08T11:00:41.996079,6.4,14.9,2100.0
2026-02-08T11:00:42.496781,8.5,14.9,2100.0
2026-02-08T11:00:42.997561,6.4,14.9,2100.0
2026-02-08T11:00:43.498002,15.0,14.9,2100.0
2026-02-08T11:00:43.998988,8.4,14.9,2100.0
2026-02-08T11:00:44.499750,14.5,14.9,2100.0
2026-02-08T11:00:45.000280,14.7,15.0,2100.0
2026-02-08T11:00:45.500897,14.2,15.0,2100.0
2026-02-08T11:00:46.001419,6.4,15.0,2100.0
2026-02-08T11:00:46.501871,20.9,15.0,2100.0
2026-02-08T11:00:47.002978,7.3,15.0,2100.0
2026-02-08T11:00:47.503552,13.6,15.0,2100.0
2026-02-08T11:00:48.004081,7.9,15.0,2100.0
2026-02-08T11:00:48.505533,11.9,15.0,2100.0
2026-02-08T11:00:49.006477,13.1,15.0,2100.0
2026-02-08T11:00:49.507056,8.6,15.0,2100.0
2026-02-08T11:00:50.007836,6.8,15.0,2100.0
2026-02-08T11:00:50.508807,8.8,15.0,2100.0
2026-02-08T11:00:51.010774,9.5,15.0,2100.0
2026-02-08T11:00:51.511364,8.4,15.0,2100.0
2026-02-08T11:00:52.011748,4.7,15.0,2100.0
2026-02-08T11:00:52.512793,9.5,15.0,2100.0
2026-02-08T11:00:53.013432,9.4,15.0,2100.0
2026-02-08T11:00:53.514334,11.1,15.0,2100.0
2026-02-08T11:00:54.015114,4.8,15.0,2100.0
2026-02-08T11:00:54.515956,10.7,15.0,2100.0
2026-02-08T11:00:55.016782,8.8,15.0,2100.0
2026-02-08T11:00:55.517348,13.5,15.0,2100.0
2026-02-08T11:00:56.017998,5.0,15.0,2100.0
2026-02-08T11:00:56.518828,10.7,15.0,2100.0
2026-02-08T11:00:57.019625,6.3,15.0,2100.0
2026-02-08T11:00:57.520952,11.1,15.0,2100.0
2026-02-08T11:00:58.021794,9.2,15.0,2100.0
2026-02-08T11:00:58.523019,8.3,14.9,2100.0
2026-02-08T11:00:59.023548,5.1,14.9,2100.0
2026-02-08T11:00:59.524670,7.0,14.9,2100.0
2026-02-08T11:01:00.025398,6.9,14.9,2100.0
2026-02-08T11:01:00.526718,6.9,14.9,2100.0
2026-02-08T11:01:01.027397,6.3,14.9,2100.0
2026-02-08T11:01:01.528456,10.4,14.9,2100.0
2026-02-08T11:01:02.029155,4.8,14.9,2100.0
2026-02-08T11:01:02.529841,9.8,14.9,2100.0
2026-02-08T11:01:03.030343,5.1,14.9,2100.0
2026-02-08T11:01:03.531232,9.1,14.9,2100.0
2026-02-08T11:01:04.031813,4.9,14.9,2100.0
2026-02-08T11:01:04.532420,6.7,14.9,2100.0
2026-02-08T11:01:05.033090,5.0,14.9,2100.0
2026-02-08T11:01:05.533485,8.0,14.9,2100.0
2026-02-08T11:01:06.033995,6.1,14.9,2100.0
2026-02-08T11:01:06.534701,10.7,14.9,2100.0
2026-02-08T11:01:07.035230,5.5,14.9,2100.0
2026-02-08T11:01:07.536029,7.8,14.9,2100.0
2026-02-08T11:01:08.036519,5.0,15.0,2100.0
2026-02-08T11:01:08.538145,7.6,15.0,2100.0
2026-02-08T11:01:09.039122,4.1,15.0,2100.0
2026-02-08T11:01:09.539924,10.6,14.9,2100.0
2026-02-08T11:01:10.040743,6.9,14.9,2100.0
2026-02-08T11:01:10.541437,12.8,15.0,2100.0
2026-02-08T11:01:11.044121,11.2,15.0,2100.0
2026-02-08T11:01:11.545710,7.2,15.0,2100.0
2026-02-08T11:01:12.046431,5.6,15.0,2100.0
2026-02-08T11:01:12.546938,12.4,15.0,2100.0
2026-02-08T11:01:13.047793,5.5,15.0,2100.0
2026-02-08T11:01:13.548426,7.4,15.0,2100.0
2026-02-08T11:01:14.048942,9.0,15.0,2100.0
2026-02-08T11:01:14.549691,10.6,15.0,2100.0
2026-02-08T11:01:15.050285,6.5,15.0,2100.0
2026-02-08T11:01:15.551075,8.5,15.0,2100.0
2026-02-08T11:01:16.051954,9.2,15.0,2100.0
2026-02-08T11:01:16.552639,23.1,15.0,2100.0
2026-02-08T11:01:17.053272,8.9,15.0,2100.0
2026-02-08T11:01:17.553927,8.8,15.0,2100.0
2026-02-08T11:01:18.060652,6.4,15.0,2100.0
2026-02-08T11:01:18.561373,7.6,15.0,2100.0
2026-02-08T11:01:19.061922,6.6,15.0,2100.0
2026-02-08T11:01:19.562619,7.8,15.0,2100.0
2026-02-08T11:01:20.063260,5.2,15.0,2100.0
2026-02-08T11:01:20.563826,7.2,15.0,2100.0
2026-02-08T11:01:21.064675,5.9,15.0,2100.0
2026-02-08T11:01:21.565531,10.4,15.0,2100.0
2026-02-08T11:01:22.066364,6.6,15.0,2100.0
2026-02-08T11:01:22.567286,13.8,15.0,2100.0
2026-02-08T11:01:23.067924,7.9,15.0,2100.0
2026-02-08T11:01:23.568647,8.7,15.0,2100.0
2026-02-08T11:01:24.069094,6.7,15.0,2100.0
2026-02-08T11:01:24.570190,6.8,15.0,2100.0
2026-02-08T11:01:25.071094,7.1,15.0,2100.0
2026-02-08T11:01:25.571502,8.2,15.0,2100.0
2026-02-08T11:01:26.072040,6.5,15.0,2100.0
2026-02-08T11:01:26.572776,8.9,14.9,2100.0
2026-02-08T11:01:27.073520,6.4,14.9,2100.0
2026-02-08T11:01:27.575422,7.5,14.9,2100.0
2026-02-08T11:01:28.076242,6.2,14.9,2100.0
2026-02-08T11:01:28.577368,5.9,14.9,2100.0
2026-02-08T11:01:29.078445,4.8,14.9,2100.0
2026-02-08T11:01:29.578883,6.8,14.9,2100.0
2026-02-08T11:01:30.079652,8.4,14.9,2100.0
2026-02-08T11:01:30.580071,12.1,14.9,2100.0
2026-02-08T11:01:31.081055,10.0,14.9,2100.0
2026-02-08T11:01:31.582090,5.9,14.9,2100.0
2026-02-08T11:01:32.082966,7.0,14.9,2100.0
2026-02-08T11:01:32.583370,7.8,14.9,2100.0
2026-02-08T11:01:33.084134,6.6,14.9,2100.0
2026-02-08T11:01:33.585127,7.2,14.9,2100.0
2026-02-08T11:01:34.086126,7.1,14.8,2100.0
2026-02-08T11:01:34.586895,6.9,14.8,2100.0
2026-02-08T11:01:35.087526,6.7,14.9,2100.0
2026-02-08T11:01:35.588595,6.7,14.9,2100.0
2026-02-08T11:01:36.089569,8.5,14.9,2100.0
2026-02-08T11:01:36.590465,12.3,14.9,2100.0
2026-02-08T11:01:37.091114,7.4,14.9,2100.0
2026-02-08T11:01:37.592312,10.1,14.9,2100.0
2026-02-08T11:01:38.092767,5.8,14.9,2100.0
2026-02-08T11:01:38.595056,9.8,14.9,2100.0
2026-02-08T11:01:39.095762,6.2,14.8,2100.0
2026-02-08T11:01:39.596395,8.5,14.8,2100.0
2026-02-08T11:01:40.097169,5.0,14.8,2100.0
2026-02-08T11:01:40.598222,12.0,14.8,2100.0
2026-02-08T11:01:41.098721,10.9,14.8,2100.0
2026-02-08T11:01:41.599353,11.9,14.9,2100.0
2026-02-08T11:01:42.100016,5.4,14.8,2100.0
2026-02-08T11:01:42.600632,11.5,14.8,2100.0
2026-02-08T11:01:43.101505,6.5,14.8,2100.0
2026-02-08T11:01:43.602913,7.7,14.8,2100.0
2026-02-08T11:01:44.103941,5.7,14.9,2100.0
2026-02-08T11:01:44.604589,9.9,14.9,2100.0
2026-02-08T11:01:45.105304,7.4,14.9,2100.0
2026-02-08T11:01:45.605839,12.9,14.9,2100.0
2026-02-08T11:01:46.107091,5.5,14.9,2100.0
2026-02-08T11:01:46.607571,6.9,14.9,2100.0
2026-02-08T11:01:47.114585,9.9,14.9,2100.0
2026-02-08T11:01:47.615586,8.7,14.9,2100.0
2026-02-08T11:01:48.116123,4.4,14.9,2100.0
2026-02-08T11:01:48.616597,5.7,14.9,2100.0
2026-02-08T11:01:49.117469,7.3,14.9,2100.0
2026-02-08T11:01:49.618034,7.6,14.9,2100.0
2026-02-08T11:01:50.119684,4.9,14.9,2100.0
2026-02-08T11:01:50.620580,7.0,14.9,2100.0
2026-02-08T11:01:51.121205,7.6,14.9,2100.0
2026-02-08T11:01:51.637567,10.2,14.9,2100.0
2026-02-08T11:01:52.138345,4.0,14.9,2100.0
2026-02-08T11:01:52.639203,10.7,14.9,2100.0
2026-02-08T11:01:53.139930,5.2,14.9,2100.0
2026-02-08T11:01:53.640736,6.7,14.9,2100.0
2026-02-08T11:01:54.141611,3.2,14.9,2100.0
2026-02-08T11:01:54.642586,12.1,14.9,2100.0
2026-02-08T11:01:55.143553,6.5,14.9,2100.0
2026-02-08T11:01:55.644269,7.0,14.9,2100.0
2026-02-08T11:01:56.144882,5.9,14.9,2100.0
2026-02-08T11:01:56.645729,6.8,14.9,2100.0
2026-02-08T11:01:57.202821,8.8,14.9,2100.0
2026-02-08T11:01:57.705170,8.3,14.9,2100.0
2026-02-08T11:01:58.205761,7.0,14.9,2100.0
2026-02-08T11:01:58.706550,8.6,14.9,2100.0
2026-02-08T11:01:59.207397,7.5,14.9,2100.0
2026-02-08T11:01:59.708008,8.7,14.9,2100.0
2026-02-08T11:02:00.208809,7.7,14.9,2100.0
2026-02-08T11:02:00.709441,11.1,14.9,2100.0
2026-02-08T11:02:01.210173,6.9,14.9,2100.0
2026-02-08T11:02:01.710891,9.1,14.9,2100.0
2026-02-08T11:02:02.211620,4.2,14.8,2100.0
2026-02-08T11:02:02.712188,11.3,14.8,2100.0
2026-02-08T11:02:03.212805,8.7,14.8,2100.0
2026-02-08T11:02:03.713751,18.0,14.8,2100.0
2026-02-08T11:02:04.214966,4.0,14.8,2100.0
2026-02-08T11:02:04.715860,13.1,14.8,2100.0
2026-02-08T11:02:05.216311,5.1,14.8,2100.0
2026-02-08T11:02:05.717190,9.6,14.8,2100.0
2026-02-08T11:02:06.218446,7.3,14.8,2100.0
2026-02-08T11:02:06.719305,15.0,14.9,2100.0
2026-02-08T11:02:07.220955,14.8,14.9,2100.0
2026-02-08T11:02:07.721577,9.4,14.9,2100.0
2026-02-08T11:02:08.222083,6.5,14.9,2100.0
2026-02-08T11:02:08.722846,9.8,14.9,2100.0
2026-02-08T11:02:09.223984,7.6,14.9,2100.0
2026-02-08T11:02:09.724802,12.1,14.9,2100.0
2026-02-08T11:02:10.225631,12.7,14.9,2100.0
2026-02-08T11:02:10.726906,7.0,14.9,2100.0
2026-02-08T11:02:11.227543,6.9,14.9,2100.0
2026-02-08T11:02:11.728412,9.6,14.9,2100.0
2026-02-08T11:02:12.228910,6.6,14.9,2100.0
2026-02-08T11:02:12.729530,5.2,14.9,2100.0
2026-02-08T11:02:13.230382,7.1,14.9,2100.0
2026-02-08T11:02:13.730815,7.4,14.9,2100.0
2026-02-08T11:02:14.231754,5.2,14.9,2100.0
2026-02-08T11:02:14.733120,6.2,14.9,2100.0
2026-02-08T11:02:15.234115,8.1,14.9,2100.0
2026-02-08T11:02:15.735195,7.0,14.9,2100.0
2026-02-08T11:02:16.235679,8.7,14.9,2100.0
2026-02-08T11:02:16.736394,9.0,14.9,2100.0
2026-02-08T11:02:17.236998,7.0,14.9,2100.0
2026-02-08T11:02:17.737672,7.9,14.9,2100.0
2026-02-08T11:02:18.239073,6.0,14.9,2100.0
2026-02-08T11:02:18.739812,6.9,14.9,2100.0
2026-02-08T11:02:19.241244,6.7,14.9,2100.0
2026-02-08T11:02:19.741874,4.8,14.9,2100.0
2026-02-08T11:02:20.242215,7.4,14.9,2100.0
2026-02-08T11:02:20.743328,6.5,14.9,2100.0
2026-02-08T11:02:21.243984,12.1,14.9,2100.0
2026-02-08T11:02:21.744632,9.2,14.9,2100.0
2026-02-08T11:02:22.245085,10.8,14.9,2100.0
2026-02-08T11:02:22.745934,9.2,14.9,2100.0
2026-02-08T11:02:23.246763,8.6,14.9,2100.0
2026-02-08T11:02:23.747360,8.6,14.9,2100.0
2026-02-08T11:02:24.247877,9.9,14.9,2100.0
2026-02-08T11:02:24.748511,7.1,14.9,2100.0
2026-02-08T11:02:25.249429,9.4,14.9,2100.0
2026-02-08T11:02:25.753576,7.7,14.9,2100.0
2026-02-08T11:02:26.254403,8.6,14.9,2100.0
2026-02-08T11:02:26.755314,8.0,14.9,2100.0
2026-02-08T11:02:27.258062,10.5,14.9,2100.0
2026-02-08T11:02:27.758637,6.6,14.8,2100.0
2026-02-08T11:02:28.259539,6.7,14.8,2100.0
2026-02-08T11:02:28.760343,7.6,14.8,2100.0
2026-02-08T11:02:29.261059,7.7,14.8,2100.0
2026-02-08T11:02:29.761422,5.7,14.8,2100.0
2026-02-08T11:02:30.262379,5.6,14.8,2100.0
2026-02-08T11:02:30.763107,5.9,14.8,2100.0
2026-02-08T11:02:31.263541,6.2,14.8,2100.0
2026-02-08T11:02:31.764126,8.7,14.8,2100.0
2026-02-08T11:02:32.264691,6.4,14.8,2100.0
2026-02-08T11:02:32.765441,13.3,14.8,2100.0
2026-02-08T11:02:33.265983,4.9,14.8,2100.0
2026-02-08T11:02:33.767166,8.7,14.8,2100.0
2026-02-08T11:02:34.267858,5.4,14.8,2100.0
2026-02-08T11:02:34.768439,7.1,14.8,2100.0
2026-02-08T11:02:35.269357,6.2,14.8,2100.0
2026-02-08T11:02:35.770769,8.0,14.8,2100.0
2026-02-08T11:02:36.271341,8.9,14.8,2100.0
2026-02-08T11:02:36.771899,11.8,14.8,2100.0
2026-02-08T11:02:37.272680,11.8,14.9,2100.0
2026-02-08T11:02:37.773272,12.7,14.9,2100.0
2026-02-08T11:02:38.273760,4.6,14.9,2100.0
2026-02-08T11:02:38.774490,6.7,14.9,2100.0
2026-02-08T11:02:39.275077,5.0,14.9,2100.0
2026-02-08T11:02:39.776102,9.7,14.9,2100.0
2026-02-08T11:02:40.276499,8.3,14.9,2100.0
2026-02-08T11:02:40.777526,9.6,14.9,2100.0
2026-02-08T11:02:41.278246,6.4,14.9,2100.0
2026-02-08T11:02:41.778787,6.8,14.9,2100.0
2026-02-08T11:02:42.279268,6.4,14.9,2100.0
2026-02-08T11:02:42.779959,13.1,14.9,2100.0
2026-02-08T11:02:43.280399,5.8,14.9,2100.0
2026-02-08T11:02:43.780780,11.9,14.9,2100.0
2026-02-08T11:02:44.281412,5.5,14.9,2100.0
2026-02-08T11:02:44.781830,9.6,14.9,2100.0
2026-02-08T11:02:45.283738,7.0,14.9,2100.0
2026-02-08T11:02:45.784404,11.4,14.9,2100.0
2026-02-08T11:02:46.285981,6.0,14.9,2100.0
2026-02-08T11:02:46.786604,13.3,14.9,2100.0
2026-02-08T11:02:47.287032,6.0,14.9,2100.0
2026-02-08T11:02:47.787965,7.7,14.9,2100.0
2026-02-08T11:02:48.288361,9.9,14.9,2100.0
2026-02-08T11:02:48.789074,9.4,14.9,2100.0
2026-02-08T11:02:49.289544,6.6,14.9,2100.0
2026-02-08T11:02:49.790123,5.0,14.9,2100.0
2026-02-08T11:02:50.291050,12.1,14.9,2100.0
2026-02-08T11:02:50.791472,7.7,14.9,2100.0
2026-02-08T11:02:51.292093,5.5,14.9,2100.0
2026-02-08T11:02:51.792724,7.3,14.9,2100.0
2026-02-08T11:02:52.293758,7.9,14.9,2100.0
2026-02-08T11:02:52.794473,5.9,14.9,2100.0
2026-02-08T11:02:53.295097,8.2,14.9,2100.0
2026-02-08T11:02:53.795775,10.9,14.9,2100.0
2026-02-08T11:02:54.296319,10.6,14.9,2100.0
2026-02-08T11:02:54.797196,9.6,14.9,2100.0
2026-02-08T11:02:55.297802,7.4,15.0,2100.0
2026-02-08T11:02:55.799806,11.0,15.0,2100.0
2026-02-08T11:02:56.300685,7.7,15.0,2100.0
2026-02-08T11:02:56.801761,6.1,14.9,2100.0
2026-02-08T11:02:57.302906,8.9,14.9,2100.0
2026-02-08T11:02:57.803618,8.4,14.9,2100.0
2026-02-08T11:02:58.304660,6.3,14.9,2100.0
2026-02-08T11:02:58.805858,15.2,14.9,2100.0
2026-02-08T11:02:59.306687,5.5,14.9,2100.0
2026-02-08T11:02:59.807630,6.4,14.9,2100.0
2026-02-08T11:03:00.308459,6.4,14.9,2100.0
2026-02-08T11:03:00.809002,13.9,14.9,2100.0
2026-02-08T11:03:01.309663,7.4,14.9,2100.0
2026-02-08T11:03:01.810359,7.2,14.9,2100.0
2026-02-08T11:03:02.310788,7.8,14.9,2100.0
2026-02-08T11:03:02.811511,5.0,14.9,2100.0
2026-02-08T11:03:03.312362,5.9,14.9,2100.0
2026-02-08T11:03:03.813355,7.7,14.9,2100.0
2026-02-08T11:03:04.313826,9.3,14.9,2100.0
2026-02-08T11:03:04.814406,13.1,14.9,2100.0
2026-02-08T11:03:05.315627,10.0,14.9,2100.0
2026-02-08T11:03:05.816316,9.6,14.9,2100.0
2026-02-08T11:03:06.317584,11.5,14.9,2100.0
2026-02-08T11:03:06.819215,8.8,14.9,2100.0
2026-02-08T11:03:07.320407,7.6,14.9,2100.0
2026-02-08T11:03:07.821138,9.1,14.9,2100.0
2026-02-08T11:03:08.322108,6.5,14.9,2100.0
2026-02-08T11:03:08.823346,10.0,14.9,2100.0
2026-02-08T11:03:09.324550,6.4,14.9,2100.0
2026-02-08T11:03:09.825096,7.4,14.9,2100.0
2026-02-08T11:03:10.325881,13.5,14.9,2100.0
2026-02-08T11:03:10.826676,6.7,14.9,2100.0
2026-02-08T11:03:11.327115,13.7,14.9,2100.0
2026-02-08T11:03:11.827681,9.0,14.9,2100.0
2026-02-08T11:03:12.328909,8.8,14.9,2100.0
2026-02-08T11:03:12.829401,9.3,14.9,2100.0
2026-02-08T11:03:13.329939,6.9,14.9,2100.0
2026-02-08T11:03:13.830451,7.9,14.9,2100.0
2026-02-08T11:03:14.331898,5.5,14.9,2100.0
2026-02-08T11:03:14.832790,7.5,14.9,2100.0
2026-02-08T11:03:15.333273,5.8,14.9,2100.0
2026-02-08T11:03:15.833744,7.9,14.9,2100.0
2026-02-08T11:03:16.334429,4.4,14.9,2100.0
2026-02-08T11:03:16.835480,8.1,14.9,2100.0
2026-02-08T11:03:17.336354,6.1,14.9,2100.0
2026-02-08T11:03:17.837768,7.5,14.9,2100.0
2026-02-08T11:03:18.338659,7.9,14.9,2100.0
2026-02-08T11:03:18.839372,8.8,14.9,2100.0
2026-02-08T11:03:19.340312,3.9,14.9,2100.0
2026-02-08T11:03:19.840822,9.4,14.9,2100.0
2026-02-08T11:03:20.341327,5.4,14.9,2100.0
2026-02-08T11:03:20.842091,9.4,14.9,2100.0
2026-02-08T11:03:21.342889,6.4,14.9,2100.0
2026-02-08T11:03:21.843439,5.2,14.9,2100.0
2026-02-08T11:03:22.344344,9.1,14.9,2100.0
2026-02-08T11:03:22.844916,9.5,14.9,2100.0
2026-02-08T11:03:23.345710,6.0,14.9,2100.0
2026-02-08T11:03:23.846536,7.6,14.9,2100.0
2026-02-08T11:03:24.348117,6.4,14.9,2100.0
2026-02-08T11:03:24.849403,7.2,14.9,2100.0
2026-02-08T11:03:25.350283,6.0,14.9,2100.0
2026-02-08T11:03:25.851081,12.2,14.9,2100.0
2026-02-08T11:03:26.351844,4.8,14.9,2100.0
2026-02-08T11:03:26.853254,11.5,14.9,2100.0
2026-02-08T11:03:27.353908,5.8,14.8,2100.0
2026-02-08T11:03:27.854500,9.7,14.8,2100.0
2026-02-08T11:03:28.355389,6.6,14.8,2100.0
2026-02-08T11:03:28.855724,7.4,14.8,2100.0
2026-02-08T11:03:29.356359,9.8,14.8,2100.0
2026-02-08T11:03:29.857097,14.0,14.8,2100.0
2026-02-08T11:03:30.357636,8.4,14.8,2100.0
2026-02-08T11:03:30.858092,8.4,14.8,2100.0
2026-02-08T11:03:31.358683,4.8,14.8,2100.0
2026-02-08T11:03:31.859440,9.0,14.8,2100.0
2026-02-08T11:03:32.360109,8.4,14.8,2100.0
2026-02-08T11:03:32.860643,11.1,14.8,2100.0
2026-02-08T11:03:33.361537,7.8,14.8,2100.0
2026-02-08T11:03:33.862002,5.9,14.8,2100.0
2026-02-08T11:03:34.363101,5.3,14.8,2100.0
2026-02-08T11:03:34.864398,8.8,14.8,2100.0
2026-02-08T11:03:35.364863,7.0,14.8,2100.0
2026-02-08T11:03:35.865487,9.6,14.8,2100.0
2026-02-08T11:03:36.365856,4.3,14.8,2100.0
2026-02-08T11:03:36.868075,10.0,14.8,2100.0
2026-02-08T11:03:37.368785,5.5,14.8,2100.0
2026-02-08T11:03:37.870240,11.6,14.8,2100.0
2026-02-08T11:03:38.370887,6.6,14.8,2100.0
2026-02-08T11:03:38.871655,10.2,14.8,2100.0
2026-02-08T11:03:39.372560,6.3,14.8,2100.0
2026-02-08T11:03:39.873319,7.6,14.8,2100.0
2026-02-08T11:03:40.373878,6.6,14.8,2100.0
2026-02-08T11:03:40.874532,10.3,14.8,2100.0
2026-02-08T11:03:41.375265,5.6,14.8,2100.0
2026-02-08T11:03:41.876108,6.2,14.8,2100.0
2026-02-08T11:03:42.377011,5.8,14.8,2100.0
2026-02-08T11:03:42.877361,7.2,14.8,2100.0
2026-02-08T11:03:43.378344,6.0,14.8,2100.0
2026-02-08T11:03:43.879112,6.2,14.8,2100.0
2026-02-08T11:03:44.380310,10.0,14.8,2100.0
2026-02-08T11:03:44.881136,6.0,14.8,2100.0
2026-02-08T11:03:45.381775,5.9,14.8,2100.0
2026-02-08T11:03:45.882671,8.0,14.8,2100.0
2026-02-08T11:03:46.383152,5.0,14.8,2100.0
2026-02-08T11:03:46.884102,8.9,14.8,2100.0
2026-02-08T11:03:47.385664,7.5,14.8,2100.0
2026-02-08T11:03:47.886082,9.2,14.8,2100.0
2026-02-08T11:03:48.387135,8.2,14.8,2100.0
2026-02-08T11:03:48.888715,8.6,14.8,2100.0
2026-02-08T11:03:49.389179,6.1,14.8,2100.0
2026-02-08T11:03:49.889978,9.5,14.8,2100.0
2026-02-08T11:03:50.390829,10.1,14.8,2100.0
2026-02-08T11:03:50.891554,7.1,14.8,2100.0
2026-02-08T11:03:51.392356,4.9,14.8,2100.0
2026-02-08T11:03:51.893050,9.2,14.8,2100.0
2026-02-08T11:03:52.393555,6.9,14.8,2100.0
2026-02-08T11:03:52.894016,7.7,14.8,2100.0
2026-02-08T11:03:53.394689,10.2,14.8,2100.0
2026-02-08T11:03:53.895080,6.9,14.8,2100.0
2026-02-08T11:03:54.396739,8.4,14.8,2100.0
2026-02-08T11:03:54.897391,6.3,14.8,2100.0
2026-02-08T11:03:55.397983,9.0,14.8,2100.0
2026-02-08T11:03:55.898880,7.2,14.8,2100.0
2026-02-08T11:03:56.399982,7.7,14.8,2100.0
2026-02-08T11:03:56.900766,12.6,14.8,2100.0
2026-02-08T11:03:57.401441,8.6,14.8,2100.0
2026-02-08T11:03:57.902269,6.0,14.8,2100.0
2026-02-08T11:03:58.403225,8.3,14.8,2100.0
2026-02-08T11:03:58.903776,5.6,14.8,2100.0
2026-02-08T11:03:59.404628,8.0,14.8,2100.0
2026-02-08T11:03:59.905040,9.3,14.8,2100.0
2026-02-08T11:04:00.408017,6.1,14.8,2100.0
2026-02-08T11:04:00.908631,11.8,14.8,2100.0
2026-02-08T11:04:01.409435,8.0,14.9,2100.0
2026-02-08T11:04:01.910239,14.3,14.9,2100.0
2026-02-08T11:04:02.410868,4.7,14.9,2100.0
2026-02-08T11:04:02.911722,6.7,14.9,2100.0
2026-02-08T11:04:03.412460,5.3,14.9,2100.0
2026-02-08T11:04:03.913365,5.0,14.9,2100.0
2026-02-08T11:04:04.414715,7.6,14.8,2100.0
2026-02-08T11:04:04.915577,8.1,14.8,2100.0
2026-02-08T11:04:05.416108,6.5,14.8,2100.0
2026-02-08T11:04:05.917360,11.6,14.8,2100.0
2026-02-08T11:04:06.417778,4.4,14.8,2100.0
2026-02-08T11:04:06.918316,12.5,14.9,2100.0
2026-02-08T11:04:07.419030,9.9,14.9,2100.0
2026-02-08T11:04:07.919835,18.3,14.9,2100.0
2026-02-08T11:04:08.420900,7.5,14.9,2100.0
2026-02-08T11:04:08.921684,21.3,14.9,2100.0
2026-02-08T11:04:09.422500,5.8,14.9,2100.0
2026-02-08T11:04:09.923259,8.7,14.9,2100.0
2026-02-08T11:04:10.423721,8.5,14.9,2100.0
2026-02-08T11:04:10.924303,10.5,14.9,2100.0
2026-02-08T11:04:11.425223,5.3,14.9,2100.0
2026-02-08T11:04:11.926007,12.7,14.9,2100.0
2026-02-08T11:04:12.426580,6.6,14.9,2100.0
2026-02-08T11:04:12.927164,7.6,14.9,2100.0
2026-02-08T11:04:13.428082,6.0,14.9,2100.0
2026-02-08T11:04:13.928723,6.7,14.9,2100.0
2026-02-08T11:04:14.429339,7.5,14.9,2100.0
2026-02-08T11:04:14.930208,7.5,14.9,2100.0
2026-02-08T11:04:15.431671,6.2,14.9,2100.0
2026-02-08T11:04:15.932402,10.1,14.9,2100.0
2026-02-08T11:04:16.432864,5.3,14.9,2100.0
2026-02-08T11:04:16.933303,10.0,14.9,2100.0
2026-02-08T11:04:17.434403,5.6,14.9,2100.0
2026-02-08T11:04:17.935202,7.4,14.9,2100.0
2026-02-08T11:04:18.435657,6.6,14.9,2100.0
2026-02-08T11:04:18.936260,8.6,14.9,2100.0
2026-02-08T11:04:19.437006,5.4,14.9,2100.0
2026-02-08T11:04:19.937906,6.6,14.9,2100.0
2026-02-08T11:04:20.438714,7.9,14.9,2100.0
2026-02-08T11:04:20.939599,8.3,14.9,2100.0
2026-02-08T11:04:21.440016,5.0,14.9,2100.0
2026-02-08T11:04:21.941409,6.4,14.9,2100.0
2026-02-08T11:04:22.442053,8.4,14.9,2100.0
2026-02-08T11:04:22.942863,7.4,14.9,2100.0
2026-02-08T11:04:23.443445,8.7,14.9,2100.0
2026-02-08T11:04:23.944036,5.4,14.9,2100.0
2026-02-08T11:04:24.445779,12.0,14.9,2100.0
2026-02-08T11:04:24.946523,9.9,14.9,2100.0
2026-02-08T11:04:25.447464,7.6,14.9,2100.0
2026-02-08T11:04:25.949070,5.1,14.9,2100.0
2026-02-08T11:04:26.450251,8.4,14.9,2100.0
2026-02-08T11:04:26.950800,11.7,14.9,2100.0
2026-02-08T11:04:27.451663,4.9,14.9,2100.0
2026-02-08T11:04:27.952356,7.7,14.9,2100.0
2026-02-08T11:04:28.452943,13.1,14.9,2100.0
2026-02-08T11:04:28.953697,10.1,14.9,2100.0
2026-02-08T11:04:29.454672,11.4,14.9,2100.0
2026-02-08T11:04:29.955151,8.8,14.9,2100.0
2026-02-08T11:04:30.455691,16.0,14.9,2100.0
2026-02-08T11:04:30.956155,5.5,14.9,2100.0
2026-02-08T11:04:31.456901,7.2,14.9,2100.0
2026-02-08T11:04:31.957429,14.7,14.9,2100.0
2026-02-08T11:04:32.458211,8.4,14.9,2100.0
2026-02-08T11:04:32.959255,7.5,14.9,2100.0
2026-02-08T11:04:33.460137,8.7,14.9,2100.0
2026-02-08T11:04:33.961351,6.2,14.9,2100.0
2026-02-08T11:04:34.462129,9.4,14.9,2100.0
2026-02-08T11:04:34.962705,6.3,14.9,2100.0
2026-02-08T11:04:35.464128,11.0,14.9,2100.0
2026-02-08T11:04:35.964829,5.1,14.9,2100.0
2026-02-08T11:04:36.465198,10.5,14.9,2100.0
2026-02-08T11:04:36.966014,7.4,14.9,2100.0
2026-02-08T11:04:37.467186,16.3,14.8,2100.0
2026-02-08T11:04:37.967875,9.8,14.8,2100.0
2026-02-08T11:04:38.468701,6.6,14.8,2100.0
2026-02-08T11:04:38.969657,5.0,14.8,2100.0
2026-02-08T11:04:39.470277,9.8,14.8,2100.0
2026-02-08T11:04:39.970989,4.3,14.8,2100.0
2026-02-08T11:04:40.471826,11.5,14.8,2100.0
2026-02-08T11:04:40.972757,4.8,14.8,2100.0
2026-02-08T11:04:41.473600,10.1,14.8,2100.0
2026-02-08T11:04:41.974049,6.9,14.8,2100.0
2026-02-08T11:04:42.476152,9.1,14.8,2100.0
2026-02-08T11:04:42.978199,6.0,14.8,2100.0
2026-02-08T11:04:43.479067,8.0,14.8,2100.0
2026-02-08T11:04:43.979607,5.7,14.8,2100.0
2026-02-08T11:04:44.480331,9.7,14.8,2100.0
2026-02-08T11:04:44.981564,5.0,14.8,2100.0
2026-02-08T11:04:45.482220,12.6,14.8,2100.0
2026-02-08T11:04:45.982914,4.2,14.8,2100.0
2026-02-08T11:04:46.486522,4.8,14.8,2100.0
2026-02-08T11:04:46.987217,5.7,14.8,2100.0
2026-02-08T11:04:47.487608,8.1,14.8,2100.0
2026-02-08T11:04:47.988274,5.1,14.8,2100.0
2026-02-08T11:04:48.488872,11.7,14.8,2100.0
2026-02-08T11:04:48.989329,7.0,14.8,2100.0
2026-02-08T11:04:49.490271,9.1,14.8,2100.0
2026-02-08T11:04:49.990850,3.4,14.8,2100.0
2026-02-08T11:04:50.491680,7.8,14.8,2100.0
2026-02-08T11:04:50.992152,7.4,14.8,2100.0
2026-02-08T11:04:51.493037,6.3,14.8,2100.0
2026-02-08T11:04:51.993999,8.6,14.8,2100.0
2026-02-08T11:04:52.494745,10.1,14.8,2100.0
2026-02-08T11:04:52.995377,8.8,14.8,2100.0
2026-02-08T11:04:53.496570,8.4,14.8,2100.0
2026-02-08T11:04:53.997201,5.8,14.8,2100.0
2026-02-08T11:04:54.498230,7.2,14.8,2100.0
2026-02-08T11:04:54.999833,5.1,14.9,2100.0
2026-02-08T11:04:55.500333,7.1,14.8,2100.0
2026-02-08T11:04:56.000987,7.9,14.9,2100.0
2026-02-08T11:04:56.501641,6.8,14.8,2100.0
2026-02-08T11:04:57.002287,7.7,14.8,2100.0
2026-02-08T11:04:57.502951,6.7,14.8,2100.0
2026-02-08T11:04:58.003447,11.6,14.8,2100.0
2026-02-08T11:04:58.504065,7.7,14.8,2100.0
2026-02-08T11:04:59.004725,4.8,14.8,2100.0
2026-02-08T11:04:59.505502,9.2,14.8,2100.0
2026-02-08T11:05:00.005844,12.4,14.8,2100.0
2026-02-08T11:05:00.510329,7.1,14.8,2100.0
2026-02-08T11:05:01.011868,10.2,14.8,2100.0
2026-02-08T11:05:01.512398,10.3,14.8,2100.0
2026-02-08T11:05:02.013153,20.1,14.9,2100.0
2026-02-08T11:05:02.514054,5.5,14.9,2100.0
2026-02-08T11:05:03.014873,10.2,14.9,2100.0
2026-02-08T11:05:03.516585,7.2,14.9,2100.0
2026-02-08T11:05:04.017741,7.8,14.9,2100.0
2026-02-08T11:05:04.518479,11.7,14.9,2100.0
2026-02-08T11:05:05.019026,13.0,14.9,2100.0
2026-02-08T11:05:05.519848,6.3,14.9,2100.0
2026-02-08T11:05:06.020460,11.8,14.9,2100.0
2026-02-08T11:05:06.520873,7.1,14.9,2100.0
2026-02-08T11:05:07.021458,7.6,14.9,2100.0
2026-02-08T11:05:07.522022,6.2,14.9,2100.0
2026-02-08T11:05:08.024635,6.7,14.9,2100.0
2026-02-08T11:05:08.525454,6.7,14.9,2100.0
2026-02-08T11:05:09.026402,8.0,14.9,2100.0
2026-02-08T11:05:09.528543,6.3,14.9,2100.0
2026-02-08T11:05:10.031356,10.2,14.9,2100.0
2026-02-08T11:05:10.532368,9.5,14.9,2100.0
2026-02-08T11:05:11.033103,5.7,14.9,2100.0
2026-02-08T11:05:11.533628,13.0,14.9,2100.0
2026-02-08T11:05:12.034313,7.1,14.9,2100.0
2026-02-08T11:05:12.535056,8.6,14.9,2100.0
2026-02-08T11:05:13.035456,8.8,14.9,2100.0
2026-02-08T11:05:13.536059,8.6,14.9,2100.0
2026-02-08T11:05:14.036504,7.5,14.9,2100.0
2026-02-08T11:05:14.537406,13.3,14.9,2100.0
2026-02-08T11:05:15.038256,6.3,14.9,2100.0
2026-02-08T11:05:15.538815,8.9,14.9,2100.0
2026-02-08T11:05:16.039818,9.6,14.9,2100.0
2026-02-08T11:05:16.540640,11.0,14.9,2100.0
2026-02-08T11:05:17.041403,8.3,14.9,2100.0
2026-02-08T11:05:17.542824,7.1,14.9,2100.0
2026-02-08T11:05:18.043597,9.1,14.9,2100.0
2026-02-08T11:05:18.544205,10.6,14.9,2100.0
2026-02-08T11:05:19.045171,9.8,14.9,2100.0
2026-02-08T11:05:19.545992,10.2,14.9,2100.0
2026-02-08T11:05:20.051336,5.6,14.9,2100.0
2026-02-08T11:05:20.551927,12.0,14.9,2100.0
2026-02-08T11:05:21.052417,6.1,14.9,2100.0
2026-02-08T11:05:21.553086,7.3,14.9,2100.0
2026-02-08T11:05:22.053964,10.6,14.9,2100.0
2026-02-08T11:05:22.554484,10.6,14.9,2100.0
2026-02-08T11:05:23.055238,6.4,14.9,2100.0
2026-02-08T11:05:23.555780,9.2,14.9,2100.0
2026-02-08T11:05:24.056530,6.4,14.9,2100.0
2026-02-08T11:05:24.557040,8.9,14.9,2100.0
2026-02-08T11:05:25.057579,9.0,14.9,2100.0
2026-02-08T11:05:25.558673,13.5,14.9,2100.0
2026-02-08T11:05:26.060465,6.5,14.9,2100.0
2026-02-08T11:05:26.561828,7.9,14.9,2100.0
2026-02-08T11:05:27.062534,5.6,14.9,2100.0
2026-02-08T11:05:27.563136,7.2,14.9,2100.0
2026-02-08T11:05:28.064512,10.1,14.9,2100.0
2026-02-08T11:05:28.565037,7.3,14.9,2100.0
2026-02-08T11:05:29.065853,5.2,14.8,2100.0
2026-02-08T11:05:29.566595,11.6,14.8,2100.0
2026-02-08T11:05:30.067386,5.4,14.8,2100.0
2026-02-08T11:05:30.568269,9.1,14.8,2100.0
2026-02-08T11:05:31.069208,6.7,14.8,2100.0
2026-02-08T11:05:31.569874,7.0,14.8,2100.0
2026-02-08T11:05:32.070569,7.5,14.8,2100.0
2026-02-08T11:05:32.571325,8.6,14.8,2100.0
2026-02-08T11:05:33.071767,7.1,14.8,2100.0
2026-02-08T11:05:33.572264,8.9,14.8,2100.0
2026-02-08T11:05:34.073159,6.4,14.8,2100.0
2026-02-08T11:05:34.573978,6.9,14.8,2100.0
2026-02-08T11:05:35.075256,6.7,14.8,2100.0
2026-02-08T11:05:35.576522,8.6,14.8,2100.0
2026-02-08T11:05:36.077370,5.6,14.8,2100.0
2026-02-08T11:05:36.578573,9.0,14.8,2100.0
2026-02-08T11:05:37.079320,7.0,14.8,2100.0
2026-02-08T11:05:37.579719,9.1,14.8,2100.0
2026-02-08T11:05:38.080544,6.5,14.8,2100.0
2026-02-08T11:05:38.581138,9.4,14.8,2100.0
2026-02-08T11:05:39.082167,9.2,14.8,2100.0
2026-02-08T11:05:39.582918,11.9,14.8,2100.0
2026-02-08T11:05:40.083778,8.2,14.8,2100.0
2026-02-08T11:05:40.584382,7.5,14.8,2100.0
2026-02-08T11:05:41.084927,5.2,14.8,2100.0
2026-02-08T11:05:41.585541,12.1,14.8,2100.0
2026-02-08T11:05:42.086498,8.1,14.8,2100.0
2026-02-08T11:05:42.587190,9.7,14.8,2100.0
2026-02-08T11:05:43.087926,9.2,14.8,2100.0
2026-02-08T11:05:43.588669,7.1,14.8,2100.0
2026-02-08T11:05:44.089495,7.4,14.8,2100.0
2026-02-08T11:05:44.591156,8.9,14.8,2100.0
2026-02-08T11:05:45.092033,6.7,14.8,2100.0
2026-02-08T11:05:45.592922,8.1,14.8,2100.0
2026-02-08T11:05:46.093947,5.9,14.8,2100.0
2026-02-08T11:05:46.594763,8.7,14.8,2100.0
2026-02-08T11:05:47.095664,9.6,14.8,2100.0
2026-02-08T11:05:47.596609,6.5,14.8,2100.0
2026-02-08T11:05:48.097085,7.7,14.8,2100.0
2026-02-08T11:05:48.597708,6.4,14.8,2100.0
2026-02-08T11:05:49.098616,7.6,14.8,2100.0
2026-02-08T11:05:49.599206,7.0,14.8,2100.0
2026-02-08T11:05:50.099845,6.1,14.8,2100.0
2026-02-08T11:05:50.600783,8.0,14.8,2100.0
2026-02-08T11:05:51.101410,8.7,14.8,2100.0
2026-02-08T11:05:51.602054,5.6,14.8,2100.0
2026-02-08T11:05:52.102925,7.7,14.8,2100.0
2026-02-08T11:05:52.603660,7.9,14.8,2100.0
2026-02-08T11:05:53.104483,8.5,14.8,2100.0
2026-02-08T11:05:53.605115,6.2,14.8,2100.0
2026-02-08T11:05:54.105989,7.0,14.8,2100.0
2026-02-08T11:05:54.607756,9.2,14.8,2100.0
2026-02-08T11:05:55.113568,4.6,14.8,2100.0
2026-02-08T11:05:55.614274,7.0,14.8,2100.0
2026-02-08T11:05:56.115001,6.8,14.8,2100.0
2026-02-08T11:05:56.615819,6.2,14.8,2100.0
2026-02-08T11:05:57.116456,10.8,14.8,2100.0
2026-02-08T11:05:57.617347,6.2,14.8,2100.0
2026-02-08T11:05:58.118152,7.8,14.8,2100.0
2026-02-08T11:05:58.619267,9.1,14.8,2100.0
2026-02-08T11:05:59.120178,13.6,14.8,2100.0
2026-02-08T11:05:59.620980,18.3,14.9,2100.0
2026-02-08T11:06:00.121874,9.2,14.9,2100.0
2026-02-08T11:06:00.623456,8.8,14.9,2100.0
2026-02-08T11:06:01.124997,10.5,14.9,2100.0
2026-02-08T11:06:01.626154,7.3,14.9,2100.0
2026-02-08T11:06:02.126732,6.9,14.8,2100.0
2026-02-08T11:06:02.628272,7.5,14.8,2100.0
2026-02-08T11:06:03.129232,6.8,14.9,2100.0
2026-02-08T11:06:03.629658,7.6,14.9,2100.0
2026-02-08T11:06:04.130327,6.8,14.8,2100.0
2026-02-08T11:06:04.631050,12.7,14.8,2100.0
2026-02-08T11:06:05.131708,6.1,14.8,2100.0
2026-02-08T11:06:05.632239,6.8,14.8,2100.0
2026-02-08T11:06:06.132880,5.2,14.8,2100.0
2026-02-08T11:06:06.633317,7.0,14.8,2100.0
2026-02-08T11:06:07.134095,9.2,14.8,2100.0
2026-02-08T11:06:07.634661,10.4,14.8,2100.0
2026-02-08T11:06:08.135330,6.0,14.8,2100.0
2026-02-08T11:06:08.636048,7.3,14.8,2100.0
2026-02-08T11:06:09.136431,8.3,14.9,2100.0
2026-02-08T11:06:09.636849,9.2,14.9,2100.0
2026-02-08T11:06:10.137429,6.3,14.9,2100.0
2026-02-08T11:06:10.638437,7.3,14.9,2100.0
2026-02-08T11:06:11.139541,4.7,14.9,2100.0
2026-02-08T11:06:11.640419,6.4,14.9,2100.0
2026-02-08T11:06:12.141232,10.9,14.9,2100.0
2026-02-08T11:06:12.641580,7.4,14.9,2100.0
2026-02-08T11:06:13.142054,4.3,14.9,2100.0
2026-02-08T11:06:13.643155,9.6,14.9,2100.0
2026-02-08T11:06:14.143593,5.0,14.9,2100.0
2026-02-08T11:06:14.644280,10.3,14.9,2100.0
2026-02-08T11:06:15.147318,6.2,14.9,2100.0
2026-02-08T11:06:15.647968,7.1,14.9,2100.0
2026-02-08T11:06:16.148403,4.7,14.9,2100.0
2026-02-08T11:06:16.649261,10.4,14.9,2100.0
2026-02-08T11:06:17.149937,8.1,14.9,2100.0
2026-02-08T11:06:17.650414,11.5,14.9,2100.0
2026-02-08T11:06:18.151140,6.8,14.9,2100.0
2026-02-08T11:06:18.651614,9.5,14.9,2100.0
2026-02-08T11:06:19.152358,5.0,14.9,2100.0
2026-02-08T11:06:19.653074,13.0,14.9,2100.0
2026-02-08T11:06:20.153811,7.9,14.9,2100.0
2026-02-08T11:06:20.654525,9.4,14.9,2100.0
2026-02-08T11:06:21.155331,5.9,14.9,2100.0
2026-02-08T11:06:21.655941,7.7,14.9,2100.0
2026-02-08T11:06:22.156969,8.1,14.9,2100.0
2026-02-08T11:06:22.657742,6.7,14.9,2100.0
2026-02-08T11:06:23.158697,6.2,14.9,2100.0
2026-02-08T11:06:23.659469,8.3,14.9,2100.0
2026-02-08T11:06:24.159979,5.9,14.9,2100.0
2026-02-08T11:06:24.660714,9.1,14.9,2100.0
2026-02-08T11:06:25.161331,5.1,14.9,2100.0
2026-02-08T11:06:25.662248,5.3,14.9,2100.0
2026-02-08T11:06:26.164289,4.3,14.9,2100.0
2026-02-08T11:06:26.665086,6.6,14.9,2100.0
2026-02-08T11:06:27.165763,7.6,14.9,2100.0
2026-02-08T11:06:27.666388,6.7,14.9,2100.0
2026-02-08T11:06:28.166902,7.8,14.9,2100.0
2026-02-08T11:06:28.667572,7.8,14.9,2100.0
2026-02-08T11:06:29.170644,8.4,14.9,2100.0
2026-02-08T11:06:29.671297,5.8,14.9,2100.0
2026-02-08T11:06:30.173577,5.4,14.9,2100.0
2026-02-08T11:06:30.674287,7.3,14.8,2100.0
2026-02-08T11:06:31.175422,6.0,14.8,2100.0
2026-02-08T11:06:31.676191,8.2,14.8,2100.0
2026-02-08T11:06:32.176851,9.0,14.9,2100.0
2026-02-08T11:06:32.678527,4.8,14.9,2100.0
2026-02-08T11:06:33.179361,6.8,14.8,2100.0
2026-02-08T11:06:33.680125,5.1,14.8,2100.0
2026-02-08T11:06:34.180790,7.4,14.8,2100.0
2026-02-08T11:06:34.681575,6.5,14.8,2100.0
2026-02-08T11:06:35.182383,7.6,14.8,2100.0
2026-02-08T11:06:35.683161,5.8,14.8,2100.0
2026-02-08T11:06:36.183534,5.9,14.8,2100.0
2026-02-08T11:06:36.683974,4.9,14.8,2100.0
2026-02-08T11:06:37.184803,9.1,14.8,2100.0
2026-02-08T11:06:37.685683,4.8,14.8,2100.0
2026-02-08T11:06:38.186410,7.8,14.8,2100.0
2026-02-08T11:06:38.687055,5.6,14.8,2100.0
2026-02-08T11:06:39.188097,8.8,14.9,2100.0
2026-02-08T11:06:39.689317,6.6,14.9,2100.0
2026-02-08T11:06:40.190734,9.6,14.9,2100.0
2026-02-08T11:06:40.691431,7.1,14.9,2100.0
2026-02-08T11:06:41.193640,6.9,14.9,2100.0
2026-02-08T11:06:41.694002,10.6,14.9,2100.0
2026-02-08T11:06:42.194691,9.4,14.9,2100.0
2026-02-08T11:06:42.696125,8.8,14.9,2100.0
2026-02-08T11:06:43.196934,13.1,14.9,2100.0
2026-02-08T11:06:43.699465,12.5,14.9,2100.0
2026-02-08T11:06:44.200317,14.2,14.9,2100.0
2026-02-08T11:06:44.701514,15.8,14.9,2100.0
2026-02-08T11:06:45.204454,9.0,14.9,2100.0
2026-02-08T11:06:45.706729,19.0,14.9,2100.0
2026-02-08T11:06:46.208126,11.2,14.9,2100.0
2026-02-08T11:06:46.708937,15.2,14.9,2100.0
2026-02-08T11:06:47.210068,29.9,14.9,2100.0
2026-02-08T11:06:47.711261,18.8,14.9,2100.0
2026-02-08T11:06:48.212519,10.3,14.9,2100.0
2026-02-08T11:06:48.713631,16.0,14.9,2100.0
2026-02-08T11:06:49.214887,12.0,14.9,2100.0
2026-02-08T11:06:49.715688,23.7,14.9,2100.0
2026-02-08T11:06:50.216627,9.9,14.9,2100.0
2026-02-08T11:06:50.718757,17.1,14.9,2100.0
2026-02-08T11:06:51.219473,8.6,14.9,2100.0
2026-02-08T11:06:51.720697,12.7,14.9,2100.0
2026-02-08T11:06:52.221866,13.2,14.9,2100.0
2026-02-08T11:06:52.724964,10.1,14.9,2100.0
2026-02-08T11:06:53.225611,9.7,14.9,2100.0
2026-02-08T11:06:53.726425,16.7,14.9,2100.0
2026-02-08T11:06:54.227796,11.2,14.9,2100.0
2026-02-08T11:06:54.729997,17.4,14.9,2100.0
2026-02-08T11:06:55.230933,10.6,14.9,2100.0
2026-02-08T11:06:55.733159,14.9,14.9,2100.0
2026-02-08T11:06:56.234593,9.4,14.9,2100.0
2026-02-08T11:06:56.735246,11.5,14.9,2100.0
2026-02-08T11:06:57.237722,12.5,14.9,2100.0
2026-02-08T11:06:57.738868,14.6,14.9,2100.0
2026-02-08T11:06:58.239523,14.4,14.9,2100.0
2026-02-08T11:06:58.742448,19.6,14.9,2100.0
2026-02-08T11:06:59.243403,9.9,14.9,2100.0
2026-02-08T11:06:59.744117,19.8,14.9,2100.0
2026-02-08T11:07:00.246093,9.4,14.9,2100.0
2026-02-08T11:07:00.748764,23.0,14.9,2100.0
2026-02-08T11:07:01.250040,8.5,14.9,2100.0
2026-02-08T11:07:01.751120,19.5,14.9,2100.0
2026-02-08T11:07:02.251817,13.4,14.9,2100.0
2026-02-08T11:07:02.753458,14.6,14.9,2100.0
2026-02-08T11:07:03.254555,10.7,14.9,2100.0
2026-02-08T11:07:03.757558,12.0,14.9,2100.0
2026-02-08T11:07:04.258530,19.9,14.9,2100.0
2026-02-08T11:07:04.760465,13.0,14.9,2100.0
2026-02-08T11:07:05.261547,10.7,14.9,2100.0
2026-02-08T11:07:05.762534,13.5,14.9,2100.0
2026-02-08T11:07:06.263501,12.5,14.9,2100.0
2026-02-08T11:07:06.764650,12.0,14.9,2100.0
2026-02-08T11:07:07.265823,14.0,14.9,2100.0
2026-02-08T11:07:07.766666,13.1,14.9,2100.0
2026-02-08T11:07:08.267539,11.1,14.9,2100.0
2026-02-08T11:07:08.770035,11.9,14.9,2100.0
2026-02-08T11:07:09.270780,11.2,14.9,2100.0
2026-02-08T11:07:09.771956,15.6,14.9,2100.0
2026-02-08T11:07:10.273713,10.1,14.9,2100.0
2026-02-08T11:07:10.774490,7.4,14.9,2100.0
2026-02-08T11:07:11.275987,5.4,14.9,2100.0
2026-02-08T11:07:11.776343,5.8,14.9,2100.0
2026-02-08T11:07:12.277490,8.6,14.9,2100.0
2026-02-08T11:07:12.778115,5.8,14.9,2100.0
2026-02-08T11:07:13.278557,6.9,14.9,2100.0
2026-02-08T11:07:13.779252,7.3,14.9,2100.0
2026-02-08T11:07:14.280045,6.8,14.9,2100.0
2026-02-08T11:07:14.780782,5.3,14.9,2100.0
2026-02-08T11:07:15.281373,5.2,14.9,2100.0
2026-02-08T11:07:15.781855,6.5,14.9,2100.0
2026-02-08T11:07:16.282616,8.8,14.9,2100.0
2026-02-08T11:07:16.783325,6.9,14.9,2100.0
2026-02-08T11:07:17.283940,6.8,14.9,2100.0
2026-02-08T11:07:17.784694,5.6,14.9,2100.0
2026-02-08T11:07:18.285396,7.1,14.9,2100.0
2026-02-08T11:07:18.787066,7.9,14.9,2100.0
2026-02-08T11:07:19.288068,7.2,14.9,2100.0
2026-02-08T11:07:19.788636,6.9,14.9,2100.0
2026-02-08T11:07:20.289724,9.7,14.9,2100.0
2026-02-08T11:07:20.791039,5.3,14.9,2100.0
2026-02-08T11:07:21.291998,10.5,14.9,2100.0
2026-02-08T11:07:21.793110,5.9,14.9,2100.0
2026-02-08T11:07:22.301470,11.5,14.9,2100.0
2026-02-08T11:07:22.802665,6.9,14.9,2100.0
2026-02-08T11:07:23.303232,7.7,14.9,2100.0
2026-02-08T11:07:23.803822,5.0,14.9,2100.0
2026-02-08T11:07:24.305064,8.7,14.9,2100.0
2026-02-08T11:07:24.805569,8.1,14.9,2100.0
2026-02-08T11:07:25.307225,12.9,14.9,2100.0
2026-02-08T11:07:25.808500,7.4,14.9,2100.0
2026-02-08T11:07:26.309190,5.2,14.9,2100.0
2026-02-08T11:07:26.810006,10.9,14.9,2100.0
2026-02-08T11:07:27.311206,7.3,14.9,2100.0
2026-02-08T11:07:27.811802,6.3,14.9,2100.0
2026-02-08T11:07:28.312499,7.8,14.9,2100.0
2026-02-08T11:07:28.813139,9.6,14.9,2100.0
2026-02-08T11:07:29.314306,5.9,14.9,2100.0
2026-02-08T11:07:29.815110,5.7,14.9,2100.0
2026-02-08T11:07:30.316068,8.8,14.9,2100.0
2026-02-08T11:07:30.816664,9.7,14.9,2100.0
2026-02-08T11:07:31.317479,7.7,14.9,2100.0
2026-02-08T11:07:31.817897,4.6,14.9,2100.0
2026-02-08T11:07:32.319175,7.1,14.9,2100.0
2026-02-08T11:07:32.819852,6.1,14.9,2100.0
2026-02-08T11:07:33.320561,12.1,14.9,2100.0
2026-02-08T11:07:33.821454,11.8,14.9,2100.0
2026-02-08T11:07:34.322459,4.8,14.9,2100.0
2026-02-08T11:07:34.823073,7.1,14.9,2100.0
2026-02-08T11:07:35.323933,4.7,14.9,2100.0
2026-02-08T11:07:35.824709,8.8,14.9,2100.0
2026-02-08T11:07:36.325587,7.6,14.9,2100.0
2026-02-08T11:07:36.826442,10.3,14.9,2100.0
2026-02-08T11:07:37.327206,6.6,14.9,2100.0
2026-02-08T11:07:37.827844,8.7,14.9,2100.0
2026-02-08T11:07:38.328336,6.0,14.9,2100.0
2026-02-08T11:07:38.829265,9.5,14.9,2100.0
2026-02-08T11:07:39.329870,9.0,14.9,2100.0
2026-02-08T11:07:39.830630,8.5,14.9,2100.0
2026-02-08T11:07:40.331086,5.1,14.9,2100.0
2026-02-08T11:07:40.831628,7.2,14.9,2100.0
2026-02-08T11:07:41.332451,4.4,14.9,2100.0
2026-02-08T11:07:41.832949,9.3,14.9,2100.0
2026-02-08T11:07:42.333869,8.4,14.9,2100.0
2026-02-08T11:07:42.834537,11.4,14.9,2100.0
2026-02-08T11:07:43.336099,5.1,14.9,2100.0
2026-02-08T11:07:43.837299,9.7,14.9,2100.0
2026-02-08T11:07:44.337929,9.1,14.9,2100.0
2026-02-08T11:07:44.838778,11.4,14.9,2100.0
2026-02-08T11:07:45.339521,6.3,14.9,2100.0
2026-02-08T11:07:45.840563,11.3,14.9,2100.0
2026-02-08T11:07:46.341466,6.3,14.9,2100.0
2026-02-08T11:07:46.843725,21.5,14.9,2100.0
2026-02-08T11:07:47.344223,9.9,14.9,2100.0
2026-02-08T11:07:47.845919,11.1,14.9,2100.0
2026-02-08T11:07:48.346658,6.5,14.9,2100.0
2026-02-08T11:07:48.847395,9.7,14.9,2100.0
2026-02-08T11:07:49.348073,6.2,14.9,2100.0
2026-02-08T11:07:49.849106,6.9,14.9,2100.0
2026-02-08T11:07:50.349585,8.5,14.9,2100.0
2026-02-08T11:07:50.850064,10.2,14.9,2100.0
2026-02-08T11:07:51.350817,7.0,14.9,2100.0
2026-02-08T11:07:51.852335,7.6,14.9,2100.0
2026-02-08T11:07:52.354771,6.8,14.9,2100.0
2026-02-08T11:07:52.855888,9.5,14.9,2100.0
2026-02-08T11:07:53.356310,7.3,14.9,2100.0
2026-02-08T11:07:53.856932,7.0,14.9,2100.0
2026-02-08T11:07:54.358024,6.2,14.9,2100.0
2026-02-08T11:07:54.858727,9.2,14.9,2100.0
2026-02-08T11:07:55.359232,6.8,14.9,2100.0
2026-02-08T11:07:55.860119,8.5,14.9,2100.0
2026-02-08T11:07:56.360740,6.6,14.9,2100.0
2026-02-08T11:07:56.861329,6.6,14.9,2100.0
2026-02-08T11:07:57.362009,10.9,14.9,2100.0
2026-02-08T11:07:57.862877,6.6,14.9,2100.0
2026-02-08T11:07:58.363659,7.6,14.9,2100.0
2026-02-08T11:07:58.864389,8.5,14.9,2100.0
2026-02-08T11:07:59.365041,8.3,14.9,2100.0
2026-02-08T11:07:59.865640,7.3,14.9,2100.0
2026-02-08T11:08:00.366133,7.7,14.9,2100.0
2026-02-08T11:08:00.866582,7.0,14.9,2100.0
2026-02-08T11:08:01.367796,7.1,14.9,2100.0
2026-02-08T11:08:01.868602,5.1,14.9,2100.0
2026-02-08T11:08:02.370628,10.4,14.9,2100.0
2026-02-08T11:08:02.871210,6.8,14.9,2100.0
2026-02-08T11:08:03.373395,9.4,14.9,2100.0
2026-02-08T11:08:03.875142,5.2,14.9,2100.0
2026-02-08T11:08:04.375750,7.7,14.9,2100.0
2026-02-08T11:08:04.876231,6.3,14.9,2100.0
2026-02-08T11:08:05.377014,4.8,14.9,2100.0
2026-02-08T11:08:05.877519,6.2,14.9,2100.0
2026-02-08T11:08:06.377981,11.5,14.9,2100.0
2026-02-08T11:08:06.878514,5.3,14.9,2100.0
2026-02-08T11:08:07.378915,9.4,14.9,2100.0
2026-02-08T11:08:07.879522,18.0,15.0,2100.0
2026-02-08T11:08:08.380140,7.4,15.0,2100.0
2026-02-08T11:08:08.880699,7.2,15.0,2100.0
2026-02-08T11:08:09.381408,6.9,15.0,2100.0
2026-02-08T11:08:09.882108,7.8,15.0,2100.0
2026-02-08T11:08:10.383003,12.8,15.0,2100.0
2026-02-08T11:08:10.884927,9.3,15.0,2100.0
2026-02-08T11:08:11.385519,6.7,15.0,2100.0
2026-02-08T11:08:11.886509,8.0,15.0,2100.0
2026-02-08T11:08:12.387547,7.4,15.0,2100.0
2026-02-08T11:08:12.888056,7.7,15.0,2100.0
2026-02-08T11:08:13.388782,6.7,15.0,2100.0
2026-02-08T11:08:13.889728,11.7,14.9,2100.0
2026-02-08T11:08:14.390426,8.2,14.9,2100.0
2026-02-08T11:08:14.891172,12.7,14.9,2100.0
2026-02-08T11:08:15.391645,7.2,14.9,2100.0
2026-02-08T11:08:15.892325,10.9,14.9,2100.0
2026-02-08T11:08:16.393277,5.7,14.9,2100.0
2026-02-08T11:08:16.893948,12.2,14.9,2100.0
2026-02-08T11:08:17.394874,5.8,14.9,2100.0
2026-02-08T11:08:17.895540,13.7,14.9,2100.0
2026-02-08T11:08:18.396301,6.2,14.9,2100.0
2026-02-08T11:08:18.896832,9.0,14.9,2100.0
2026-02-08T11:08:19.397359,5.0,14.9,2100.0
2026-02-08T11:08:19.898044,6.0,14.9,2100.0
2026-02-08T11:08:20.398825,10.7,14.9,2100.0
2026-02-08T11:08:20.899580,10.5,14.9,2100.0
2026-02-08T11:08:21.400411,5.4,14.9,2100.0
2026-02-08T11:08:21.901374,7.9,14.9,2100.0
2026-02-08T11:08:22.402239,8.2,14.9,2100.0
2026-02-08T11:08:22.902869,9.4,14.9,2100.0
2026-02-08T11:08:23.403374,5.3,14.9,2100.0
2026-02-08T11:08:23.903873,8.3,14.9,2100.0
2026-02-08T11:08:24.405487,4.9,14.9,2100.0
2026-02-08T11:08:24.905984,5.5,14.9,2100.0
2026-02-08T11:08:25.406891,6.6,14.9,2100.0
2026-02-08T11:08:25.907551,9.9,14.9,2100.0
2026-02-08T11:08:26.408145,6.2,14.9,2100.0
2026-02-08T11:08:26.908693,9.9,14.9,2100.0
2026-02-08T11:08:27.409195,5.0,14.9,2100.0
2026-02-08T11:08:27.909785,9.8,14.9,2100.0
2026-02-08T11:08:28.410229,8.0,14.9,2100.0
2026-02-08T11:08:28.911073,7.1,14.9,2100.0
2026-02-08T11:08:29.411477,6.4,14.9,2100.0
2026-02-08T11:08:29.912432,7.5,14.9,2100.0
2026-02-08T11:08:30.413494,12.2,14.9,2100.0
2026-02-08T11:08:30.913960,11.4,14.9,2100.0
2026-02-08T11:08:31.414495,6.5,14.9,2100.0
2026-02-08T11:08:31.916239,9.6,14.9,2100.0
2026-02-08T11:08:32.417407,9.1,14.9,2100.0
2026-02-08T11:08:32.918404,6.6,14.9,2100.0
2026-02-08T11:08:33.419355,7.2,14.9,2100.0
2026-02-08T11:08:33.920346,7.0,14.9,2100.0
2026-02-08T11:08:34.421108,10.1,14.9,2100.0
2026-02-08T11:08:34.921940,13.2,14.9,2100.0
2026-02-08T11:08:35.423031,6.1,14.9,2100.0
2026-02-08T11:08:35.923729,7.9,14.9,2100.0
2026-02-08T11:08:36.424601,7.9,14.9,2100.0
2026-02-08T11:08:36.926167,17.9,15.0,2100.0
2026-02-08T11:08:37.427096,10.5,15.0,2100.0
2026-02-08T11:08:37.927943,8.0,14.9,2100.0
2026-02-08T11:08:38.428407,5.2,14.9,2100.0
2026-02-08T11:08:38.928875,9.1,14.9,2100.0
2026-02-08T11:08:39.429674,8.8,14.9,2100.0
2026-02-08T11:08:39.930568,9.3,14.9,2100.0
2026-02-08T11:08:40.431145,5.4,14.9,2100.0
2026-02-08T11:08:40.932012,7.6,14.9,2100.0
2026-02-08T11:08:41.432961,4.9,14.9,2100.0
2026-02-08T11:08:41.934411,15.1,14.9,2100.0
2026-02-08T11:08:42.434800,7.4,14.9,2100.0
2026-02-08T11:08:42.936032,6.2,14.9,2100.0
2026-02-08T11:08:43.436942,8.0,14.9,2100.0
2026-02-08T11:08:43.938193,7.9,14.9,2100.0
2026-02-08T11:08:44.438681,4.8,14.9,2100.0
2026-02-08T11:08:44.940204,7.9,14.9,2100.0
2026-02-08T11:08:45.441243,6.5,14.9,2100.0
2026-02-08T11:08:45.941857,6.5,14.9,2100.0
2026-02-08T11:08:46.442630,3.1,14.9,2100.0
2026-02-08T11:08:46.943290,8.7,14.9,2100.0
2026-02-08T11:08:47.443881,5.2,14.9,2100.0
2026-02-08T11:08:47.944704,6.9,14.9,2100.0
2026-02-08T11:08:48.445414,8.2,14.9,2100.0
2026-02-08T11:08:48.946190,5.5,14.9,2100.0
2026-02-08T11:08:49.446952,6.6,14.9,2100.0
2026-02-08T11:08:49.947563,5.2,14.9,2100.0
2026-02-08T11:08:50.449275,7.0,14.9,2100.0
2026-02-08T11:08:50.950290,5.3,14.9,2100.0
2026-02-08T11:08:51.451846,9.8,14.9,2100.0
2026-02-08T11:08:51.952397,8.3,14.9,2100.0
2026-02-08T11:08:52.453430,11.3,14.9,2100.0
2026-02-08T11:08:52.955176,6.7,14.9,2100.0
2026-02-08T11:08:53.455553,10.7,14.9,2100.0
2026-02-08T11:08:53.956206,4.4,14.9,2100.0
2026-02-08T11:08:54.456847,6.9,14.9,2100.0
2026-02-08T11:08:54.957763,7.7,14.9,2100.0
2026-02-08T11:08:55.458543,11.5,14.9,2100.0
2026-02-08T11:08:55.959005,5.7,14.9,2100.0
2026-02-08T11:08:56.461436,6.9,14.9,2100.0
2026-02-08T11:08:56.962065,6.6,14.9,2100.0
2026-02-08T11:08:57.462868,11.3,14.9,2100.0
2026-02-08T11:08:57.963356,8.0,14.9,2100.0
2026-02-08T11:08:58.464429,8.3,14.9,2100.0
2026-02-08T11:08:58.965215,5.4,14.9,2100.0
2026-02-08T11:08:59.465798,8.4,14.9,2100.0
2026-02-08T11:08:59.966382,7.9,14.9,2100.0
2026-02-08T11:09:00.467232,14.9,14.9,2100.0
2026-02-08T11:09:00.967931,9.1,14.9,2100.0
2026-02-08T11:09:01.468757,6.2,14.9,2100.0
2026-02-08T11:09:01.969615,8.5,14.9,2100.0
2026-02-08T11:09:02.470504,7.3,14.9,2100.0
2026-02-08T11:09:02.971038,6.5,14.9,2100.0
2026-02-08T11:09:03.471540,9.6,14.9,2100.0
2026-02-08T11:09:03.973418,3.9,14.9,2100.0
2026-02-08T11:09:04.474007,9.0,14.9,2100.0
2026-02-08T11:09:04.974677,5.7,14.9,2100.0
2026-02-08T11:09:05.475506,6.7,14.9,2100.0
2026-02-08T11:09:05.975997,5.0,14.9,2100.0
2026-02-08T11:09:06.476429,7.0,14.9,2100.0
2026-02-08T11:09:06.976898,5.6,14.9,2100.0
2026-02-08T11:09:07.477400,5.7,14.9,2100.0
2026-02-08T11:09:07.977797,5.5,14.9,2100.0
2026-02-08T11:09:08.478603,7.8,14.9,2100.0
2026-02-08T11:09:08.979510,5.8,14.9,2100.0
2026-02-08T11:09:09.480486,11.0,14.9,2100.0
2026-02-08T11:09:09.981238,7.7,14.9,2100.0
2026-02-08T11:09:10.481891,8.6,14.9,2100.0
2026-02-08T11:09:10.982719,4.9,14.9,2100.0
2026-02-08T11:09:11.483538,8.1,14.9,2100.0
2026-02-08T11:09:11.984133,9.8,14.9,2100.0
2026-02-08T11:09:12.484919,9.9,14.9,2100.0
2026-02-08T11:09:12.986074,5.9,14.9,2100.0
2026-02-08T11:09:13.487416,9.2,14.9,2100.0
2026-02-08T11:09:13.988219,5.6,14.9,2100.0
2026-02-08T11:09:14.488872,8.6,14.9,2100.0
2026-02-08T11:09:14.989582,7.4,14.9,2100.0
2026-02-08T11:09:15.490045,10.0,14.9,2100.0
2026-02-08T11:09:15.990573,5.1,14.9,2100.0
2026-02-08T11:09:16.490975,11.2,14.9,2100.0
2026-02-08T11:09:16.991841,7.6,14.9,2100.0
2026-02-08T11:09:17.492358,9.5,14.9,2100.0
2026-02-08T11:09:17.993145,7.9,14.9,2100.0
2026-02-08T11:09:18.493734,7.2,14.9,2100.0
2026-02-08T11:09:18.994936,8.0,14.9,2100.0
2026-02-08T11:09:19.495458,9.7,14.9,2100.0
2026-02-08T11:09:19.995959,8.9,14.9,2100.0
2026-02-08T11:09:20.496900,8.2,14.9,2100.0
2026-02-08T11:09:20.998222,9.1,14.9,2100.0
2026-02-08T11:09:21.499118,7.3,14.9,2100.0
2026-02-08T11:09:21.999617,6.6,14.9,2100.0
2026-02-08T11:09:22.500181,9.8,14.9,2100.0
2026-02-08T11:09:23.002286,6.4,14.9,2100.0
2026-02-08T11:09:23.502921,6.8,14.9,2100.0
2026-02-08T11:09:24.003795,4.9,14.9,2100.0
2026-02-08T11:09:24.505614,8.7,14.9,2100.0
2026-02-08T11:09:25.006675,5.5,14.9,2100.0
2026-02-08T11:09:25.507330,10.0,14.9,2100.0
2026-02-08T11:09:26.008082,4.8,14.9,2100.0
2026-02-08T11:09:26.508529,10.1,14.9,2100.0
2026-02-08T11:09:27.009440,10.9,14.9,2100.0
2026-02-08T11:09:27.510408,10.1,14.9,2100.0
2026-02-08T11:09:28.011079,20.7,15.0,2100.0
2026-02-08T11:09:28.511723,5.9,15.0,2100.0
2026-02-08T11:09:29.012155,8.7,15.0,2100.0
2026-02-08T11:09:29.512987,14.4,15.0,2100.0
2026-02-08T11:09:30.013661,6.6,15.0,2100.0
2026-02-08T11:09:30.514506,5.7,15.0,2100.0
2026-02-08T11:09:31.015839,7.0,15.0,2100.0
2026-02-08T11:09:31.517048,10.0,15.0,2100.0
2026-02-08T11:09:32.018039,6.1,14.9,2100.0
2026-02-08T11:09:32.519131,9.0,14.9,2100.0
2026-02-08T11:09:33.020229,7.4,14.9,2100.0
2026-02-08T11:09:33.520787,11.0,14.9,2100.0
2026-02-08T11:09:34.021706,6.2,14.9,2100.0
2026-02-08T11:09:34.522246,9.5,14.9,2100.0
2026-02-08T11:09:35.022800,9.1,14.9,2100.0
2026-02-08T11:09:35.523447,11.0,14.9,2100.0
2026-02-08T11:09:36.024263,6.1,14.9,2100.0
2026-02-08T11:09:36.524844,6.4,14.9,2100.0
2026-02-08T11:09:37.025716,6.8,14.9,2100.0
2026-02-08T11:09:37.526214,9.0,14.9,2100.0
2026-02-08T11:09:38.026852,6.9,14.9,2100.0
2026-02-08T11:09:38.527704,8.0,14.9,2100.0
2026-02-08T11:09:39.028465,7.3,14.9,2100.0
2026-02-08T11:09:39.529233,9.8,14.9,2100.0
2026-02-08T11:09:40.029971,8.1,14.9,2100.0
2026-02-08T11:09:40.531362,5.2,14.9,2100.0
2026-02-08T11:09:41.032032,7.6,14.9,2100.0
2026-02-08T11:09:41.532428,10.5,14.9,2100.0
2026-02-08T11:09:42.033144,11.2,14.9,2100.0
2026-02-08T11:09:42.534532,14.2,14.9,2100.0
2026-02-08T11:09:43.035614,5.7,14.9,2100.0
2026-02-08T11:09:43.536588,10.4,14.9,2100.0
2026-02-08T11:09:44.037194,5.0,14.9,2100.0
2026-02-08T11:09:44.537814,9.0,14.9,2100.0
2026-02-08T11:09:45.038709,4.4,14.9,2100.0
2026-02-08T11:09:45.539464,8.8,14.9,2100.0
2026-02-08T11:09:46.040389,5.7,15.0,2100.0
2026-02-08T11:09:46.541113,9.6,15.0,2100.0
2026-02-08T11:09:47.041671,7.9,15.0,2100.0
2026-02-08T11:09:47.542597,8.9,15.0,2100.0
2026-02-08T11:09:48.043165,9.2,14.9,2100.0
2026-02-08T11:09:48.543626,9.4,15.0,2100.0
2026-02-08T11:09:49.044101,6.5,15.0,2100.0
2026-02-08T11:09:49.544662,7.3,15.0,2100.0
2026-02-08T11:09:50.045742,3.8,15.0,2100.0
2026-02-08T11:09:50.546577,6.9,15.0,2100.0
2026-02-08T11:09:51.047517,9.2,14.9,2100.0
2026-02-08T11:09:51.548259,7.0,14.9,2100.0
2026-02-08T11:09:52.048861,4.7,14.9,2100.0
2026-02-08T11:09:52.549713,7.2,14.9,2100.0
2026-02-08T11:09:53.050180,7.2,15.0,2100.0
2026-02-08T11:09:53.551949,9.6,14.9,2100.0
2026-02-08T11:09:54.052591,5.9,14.9,2100.0
2026-02-08T11:09:54.553170,7.4,14.9,2100.0
2026-02-08T11:09:55.053708,5.3,14.9,2100.0
2026-02-08T11:09:55.554382,8.6,14.9,2100.0
2026-02-08T11:09:56.054884,6.5,14.9,2100.0
2026-02-08T11:09:56.555476,8.2,14.9,2100.0
2026-02-08T11:09:57.056065,6.4,14.9,2100.0
2026-02-08T11:09:57.556869,7.2,14.9,2100.0
2026-02-08T11:09:58.057279,6.8,14.9,2100.0
2026-02-08T11:09:58.557909,5.6,14.9,2100.0
2026-02-08T11:09:59.059364,7.8,14.9,2100.0
2026-02-08T11:09:59.560053,6.0,14.9,2100.0
2026-02-08T11:10:00.060741,7.8,14.9,2100.0
2026-02-08T11:10:00.561177,7.7,14.9,2100.0
2026-02-08T11:10:01.062569,9.5,14.9,2100.0
2026-02-08T11:10:01.563594,11.3,14.9,2100.0
2026-02-08T11:10:02.064241,10.0,14.9,2100.0
2026-02-08T11:10:02.565721,8.2,14.9,2100.0
2026-02-08T11:10:03.066487,8.1,14.9,2100.0
2026-02-08T11:10:03.567090,4.5,14.9,2100.0
2026-02-08T11:10:04.070171,9.3,14.9,2100.0
2026-02-08T11:10:04.570851,8.2,14.9,2100.0
2026-02-08T11:10:05.071333,5.8,14.9,2100.0
2026-02-08T11:10:05.571879,8.3,14.9,2100.0
2026-02-08T11:10:06.072640,7.2,14.9,2100.0
2026-02-08T11:10:06.573441,4.5,14.9,2100.0
2026-02-08T11:10:07.073944,11.1,14.9,2100.0
2026-02-08T11:10:07.574493,10.7,14.9,2100.0
2026-02-08T11:10:08.074968,7.4,14.9,2100.0
2026-02-08T11:10:08.575849,3.8,14.9,2100.0
2026-02-08T11:10:09.076455,7.6,14.9,2100.0
2026-02-08T11:10:09.576945,9.5,14.9,2100.0
2026-02-08T11:10:10.077525,8.5,14.9,2100.0
2026-02-08T11:10:10.578540,7.3,14.9,2100.0
2026-02-08T11:10:11.079346,8.1,14.9,2100.0
2026-02-08T11:10:11.580509,12.4,14.9,2100.0
2026-02-08T11:10:12.081391,7.9,14.9,2100.0
2026-02-08T11:10:12.581870,6.7,14.9,2100.0
2026-02-08T11:10:13.082441,4.2,14.9,2100.0
2026-02-08T11:10:13.584901,12.0,14.9,2100.0
2026-02-08T11:10:14.085627,5.2,14.9,2100.0
2026-02-08T11:10:14.586494,9.2,14.9,2100.0
2026-02-08T11:10:15.087537,4.0,14.9,2100.0
2026-02-08T11:10:15.588112,11.3,14.9,2100.0
2026-02-08T11:10:16.088862,5.7,14.9,2100.0
2026-02-08T11:10:16.589522,5.1,14.9,2100.0
2026-02-08T11:10:17.090012,7.9,14.9,2100.0
2026-02-08T11:10:17.590512,8.0,14.9,2100.0
2026-02-08T11:10:18.091047,8.5,14.9,2100.0
2026-02-08T11:10:18.591595,8.0,14.9,2100.0
2026-02-08T11:10:19.092144,7.2,14.9,2100.0
2026-02-08T11:10:19.592986,7.8,14.9,2100.0
2026-02-08T11:10:20.093837,5.3,14.9,2100.0
2026-02-08T11:10:20.594665,9.8,14.9,2100.0
2026-02-08T11:10:21.095534,5.5,14.9,2100.0
2026-02-08T11:10:21.596051,8.3,14.9,2100.0
2026-02-08T11:10:22.096869,7.3,14.9,2100.0
2026-02-08T11:10:22.597808,10.9,14.9,2100.0
2026-02-08T11:10:23.098309,4.9,14.9,2100.0
2026-02-08T11:10:23.598714,8.9,14.9,2100.0
2026-02-08T11:10:24.099338,6.2,14.9,2100.0
2026-02-08T11:10:24.599893,9.0,14.9,2100.0
2026-02-08T11:10:25.101499,4.9,14.9,2100.0
2026-02-08T11:10:25.601986,7.4,14.9,2100.0
2026-02-08T11:10:26.102548,6.9,14.9,2100.0
2026-02-08T11:10:26.603303,10.7,14.9,2100.0
2026-02-08T11:10:27.103746,6.2,14.9,2100.0
2026-02-08T11:10:27.612669,7.9,14.9,2100.0
2026-02-08T11:10:28.113553,7.0,14.9,2100.0
2026-02-08T11:10:28.614312,7.6,14.9,2100.0
2026-02-08T11:10:29.116889,6.4,14.9,2100.0
2026-02-08T11:10:29.617574,12.9,14.9,2100.0
2026-02-08T11:10:30.118163,7.0,14.9,2100.0
2026-02-08T11:10:30.619069,6.7,14.9,2100.0
2026-02-08T11:10:31.119792,7.7,14.9,2100.0
2026-02-08T11:10:31.620705,8.5,14.9,2100.0
2026-02-08T11:10:32.121361,7.0,14.9,2100.0
2026-02-08T11:10:32.622128,7.8,14.9,2100.0
2026-02-08T11:10:33.122824,15.0,14.9,2100.0
2026-02-08T11:10:33.623721,12.5,14.9,2100.0
2026-02-08T11:10:34.124260,5.1,14.9,2100.0
2026-02-08T11:10:34.624992,6.2,14.9,2100.0
2026-02-08T11:10:35.125659,7.9,14.9,2100.0
2026-02-08T11:10:35.626468,7.4,14.9,2100.0
2026-02-08T11:10:36.127239,5.8,14.9,2100.0
2026-02-08T11:10:36.627838,6.4,14.9,2100.0
2026-02-08T11:10:37.128607,5.1,14.9,2100.0
2026-02-08T11:10:37.629287,9.4,14.9,2100.0
2026-02-08T11:10:38.131080,7.0,14.9,2100.0
2026-02-08T11:10:38.631943,7.4,14.9,2100.0
2026-02-08T11:10:39.132421,10.7,14.9,2100.0
2026-02-08T11:10:39.633148,8.9,14.9,2100.0
2026-02-08T11:10:40.133767,6.3,14.9,2100.0
2026-02-08T11:10:40.634835,9.2,14.9,2100.0
2026-02-08T11:10:41.135690,7.4,14.9,2100.0
2026-02-08T11:10:41.639363,11.6,14.9,2100.0
2026-02-08T11:10:42.139883,8.4,14.9,2100.0
2026-02-08T11:10:42.642211,8.2,14.9,2100.0
2026-02-08T11:10:43.143729,6.1,14.9,2100.0
2026-02-08T11:10:43.644535,6.8,14.9,2100.0
2026-02-08T11:10:44.145275,4.7,14.9,2100.0
2026-02-08T11:10:44.645748,7.6,14.9,2100.0
2026-02-08T11:10:45.146521,7.8,14.9,2100.0
2026-02-08T11:10:45.646947,9.0,14.9,2100.0
2026-02-08T11:10:46.148538,6.9,14.9,2100.0
2026-02-08T11:10:46.649287,7.1,14.9,2100.0
2026-02-08T11:10:47.149929,9.0,14.9,2100.0
2026-02-08T11:10:47.650930,6.8,14.9,2100.0
2026-02-08T11:10:48.151554,10.4,14.9,2100.0
2026-02-08T11:10:48.651911,12.4,14.9,2100.0
2026-02-08T11:10:49.152553,7.9,14.9,2100.0
2026-02-08T11:10:49.653422,8.7,14.9,2100.0
2026-02-08T11:10:50.154098,6.1,14.9,2100.0
2026-02-08T11:10:50.655125,10.5,14.9,2100.0
2026-02-08T11:10:51.155699,5.9,14.9,2100.0
2026-02-08T11:10:51.656548,10.2,14.9,2100.0
2026-02-08T11:10:52.157436,5.4,14.9,2100.0
2026-02-08T11:10:52.658069,7.7,14.9,2100.0
2026-02-08T11:10:53.158821,8.0,14.9,2100.0
2026-02-08T11:10:53.659854,9.4,14.9,2100.0
2026-02-08T11:10:54.161332,4.0,14.9,2100.0
2026-02-08T11:10:54.661870,12.4,14.9,2100.0
2026-02-08T11:10:55.162668,5.1,14.9,2100.0
2026-02-08T11:10:55.663418,5.8,14.9,2100.0
2026-02-08T11:10:56.164257,9.0,14.9,2100.0
2026-02-08T11:10:56.665516,8.7,14.9,2100.0
2026-02-08T11:10:57.166392,6.0,14.9,2100.0
2026-02-08T11:10:57.667254,3.8,14.9,2100.0
2026-02-08T11:10:58.168045,7.3,14.9,2100.0
2026-02-08T11:10:58.668620,10.8,14.9,2100.0
2026-02-08T11:10:59.168957,6.5,14.9,2100.0
2026-02-08T11:10:59.670030,5.3,14.9,2100.0
2026-02-08T11:11:00.170708,5.9,14.9,2100.0
2026-02-08T11:11:00.671431,10.4,14.9,2100.0
2026-02-08T11:11:01.172281,7.6,14.9,2100.0
2026-02-08T11:11:01.673175,12.2,14.9,2100.0
2026-02-08T11:11:02.173873,8.6,14.9,2100.0
2026-02-08T11:11:02.677374,12.8,14.9,2100.0
2026-02-08T11:11:03.178395,6.9,14.9,2100.0
2026-02-08T11:11:03.678812,5.0,14.9,2100.0
2026-02-08T11:11:04.179223,8.8,14.9,2100.0
2026-02-08T11:11:04.680547,7.4,14.9,2100.0
2026-02-08T11:11:05.181210,5.1,14.9,2100.0
2026-02-08T11:11:05.681772,5.9,14.9,2100.0
2026-02-08T11:11:06.182226,9.7,14.9,2100.0
2026-02-08T11:11:06.682582,12.6,14.9,2100.0
2026-02-08T11:11:07.183161,5.4,14.9,2100.0
2026-02-08T11:11:07.683886,21.2,14.9,2100.0
2026-02-08T11:11:08.184844,9.4,14.9,2100.0
2026-02-08T11:11:08.685428,13.1,14.9,2100.0
2026-02-08T11:11:09.186017,7.7,14.9,2100.0
2026-02-08T11:11:09.686547,7.6,14.9,2100.0
2026-02-08T11:11:10.186975,5.8,14.9,2100.0
2026-02-08T11:11:10.687999,11.8,14.9,2100.0
2026-02-08T11:11:11.189102,4.7,14.9,2100.0
2026-02-08T11:11:11.690048,10.4,14.9,2100.0
2026-02-08T11:11:12.190474,7.0,14.9,2100.0
2026-02-08T11:11:12.690989,9.8,14.9,2100.0
2026-02-08T11:11:13.192520,12.8,14.9,2100.0
2026-02-08T11:11:13.693843,12.4,14.9,2100.0
2026-02-08T11:11:14.195958,5.3,14.9,2100.0
2026-02-08T11:11:14.696764,6.6,14.9,2100.0
2026-02-08T11:11:15.197493,4.6,14.9,2100.0
2026-02-08T11:11:15.698631,9.8,14.9,2100.0
2026-02-08T11:11:16.199423,7.2,14.9,2100.0
2026-02-08T11:11:16.700399,6.3,14.9,2100.0
2026-02-08T11:11:17.201260,6.1,14.9,2100.0
2026-02-08T11:11:17.701736,7.7,14.9,2100.0
2026-02-08T11:11:18.202523,8.2,14.9,2100.0
2026-02-08T11:11:18.703090,8.1,14.9,2100.0
2026-02-08T11:11:19.203921,5.2,14.9,2100.0
2026-02-08T11:11:19.704724,8.0,14.9,2100.0
2026-02-08T11:11:20.205089,7.8,14.9,2100.0
2026-02-08T11:11:20.705594,7.2,14.9,2100.0
2026-02-08T11:11:21.206593,6.8,14.9,2100.0
2026-02-08T11:11:21.707250,9.3,14.9,2100.0
2026-02-08T11:11:22.208932,10.2,14.9,2100.0
2026-02-08T11:11:22.709457,10.8,14.9,2100.0
2026-02-08T11:11:23.209960,8.0,14.9,2100.0
2026-02-08T11:11:23.710688,10.1,14.9,2100.0
2026-02-08T11:11:24.211401,7.0,14.9,2100.0
2026-02-08T11:11:24.712114,9.4,14.9,2100.0
2026-02-08T11:11:25.213209,8.2,14.9,2100.0
2026-02-08T11:11:25.713759,17.3,14.9,2100.0
2026-02-08T11:11:26.214334,9.5,14.9,2100.0
2026-02-08T11:11:26.716234,7.0,14.9,2100.0
2026-02-08T11:11:27.216770,9.0,14.9,2100.0
2026-02-08T11:11:27.717325,9.3,14.9,2100.0
2026-02-08T11:11:28.217904,7.7,14.9,2100.0
2026-02-08T11:11:28.718680,6.1,14.9,2100.0
2026-02-08T11:11:29.219896,9.6,14.9,2100.0
2026-02-08T11:11:29.720619,7.2,14.9,2100.0
2026-02-08T11:11:30.221150,9.0,14.9,2100.0
2026-02-08T11:11:30.721938,6.0,14.9,2100.0
2026-02-08T11:11:31.222744,9.2,14.9,2100.0
2026-02-08T11:11:31.723205,5.2,14.9,2100.0
2026-02-08T11:11:32.224123,12.1,14.9,2100.0
2026-02-08T11:11:32.725037,10.4,14.9,2100.0
2026-02-08T11:11:33.226017,9.4,14.9,2100.0
2026-02-08T11:11:33.728138,4.3,14.9,2100.0
2026-02-08T11:11:34.229114,9.4,14.9,2100.0
2026-02-08T11:11:34.729737,7.3,14.9,2100.0
2026-02-08T11:11:35.230880,8.0,14.9,2100.0
2026-02-08T11:11:35.731341,6.5,14.9,2100.0
2026-02-08T11:11:36.232202,11.0,14.9,2100.0
2026-02-08T11:11:36.732948,11.1,14.9,2100.0
2026-02-08T11:11:37.233832,8.0,14.9,2100.0
2026-02-08T11:11:37.734268,9.9,14.9,2100.0
2026-02-08T11:11:38.234869,4.9,14.9,2100.0
2026-02-08T11:11:38.735716,12.9,14.9,2100.0
2026-02-08T11:11:39.236564,7.9,14.9,2100.0
2026-02-08T11:11:39.737071,8.1,14.9,2100.0
2026-02-08T11:11:40.237526,5.2,14.9,2100.0
2026-02-08T11:11:40.738185,9.9,14.9,2100.0
2026-02-08T11:11:41.238797,5.1,14.9,2100.0
2026-02-08T11:11:41.739201,8.9,14.9,2100.0
2026-02-08T11:11:42.239561,8.9,14.9,2100.0
2026-02-08T11:11:42.740797,10.6,14.9,2100.0
2026-02-08T11:11:43.242409,5.2,14.9,2100.0
2026-02-08T11:11:43.743336,17.0,14.9,2100.0
2026-02-08T11:11:44.244260,5.5,14.9,2100.0
2026-02-08T11:11:44.745815,6.5,14.9,2100.0
2026-02-08T11:11:45.246571,11.5,14.9,2100.0
2026-02-08T11:11:45.748058,9.4,14.9,2100.0
2026-02-08T11:11:46.249011,8.1,14.9,2100.0
2026-02-08T11:11:46.749683,6.9,14.9,2100.0
2026-02-08T11:11:47.250530,7.5,14.9,2100.0
2026-02-08T11:11:47.751003,8.2,14.9,2100.0
2026-02-08T11:11:48.251559,9.0,14.9,2100.0
2026-02-08T11:11:48.752007,15.1,14.9,2100.0
2026-02-08T11:11:49.252840,10.4,14.9,2100.0
2026-02-08T11:11:49.753374,7.4,14.9,2100.0
2026-02-08T11:11:50.253803,5.7,14.9,2100.0
2026-02-08T11:11:50.754381,7.8,14.9,2100.0
2026-02-08T11:11:51.255197,6.0,14.9,2100.0
2026-02-08T11:11:51.756230,7.2,14.9,2100.0
2026-02-08T11:11:52.257392,8.7,14.9,2100.0
2026-02-08T11:11:52.757919,7.2,14.9,2100.0
2026-02-08T11:11:53.258815,6.2,15.0,2100.0
2026-02-08T11:11:53.760364,9.2,14.9,2100.0
2026-02-08T11:11:54.261377,5.5,14.9,2100.0
2026-02-08T11:11:54.762961,12.6,14.9,2100.0
2026-02-08T11:11:55.263589,5.9,14.9,2100.0
2026-02-08T11:11:55.764145,6.7,14.9,2100.0
2026-02-08T11:11:56.265190,6.5,14.9,2100.0
2026-02-08T11:11:56.765847,9.0,14.9,2100.0
2026-02-08T11:11:57.266305,6.0,14.9,2100.0
2026-02-08T11:11:57.767893,7.9,14.9,2100.0
2026-02-08T11:11:58.268458,7.6,14.9,2100.0
2026-02-08T11:11:58.768981,7.0,14.9,2100.0
2026-02-08T11:11:59.269522,6.1,14.9,2100.0
2026-02-08T11:11:59.769925,5.9,14.9,2100.0
2026-02-08T11:12:00.270787,5.7,14.9,2100.0
2026-02-08T11:12:00.771389,8.1,14.9,2100.0
2026-02-08T11:12:01.272830,5.2,14.9,2100.0
2026-02-08T11:12:01.774054,6.3,14.9,2100.0
2026-02-08T11:12:02.274570,5.7,14.9,2100.0
2026-02-08T11:12:02.775311,9.3,14.9,2100.0
2026-02-08T11:12:03.276154,6.4,14.9,2100.0
2026-02-08T11:12:03.784480,7.0,14.9,2100.0
2026-02-08T11:12:04.285304,7.1,14.9,2100.0
2026-02-08T11:12:04.786054,6.7,14.9,2100.0
2026-02-08T11:12:05.286935,6.5,14.9,2100.0
2026-02-08T11:12:05.787789,6.5,14.9,2100.0
2026-02-08T11:12:06.288995,6.4,14.9,2100.0
2026-02-08T11:12:06.789629,11.5,14.9,2100.0
2026-02-08T11:12:07.290221,7.8,14.9,2100.0
2026-02-08T11:12:07.791187,10.6,14.9,2100.0
2026-02-08T11:12:08.291649,10.5,14.9,2100.0
2026-02-08T11:12:08.792373,9.2,14.9,2100.0
2026-02-08T11:12:09.292989,7.3,14.9,2100.0
2026-02-08T11:12:09.793820,13.1,14.9,2100.0
2026-02-08T11:12:10.295230,7.6,14.9,2100.0
2026-02-08T11:12:10.795793,8.1,14.9,2100.0
2026-02-08T11:12:11.296733,8.8,14.9,2100.0
2026-02-08T11:12:11.797768,8.2,14.9,2100.0
2026-02-08T11:12:12.298316,9.9,14.9,2100.0
2026-02-08T11:12:12.799105,4.8,14.9,2100.0
2026-02-08T11:12:13.299739,8.1,14.9,2100.0
2026-02-08T11:12:13.800237,8.3,14.9,2100.0
2026-02-08T11:12:14.300710,7.9,14.9,2100.0
2026-02-08T11:12:14.801313,4.4,14.9,2100.0
2026-02-08T11:12:15.301834,7.8,14.9,2100.0
2026-02-08T11:12:15.802269,5.7,14.9,2100.0
2026-02-08T11:12:16.302930,9.8,14.9,2100.0
2026-02-08T11:12:16.803831,8.0,14.9,2100.0
2026-02-08T11:12:17.304420,10.9,14.9,2100.0
2026-02-08T11:12:17.805600,5.8,14.9,2100.0
2026-02-08T11:12:18.306265,12.3,14.9,2100.0
2026-02-08T11:12:18.806916,4.4,14.9,2100.0
2026-02-08T11:12:19.307635,10.8,14.9,2100.0
2026-02-08T11:12:19.808046,5.4,14.9,2100.0
2026-02-08T11:12:20.308887,11.9,14.9,2100.0
2026-02-08T11:12:20.809729,6.8,14.9,2100.0
2026-02-08T11:12:21.310539,8.4,14.9,2100.0
2026-02-08T11:12:21.810999,5.5,14.9,2100.0
2026-02-08T11:12:22.311499,8.9,14.9,2100.0
2026-02-08T11:12:22.812077,10.0,14.9,2100.0
2026-02-08T11:12:23.313044,5.8,14.9,2100.0
2026-02-08T11:12:23.813906,9.9,14.9,2100.0
2026-02-08T11:12:24.314366,4.1,14.9,2100.0
2026-02-08T11:12:24.814907,5.5,14.9,2100.0
2026-02-08T11:12:25.315553,13.1,14.9,2100.0
2026-02-08T11:12:25.816003,10.5,14.9,2100.0
2026-02-08T11:12:26.316439,7.0,14.9,2100.0
2026-02-08T11:12:26.817110,8.2,14.9,2100.0
2026-02-08T11:12:27.317596,7.3,14.9,2100.0
2026-02-08T11:12:27.818088,8.3,14.9,2100.0
2026-02-08T11:12:28.318999,11.2,14.9,2100.0
2026-02-08T11:12:28.819576,9.1,14.9,2100.0
2026-02-08T11:12:29.319964,8.0,14.9,2100.0
2026-02-08T11:12:29.820743,8.3,14.9,2100.0
2026-02-08T11:12:30.321775,7.4,14.9,2100.0
2026-02-08T11:12:30.823149,19.9,14.9,2100.0
2026-02-08T11:12:31.327927,6.8,14.9,2100.0
2026-02-08T11:12:31.828980,7.9,14.9,2100.0
2026-02-08T11:12:32.329887,10.4,14.9,2100.0
2026-02-08T11:12:32.830783,11.9,15.0,2100.0
2026-02-08T11:12:33.331328,20.7,15.0,2100.0
2026-02-08T11:12:33.832176,10.7,15.0,2100.0
2026-02-08T11:12:34.332941,6.9,15.0,2100.0
2026-02-08T11:12:34.833688,12.0,15.0,2100.0
2026-02-08T11:12:35.334108,5.3,15.0,2100.0
2026-02-08T11:12:35.834827,14.4,15.0,2100.0
2026-02-08T11:12:36.335399,9.3,15.0,2100.0
2026-02-08T11:12:36.836190,15.2,15.0,2100.0
2026-02-08T11:12:37.337055,9.2,15.0,2100.0
2026-02-08T11:12:37.838659,8.8,15.0,2100.0
2026-02-08T11:12:38.339264,4.9,15.0,2100.0
2026-02-08T11:12:38.840154,14.1,15.0,2100.0
2026-02-08T11:12:39.340613,6.2,15.0,2100.0
2026-02-08T11:12:39.841457,24.8,15.0,2100.0
2026-02-08T11:12:40.342428,5.7,15.0,2100.0
2026-02-08T11:12:40.842995,10.8,15.0,2100.0
2026-02-08T11:12:41.343494,6.1,15.0,2100.0
2026-02-08T11:12:41.844262,10.0,15.0,2100.0
2026-02-08T11:12:42.345138,6.6,15.1,2100.0
2026-02-08T11:12:42.847360,15.0,15.0,2100.0
2026-02-08T11:12:43.347969,6.2,15.0,2100.0
2026-02-08T11:12:43.848610,10.0,15.0,2100.0
2026-02-08T11:12:44.349088,4.5,15.0,2100.0
2026-02-08T11:12:44.849897,7.7,15.0,2100.0
2026-02-08T11:12:45.350724,4.9,15.0,2100.0
2026-02-08T11:12:45.851538,6.4,15.0,2100.0
2026-02-08T11:12:46.352337,6.6,15.0,2100.0
2026-02-08T11:12:46.852984,11.0,15.0,2100.0
2026-02-08T11:12:47.354349,13.8,15.0,2100.0
2026-02-08T11:12:47.857714,9.4,15.0,2100.0
2026-02-08T11:12:48.358565,7.6,15.0,2100.0
2026-02-08T11:12:48.859041,7.6,15.0,2100.0
2026-02-08T11:12:49.359832,11.3,15.0,2100.0
2026-02-08T11:12:49.860595,11.8,15.0,2100.0
2026-02-08T11:12:50.361160,10.4,15.0,2100.0
2026-02-08T11:12:50.862081,8.9,15.0,2100.0
2026-02-08T11:12:51.362589,9.6,15.0,2100.0
2026-02-08T11:12:51.863460,7.2,15.0,2100.0
2026-02-08T11:12:52.363997,9.0,15.0,2100.0
2026-02-08T11:12:52.864912,6.8,15.0,2100.0
2026-02-08T11:12:53.365644,8.3,15.0,2100.0
2026-02-08T11:12:53.868318,8.7,15.0,2100.0
2026-02-08T11:12:54.368995,9.5,15.0,2100.0
2026-02-08T11:12:54.869668,8.3,15.0,2100.0
2026-02-08T11:12:55.370310,4.9,15.0,2100.0
2026-02-08T11:12:55.871425,9.6,15.0,2100.0
2026-02-08T11:12:56.372245,5.2,15.0,2100.0
2026-02-08T11:12:56.872841,6.0,15.0,2100.0
2026-02-08T11:12:57.373420,8.6,15.0,2100.0
2026-02-08T11:12:57.874474,8.4,15.0,2100.0
2026-02-08T11:12:58.375445,8.6,15.0,2100.0
2026-02-08T11:12:58.877065,5.8,15.0,2100.0
2026-02-08T11:12:59.377654,8.2,15.0,2100.0
2026-02-08T11:12:59.878124,8.6,15.0,2100.0
2026-02-08T11:13:00.379184,13.8,15.0,2100.0
2026-02-08T11:13:00.879976,6.5,15.0,2100.0
2026-02-08T11:13:01.383189,16.1,15.0,2100.0
2026-02-08T11:13:01.883804,6.3,15.0,2100.0
2026-02-08T11:13:02.385824,9.3,15.0,2100.0
2026-02-08T11:13:02.886536,6.8,15.0,2100.0
2026-02-08T11:13:03.387149,10.7,15.0,2100.0
2026-02-08T11:13:03.888668,5.1,15.0,2100.0
2026-02-08T11:13:04.389707,4.8,15.0,2100.0
2026-02-08T11:13:04.890786,4.8,15.0,2100.0
2026-02-08T11:13:05.391748,13.9,15.0,2100.0
2026-02-08T11:13:05.892850,6.1,15.0,2100.0
2026-02-08T11:13:06.393981,5.7,15.0,2100.0
2026-02-08T11:13:06.894794,5.9,15.0,2100.0
2026-02-08T11:13:07.398618,8.6,15.0,2100.0
2026-02-08T11:13:07.899345,15.9,15.0,2100.0
2026-02-08T11:13:08.400011,6.0,15.0,2100.0
2026-02-08T11:13:08.900526,17.8,15.0,2100.0
2026-02-08T11:13:09.401102,8.1,15.0,2100.0
2026-02-08T11:13:09.902917,11.5,15.0,2100.0
2026-02-08T11:13:10.405321,9.7,15.0,2100.0
2026-02-08T11:13:10.906209,17.8,15.0,2100.0
2026-02-08T11:13:11.406999,7.0,15.0,2100.0
2026-02-08T11:13:11.907501,13.5,15.0,2100.0
2026-02-08T11:13:12.408189,12.3,15.0,2100.0
2026-02-08T11:13:12.909981,19.8,15.0,2100.0
2026-02-08T11:13:13.410386,9.3,15.0,2100.0
2026-02-08T11:13:13.911074,13.3,15.0,2100.0
2026-02-08T11:13:14.411639,5.7,15.0,2100.0
2026-02-08T11:13:14.912176,6.5,15.0,2100.0
2026-02-08T11:13:15.412632,6.3,15.0,2100.0
2026-02-08T11:13:15.913245,13.3,15.0,2100.0
2026-02-08T11:13:16.413870,10.1,15.0,2100.0
2026-02-08T11:13:16.914483,9.3,15.0,2100.0
2026-02-08T11:13:17.415114,14.9,15.0,2100.0
2026-02-08T11:13:17.915537,6.3,15.0,2100.0
2026-02-08T11:13:18.416294,7.6,15.0,2100.0
2026-02-08T11:13:18.917111,8.7,15.0,2100.0
2026-02-08T11:13:19.417820,11.3,15.0,2100.0
2026-02-08T11:13:19.918542,8.0,15.0,2100.0
2026-02-08T11:13:20.419352,6.4,15.0,2100.0
2026-02-08T11:13:20.919815,10.9,15.0,2100.0
2026-02-08T11:13:21.420821,5.8,15.0,2100.0
2026-02-08T11:13:21.921780,6.6,15.0,2100.0
2026-02-08T11:13:22.422223,6.1,15.0,2100.0
2026-02-08T11:13:22.922726,11.8,15.0,2100.0
2026-02-08T11:13:23.423569,6.2,15.0,2100.0
2026-02-08T11:13:23.924240,6.4,15.0,2100.0
2026-02-08T11:13:24.425291,7.2,15.0,2100.0
2026-02-08T11:13:24.925854,4.0,15.0,2100.0
2026-02-08T11:13:25.426624,7.6,15.0,2100.0
2026-02-08T11:13:25.927187,11.2,15.0,2100.0
2026-02-08T11:13:26.427650,6.9,15.0,2100.0
2026-02-08T11:13:26.928229,5.4,15.0,2100.0
2026-02-08T11:13:27.429153,7.9,15.0,2100.0
2026-02-08T11:13:27.929549,6.4,15.0,2100.0
2026-02-08T11:13:28.430110,6.2,15.0,2100.0
2026-02-08T11:13:28.930620,6.7,15.0,2100.0
2026-02-08T11:13:29.431384,6.4,15.0,2100.0
2026-02-08T11:13:29.932847,10.5,15.0,2100.0
2026-02-08T11:13:30.433513,5.1,15.0,2100.0
2026-02-08T11:13:30.935353,6.4,15.0,2100.0
2026-02-08T11:13:31.436109,5.1,15.0,2100.0
2026-02-08T11:13:31.936805,6.5,15.0,2100.0
2026-02-08T11:13:32.437514,6.7,15.0,2100.0
2026-02-08T11:13:32.938729,5.8,15.0,2100.0
2026-02-08T11:13:33.439352,9.5,15.0,2100.0
2026-02-08T11:13:33.940026,6.0,15.0,2100.0
2026-02-08T11:13:34.441339,8.9,15.0,2100.0
2026-02-08T11:13:34.942052,5.4,15.0,2100.0
2026-02-08T11:13:35.442953,9.4,15.0,2100.0
2026-02-08T11:13:35.944105,4.9,15.0,2100.0
2026-02-08T11:13:36.444838,5.3,15.0,2100.0
2026-02-08T11:13:36.945717,7.3,15.0,2100.0
2026-02-08T11:13:37.446330,8.9,15.0,2100.0
2026-02-08T11:13:37.947030,4.5,15.0,2100.0
2026-02-08T11:13:38.457709,16.6,15.0,2100.0
2026-02-08T11:13:38.958148,11.5,15.0,2100.0
2026-02-08T11:13:39.462789,8.3,15.0,2100.0
2026-02-08T11:13:39.963480,6.9,15.0,2100.0
2026-02-08T11:13:40.464256,9.1,15.0,2100.0
2026-02-08T11:13:40.964595,6.4,15.0,2100.0
2026-02-08T11:13:41.465338,5.9,15.0,2100.0
2026-02-08T11:13:41.965683,6.9,15.0,2100.0
2026-02-08T11:13:42.466429,7.7,15.0,2100.0
2026-02-08T11:13:42.975944,8.0,15.0,2100.0
2026-02-08T11:13:43.476601,8.1,15.0,2100.0
2026-02-08T11:13:43.977124,5.8,15.0,2100.0
2026-02-08T11:13:44.477579,10.9,15.0,2100.0
2026-02-08T11:13:44.978059,7.2,15.0,2100.0
2026-02-08T11:13:45.478886,13.9,15.0,2100.0
2026-02-08T11:13:45.980057,5.7,15.0,2100.0
2026-02-08T11:13:46.480577,10.7,15.0,2100.0
2026-02-08T11:13:46.981188,7.1,15.0,2100.0
2026-02-08T11:13:47.482430,14.2,15.0,2100.0
2026-02-08T11:13:47.983360,7.8,15.0,2100.0
2026-02-08T11:13:48.485245,6.6,15.0,2100.0
2026-02-08T11:13:48.986277,11.6,15.0,2100.0
2026-02-08T11:13:49.486857,9.3,15.0,2100.0
2026-02-08T11:13:49.987339,10.7,15.0,2100.0
2026-02-08T11:13:50.488007,13.8,15.0,2100.0
2026-02-08T11:13:50.988755,4.9,15.0,2100.0
2026-02-08T11:13:51.489774,11.5,15.0,2100.0
2026-02-08T11:13:51.990338,12.9,15.1,2100.0
2026-02-08T11:13:52.491201,10.2,15.1,2100.0
2026-02-08T11:13:52.992466,12.7,15.1,2100.0
2026-02-08T11:13:53.493239,10.9,15.1,2100.0
2026-02-08T11:13:53.993953,6.9,15.1,2100.0
2026-02-08T11:13:54.494561,8.7,15.1,2100.0
2026-02-08T11:13:54.995350,6.5,15.1,2100.0
2026-02-08T11:13:55.495922,9.8,15.1,2100.0
2026-02-08T11:13:55.996770,6.9,15.0,2100.0
2026-02-08T11:13:56.497342,6.6,15.1,2100.0
2026-02-08T11:13:56.998133,8.8,15.0,2100.0
2026-02-08T11:13:57.498632,11.9,15.0,2100.0
2026-02-08T11:13:57.999411,8.2,15.0,2100.0
2026-02-08T11:13:58.500423,11.9,15.0,2100.0
2026-02-08T11:13:59.001426,6.2,15.0,2100.0
2026-02-08T11:13:59.502417,10.8,15.0,2100.0
2026-02-08T11:14:00.004614,5.9,15.0,2100.0
2026-02-08T11:14:00.505132,10.0,15.0,2100.0
2026-02-08T11:14:01.006802,5.4,15.0,2100.0
2026-02-08T11:14:01.507778,10.7,15.0,2100.0
2026-02-08T11:14:02.008741,7.0,15.0,2100.0
2026-02-08T11:14:02.509439,10.3,15.0,2100.0
2026-02-08T11:14:03.010065,5.4,15.0,2100.0
2026-02-08T11:14:03.511090,16.8,15.0,2100.0
2026-02-08T11:14:04.011732,6.2,15.0,2100.0
2026-02-08T11:14:04.512479,7.5,15.0,2100.0
2026-02-08T11:14:05.013243,8.4,15.0,2100.0
2026-02-08T11:14:05.514096,7.1,15.0,2100.0
2026-02-08T11:14:06.014515,5.2,15.0,2100.0
2026-02-08T11:14:06.515194,9.0,15.0,2100.0
2026-02-08T11:14:07.015793,6.2,15.0,2100.0
2026-02-08T11:14:07.517410,8.7,15.0,2100.0
2026-02-08T11:14:08.018262,5.2,15.0,2100.0
2026-02-08T11:14:08.519186,7.1,15.0,2100.0
2026-02-08T11:14:09.020096,5.8,15.0,2100.0
2026-02-08T11:14:09.521280,8.5,15.0,2100.0
2026-02-08T11:14:10.022042,6.4,15.0,2100.0
2026-02-08T11:14:10.522544,6.4,15.0,2100.0
2026-02-08T11:14:11.023075,5.1,15.0,2100.0
2026-02-08T11:14:11.524093,8.2,15.0,2100.0
2026-02-08T11:14:12.024756,6.0,15.0,2100.0
2026-02-08T11:14:12.525637,7.4,15.0,2100.0
2026-02-08T11:14:13.026580,7.2,15.0,2100.0
2026-02-08T11:14:13.527480,9.0,15.0,2100.0
2026-02-08T11:14:14.027941,8.3,15.0,2100.0
2026-02-08T11:14:14.528720,7.1,15.0,2100.0
2026-02-08T11:14:15.029295,7.0,15.0,2100.0
2026-02-08T11:14:15.529877,6.9,15.0,2100.0
2026-02-08T11:14:16.030749,9.8,15.0,2100.0
2026-02-08T11:14:16.531481,7.9,15.0,2100.0
2026-02-08T11:14:17.033129,5.8,15.0,2100.0
2026-02-08T11:14:17.534223,9.5,15.0,2100.0
2026-02-08T11:14:18.035116,5.7,15.0,2100.0
2026-02-08T11:14:18.536122,14.2,15.0,2100.0
2026-02-08T11:14:19.036870,9.0,15.0,2100.0
2026-02-08T11:14:19.537606,11.8,15.0,2100.0
2026-02-08T11:14:20.039253,9.0,15.0,2100.0
2026-02-08T11:14:20.539824,18.7,15.0,2100.0
2026-02-08T11:14:21.040794,7.0,15.0,2100.0
2026-02-08T11:14:21.541474,11.2,15.0,2100.0
2026-02-08T11:14:22.042105,6.4,15.0,2100.0
2026-02-08T11:14:22.542503,11.6,15.0,2100.0
2026-02-08T11:14:23.043062,7.2,15.0,2100.0
2026-02-08T11:14:23.543869,8.7,15.0,2100.0
2026-02-08T11:14:24.044516,7.2,15.0,2100.0
2026-02-08T11:14:24.545344,7.8,15.0,2100.0
2026-02-08T11:14:25.046198,5.1,15.0,2100.0
2026-02-08T11:14:25.547005,9.8,15.0,2100.0
2026-02-08T11:14:26.047953,6.4,15.0,2100.0
2026-02-08T11:14:26.548964,7.0,15.0,2100.0
2026-02-08T11:14:27.049952,6.7,15.0,2100.0
2026-02-08T11:14:27.550547,8.9,14.9,2100.0
2026-02-08T11:14:28.051176,6.9,14.9,2100.0
2026-02-08T11:14:28.551940,8.8,14.9,2100.0
2026-02-08T11:14:29.053094,6.7,14.9,2100.0
2026-02-08T11:14:29.554564,13.1,14.9,2100.0
2026-02-08T11:14:30.055206,5.4,14.9,2100.0
2026-02-08T11:14:30.556034,8.0,14.9,2100.0
2026-02-08T11:14:31.056951,5.2,14.9,2100.0
2026-02-08T11:14:31.557425,5.9,14.9,2100.0
2026-02-08T11:14:32.058252,5.8,14.9,2100.0
2026-02-08T11:14:32.559211,9.6,14.9,2100.0
2026-02-08T11:14:33.060399,6.8,14.9,2100.0
2026-02-08T11:14:33.561409,8.6,14.9,2100.0
2026-02-08T11:14:34.062364,4.7,14.9,2100.0
2026-02-08T11:14:34.563015,8.6,14.9,2100.0
2026-02-08T11:14:35.063663,8.8,14.9,2100.0
2026-02-08T11:14:35.564184,12.7,14.9,2100.0
2026-02-08T11:14:36.065441,9.7,14.9,2100.0
2026-02-08T11:14:36.565945,8.1,14.9,2100.0
2026-02-08T11:14:37.066357,7.9,14.9,2100.0
2026-02-08T11:14:37.567602,15.6,14.9,2100.0
2026-02-08T11:14:38.069184,8.7,14.9,2100.0
2026-02-08T11:14:38.569850,7.0,14.9,2100.0
2026-02-08T11:14:39.070450,7.0,14.9,2100.0
2026-02-08T11:14:39.571240,10.5,14.9,2100.0
2026-02-08T11:14:40.071667,5.1,14.9,2100.0
2026-02-08T11:14:40.572268,8.1,14.9,2100.0
2026-02-08T11:14:41.072706,6.1,14.9,2100.0
2026-02-08T11:14:41.573553,8.3,14.9,2100.0
2026-02-08T11:14:42.074485,6.9,14.9,2100.0
2026-02-08T11:14:42.575245,9.4,14.9,2100.0
2026-02-08T11:14:43.075678,7.2,14.9,2100.0
2026-02-08T11:14:43.576644,11.6,14.9,2100.0
2026-02-08T11:14:44.077320,4.7,14.9,2100.0
2026-02-08T11:14:44.578064,9.5,14.9,2100.0
2026-02-08T11:14:45.078553,12.9,14.9,2100.0
2026-02-08T11:14:45.579305,7.2,15.0,2100.0
2026-02-08T11:14:46.079896,6.9,15.0,2100.0
2026-02-08T11:14:46.580595,6.0,15.0,2100.0
2026-02-08T11:14:47.082956,6.7,14.9,2100.0
2026-02-08T11:14:47.583883,8.9,15.0,2100.0
2026-02-08T11:14:48.084404,12.0,15.0,2100.0
2026-02-08T11:14:48.585199,8.3,15.0,2100.0
2026-02-08T11:14:49.086762,7.5,15.0,2100.0
2026-02-08T11:14:49.587384,8.6,15.0,2100.0
2026-02-08T11:14:50.088055,9.3,14.9,2100.0
2026-02-08T11:14:50.588912,6.0,14.9,2100.0
2026-02-08T11:14:51.089610,7.8,14.9,2100.0
2026-02-08T11:14:51.590829,13.6,15.0,2100.0
2026-02-08T11:14:52.091515,6.0,15.0,2100.0
2026-02-08T11:14:52.592320,7.4,15.0,2100.0
2026-02-08T11:14:53.092739,8.8,15.0,2100.0
2026-02-08T11:14:53.593436,9.5,15.0,2100.0
2026-02-08T11:14:54.094036,8.6,15.0,2100.0
2026-02-08T11:14:54.594744,5.7,15.0,2100.0
2026-02-08T11:14:55.095156,6.4,15.0,2100.0
2026-02-08T11:14:55.595856,4.0,15.0,2100.0
2026-02-08T11:14:56.096543,7.9,15.0,2100.0
2026-02-08T11:14:56.598027,7.2,15.0,2100.0
2026-02-08T11:14:57.099029,7.7,15.0,2100.0
2026-02-08T11:14:57.600070,5.3,15.0,2100.0
2026-02-08T11:14:58.100701,8.3,15.0,2100.0
2026-02-08T11:14:58.601392,5.4,15.0,2100.0
2026-02-08T11:14:59.102143,8.3,15.0,2100.0
2026-02-08T11:14:59.602730,7.6,15.0,2100.0
2026-02-08T11:15:00.103901,8.0,15.0,2100.0
2026-02-08T11:15:00.604636,8.0,15.0,2100.0
2026-02-08T11:15:01.105288,6.8,15.0,2100.0
2026-02-08T11:15:01.605919,6.4,15.0,2100.0
2026-02-08T11:15:02.107750,9.8,15.0,2100.0
2026-02-08T11:15:02.608181,12.4,15.0,2100.0
2026-02-08T11:15:03.108859,5.6,15.0,2100.0
2026-02-08T11:15:03.609570,8.6,15.0,2100.0
2026-02-08T11:15:04.110462,6.7,15.0,2100.0
2026-02-08T11:15:04.611237,8.1,15.0,2100.0
2026-02-08T11:15:05.111809,8.0,15.0,2100.0
2026-02-08T11:15:05.612724,10.0,15.0,2100.0
2026-02-08T11:15:06.113600,17.4,15.0,2100.0
2026-02-08T11:15:06.614317,8.9,15.0,2100.0
2026-02-08T11:15:07.115211,10.1,15.0,2100.0
2026-02-08T11:15:07.616236,6.9,15.0,2100.0
2026-02-08T11:15:08.116668,10.6,15.0,2100.0
2026-02-08T11:15:08.617598,11.6,15.0,2100.0
2026-02-08T11:15:09.118123,6.6,15.0,2100.0
2026-02-08T11:15:09.619069,10.6,15.0,2100.0
2026-02-08T11:15:10.120092,7.5,15.0,2100.0
2026-02-08T11:15:10.621221,7.5,15.0,2100.0
2026-02-08T11:15:11.121872,4.9,15.0,2100.0
2026-02-08T11:15:11.622266,10.1,15.0,2100.0
2026-02-08T11:15:12.122800,6.9,15.0,2100.0
2026-02-08T11:15:12.623351,7.4,15.0,2100.0
2026-02-08T11:15:13.123706,5.1,15.0,2100.0
2026-02-08T11:15:13.624398,6.7,15.0,2100.0
2026-02-08T11:15:14.124827,7.7,15.0,2100.0
2026-02-08T11:15:14.625638,7.4,15.0,2100.0
2026-02-08T11:15:15.126462,5.5,15.0,2100.0
2026-02-08T11:15:15.627001,7.7,15.0,2100.0
2026-02-08T11:15:16.127881,7.6,15.0,2100.0
2026-02-08T11:15:16.628909,10.9,15.0,2100.0
2026-02-08T11:15:17.129954,4.9,15.0,2100.0
2026-02-08T11:15:17.630943,10.9,15.0,2100.0
2026-02-08T11:15:18.132439,11.1,15.0,2100.0
2026-02-08T11:15:18.633729,12.7,15.0,2100.0
2026-02-08T11:15:19.134486,7.0,15.0,2100.0
2026-02-08T11:15:19.635630,12.6,15.0,2100.0
2026-02-08T11:15:20.136503,6.7,15.0,2100.0
2026-02-08T11:15:20.636994,12.9,15.0,2100.0
2026-02-08T11:15:21.137628,6.8,15.0,2100.0
2026-02-08T11:15:21.638034,7.6,15.0,2100.0
2026-02-08T11:15:22.139925,12.9,15.0,2100.0
2026-02-08T11:15:22.641111,19.9,15.0,2100.0
2026-02-08T11:15:23.142142,6.1,15.1,2100.0
2026-02-08T11:15:23.644524,11.3,15.0,2100.0
2026-02-08T11:15:24.145169,6.9,15.0,2100.0
2026-02-08T11:15:24.645812,13.2,15.0,2100.0
2026-02-08T11:15:25.146758,8.7,15.0,2100.0
2026-02-08T11:15:25.647805,13.3,15.0,2100.0
2026-02-08T11:15:26.148829,12.0,15.0,2100.0
2026-02-08T11:15:26.649490,10.2,15.0,2100.0
2026-02-08T11:15:27.150387,12.9,15.0,2100.0
2026-02-08T11:15:27.650853,15.8,15.0,2100.0
2026-02-08T11:15:28.151382,11.6,15.0,2100.0
2026-02-08T11:15:28.652183,7.5,15.0,2100.0
2026-02-08T11:15:29.153024,6.9,15.0,2100.0
2026-02-08T11:15:29.654140,6.6,15.0,2100.0
2026-02-08T11:15:30.154930,5.0,15.0,2100.0
2026-02-08T11:15:30.655473,13.4,15.0,2100.0
2026-02-08T11:15:31.156126,4.6,15.0,2100.0
2026-02-08T11:15:31.657001,7.6,15.0,2100.0
2026-02-08T11:15:32.157670,8.4,15.0,2100.0
2026-02-08T11:15:32.658857,9.9,15.0,2100.0
2026-02-08T11:15:33.159727,7.0,15.0,2100.0
2026-02-08T11:15:33.660308,13.4,15.0,2100.0
2026-02-08T11:15:34.161094,8.0,15.0,2100.0
2026-02-08T11:15:34.661740,7.0,15.0,2100.0
2026-02-08T11:15:35.163109,3.9,15.0,2100.0
2026-02-08T11:15:35.663823,15.4,14.9,2100.0
2026-02-08T11:15:36.164560,10.0,14.9,2100.0
2026-02-08T11:15:36.665986,9.0,15.0,2100.0
2026-02-08T11:15:37.166382,5.9,15.0,2100.0
2026-02-08T11:15:37.667078,8.4,15.0,2100.0
2026-02-08T11:15:38.168610,9.4,15.0,2100.0
2026-02-08T11:15:38.669149,9.5,15.0,2100.0
2026-02-08T11:15:39.169778,7.5,15.0,2100.0
2026-02-08T11:15:39.670360,7.1,15.0,2100.0
2026-02-08T11:15:40.171187,13.7,15.0,2100.0
2026-02-08T11:15:40.672025,16.7,15.0,2100.0
2026-02-08T11:15:41.172988,7.3,15.1,2100.0
2026-02-08T11:15:41.673438,13.4,15.1,2100.0
2026-02-08T11:15:42.174298,12.5,15.1,2100.0
2026-02-08T11:15:42.675054,9.1,15.1,2100.0
2026-02-08T11:15:43.175794,9.1,15.1,2100.0
2026-02-08T11:15:43.681692,13.1,15.1,2100.0
2026-02-08T11:15:44.183368,11.3,15.1,2100.0
2026-02-08T11:15:44.683985,5.8,15.1,2100.0
2026-02-08T11:15:45.184560,12.7,15.1,2100.0
2026-02-08T11:15:45.685140,9.2,15.1,2100.0
2026-02-08T11:15:46.185749,15.1,15.1,2100.0
2026-02-08T11:15:46.686669,17.1,15.1,2100.0
2026-02-08T11:15:47.189079,9.8,15.1,2100.0
2026-02-08T11:15:47.689695,17.6,15.1,2100.0
2026-02-08T11:15:48.190369,9.8,15.2,2100.0
2026-02-08T11:15:48.693457,10.1,15.2,2100.0
2026-02-08T11:15:49.194232,19.1,15.2,2100.0
2026-02-08T11:15:49.695237,12.3,15.2,2100.0
2026-02-08T11:15:50.195980,5.9,15.2,2100.0
2026-02-08T11:15:50.696497,7.9,15.2,2100.0
2026-02-08T11:15:51.197743,9.3,15.2,2100.0
2026-02-08T11:15:51.698151,6.5,15.2,2100.0
2026-02-08T11:15:52.198549,14.8,15.1,2100.0
2026-02-08T11:15:52.699679,15.9,15.1,2100.0
2026-02-08T11:15:53.200461,7.8,15.1,2100.0
2026-02-08T11:15:53.701236,7.9,15.1,2100.0
2026-02-08T11:15:54.201986,6.0,15.1,2100.0
2026-02-08T11:15:54.702365,7.3,15.1,2100.0
2026-02-08T11:15:55.202791,6.8,15.1,2100.0
2026-02-08T11:15:55.703267,16.5,15.1,2100.0
2026-02-08T11:15:56.204164,13.1,15.1,2100.0
2026-02-08T11:15:56.704944,16.8,15.1,2100.0
2026-02-08T11:15:57.205728,8.1,15.1,2100.0
2026-02-08T11:15:57.706091,6.2,15.1,2100.0
2026-02-08T11:15:58.206623,9.2,15.1,2100.0
2026-02-08T11:15:58.706998,8.2,15.1,2100.0
2026-02-08T11:15:59.207692,8.0,15.1,2100.0
2026-02-08T11:15:59.708375,14.7,15.1,2100.0
2026-02-08T11:16:00.208985,9.8,15.1,2100.0
2026-02-08T11:16:00.709533,12.9,15.1,2100.0
2026-02-08T11:16:01.210015,5.7,15.1,2100.0
2026-02-08T11:16:01.710563,7.3,15.1,2100.0
2026-02-08T11:16:02.211649,7.3,15.1,2100.0
2026-02-08T11:16:02.712387,16.6,15.1,2100.0
2026-02-08T11:16:03.213055,7.8,15.1,2100.0
2026-02-08T11:16:03.714278,7.7,15.1,2100.0
2026-02-08T11:16:04.215322,6.3,15.0,2100.0
2026-02-08T11:16:04.715951,10.2,15.0,2100.0
2026-02-08T11:16:05.217096,4.0,15.0,2100.0
2026-02-08T11:16:05.718254,7.1,15.0,2100.0
2026-02-08T11:16:06.218805,7.9,15.0,2100.0
2026-02-08T11:16:06.719390,14.5,15.1,2100.0
2026-02-08T11:16:07.220303,7.5,15.0,2100.0
2026-02-08T11:16:07.721254,11.5,15.0,2100.0
2026-02-08T11:16:08.221894,7.4,15.0,2100.0
2026-02-08T11:16:08.722846,10.8,15.1,2100.0
2026-02-08T11:16:09.223657,7.4,15.0,2100.0
2026-02-08T11:16:09.724572,9.8,15.0,2100.0
2026-02-08T11:16:10.225083,6.9,15.0,2100.0
2026-02-08T11:16:10.725716,9.0,15.0,2100.0
2026-02-08T11:16:11.226364,4.7,15.0,2100.0
2026-02-08T11:16:11.727963,6.1,15.0,2100.0
2026-02-08T11:16:12.228460,5.9,15.0,2100.0
2026-02-08T11:16:12.729004,13.9,15.0,2100.0
2026-02-08T11:16:13.229468,6.4,15.0,2100.0
2026-02-08T11:16:13.730029,10.1,15.0,2100.0
2026-02-08T11:16:14.230618,9.0,15.0,2100.0
2026-02-08T11:16:14.732311,8.8,15.0,2100.0
2026-02-08T11:16:15.233119,7.0,15.0,2100.0
2026-02-08T11:16:15.733823,7.2,15.0,2100.0
2026-02-08T11:16:16.234547,9.4,15.0,2100.0
2026-02-08T11:16:16.736179,8.0,15.0,2100.0
2026-02-08T11:16:17.236705,5.8,15.0,2100.0
2026-02-08T11:16:17.737125,8.5,15.0,2100.0
2026-02-08T11:16:18.237624,7.1,15.0,2100.0
2026-02-08T11:16:18.738272,7.2,15.0,2100.0
2026-02-08T11:16:19.238868,9.8,15.0,2100.0
2026-02-08T11:16:19.739319,4.8,15.0,2100.0
2026-02-08T11:16:20.239741,6.4,15.0,2100.0
2026-02-08T11:16:20.740797,5.8,15.0,2100.0
2026-02-08T11:16:21.241386,8.8,15.0,2100.0
2026-02-08T11:16:21.741875,5.8,15.0,2100.0
2026-02-08T11:16:22.242639,5.4,15.0,2100.0
2026-02-08T11:16:22.743788,9.4,15.0,2100.0
2026-02-08T11:16:23.244824,5.4,15.0,2100.0
2026-02-08T11:16:23.745570,5.1,15.0,2100.0
2026-02-08T11:16:24.246389,7.3,15.0,2100.0
2026-02-08T11:16:24.747189,12.7,15.0,2100.0
2026-02-08T11:16:25.247966,5.6,15.0,2100.0
2026-02-08T11:16:25.748504,7.2,15.0,2100.0
2026-02-08T11:16:26.250383,6.1,15.0,2100.0
2026-02-08T11:16:26.750988,6.8,15.0,2100.0
2026-02-08T11:16:27.251489,6.1,15.0,2100.0
2026-02-08T11:16:27.752246,10.9,15.0,2100.0
2026-02-08T11:16:28.253180,8.1,15.0,2100.0
2026-02-08T11:16:28.753868,8.7,15.0,2100.0
2026-02-08T11:16:29.254896,10.5,15.0,2100.0
2026-02-08T11:16:29.756284,6.9,15.0,2100.0
2026-02-08T11:16:30.256904,10.5,15.0,2100.0
2026-02-08T11:16:30.757389,11.5,15.0,2100.0
2026-02-08T11:16:31.259146,11.6,15.0,2100.0
2026-02-08T11:16:31.760486,18.7,15.0,2100.0
2026-02-08T11:16:32.261384,9.1,15.0,2100.0
2026-02-08T11:16:32.761774,10.4,15.0,2100.0
2026-02-08T11:16:33.262402,7.1,15.0,2100.0
2026-02-08T11:16:33.762826,44.5,15.1,2100.0
2026-02-08T11:16:34.263749,26.7,15.1,2100.0
2026-02-08T11:16:34.764560,11.0,15.1,2100.0
2026-02-08T11:16:35.265259,9.4,15.1,2100.0
2026-02-08T11:16:35.766093,6.5,15.1,2100.0
2026-02-08T11:16:36.267875,6.0,15.1,2100.0
2026-02-08T11:16:36.768569,7.7,15.1,2100.0
2026-02-08T11:16:37.268973,6.5,15.1,2100.0
2026-02-08T11:16:37.769617,13.2,15.1,2100.0
2026-02-08T11:16:38.270117,17.1,15.1,2100.0
2026-02-08T11:16:38.771053,13.1,15.1,2100.0
2026-02-08T11:16:39.271510,5.9,15.1,2100.0
2026-02-08T11:16:39.772293,13.1,15.1,2100.0
2026-02-08T11:16:40.273134,12.8,15.1,2100.0
2026-02-08T11:16:40.773692,18.9,15.1,2100.0
2026-02-08T11:16:41.274387,8.3,15.1,2100.0
2026-02-08T11:16:41.775174,9.6,15.1,2100.0
2026-02-08T11:16:42.276280,8.9,15.1,2100.0
2026-02-08T11:16:42.776919,5.5,15.1,2100.0
2026-02-08T11:16:43.277676,12.8,15.1,2100.0
2026-02-08T11:16:43.778536,14.4,15.1,2100.0
2026-02-08T11:16:44.279817,7.0,15.1,2100.0
2026-02-08T11:16:44.780372,12.4,15.1,2100.0
2026-02-08T11:16:45.281181,16.7,15.1,2100.0
2026-02-08T11:16:45.782251,6.5,15.1,2100.0
2026-02-08T11:16:46.282681,6.1,15.1,2100.0
2026-02-08T11:16:46.783657,6.0,15.1,2100.0
2026-02-08T11:16:47.284638,7.7,15.1,2100.0
2026-02-08T11:16:47.785584,11.6,15.1,2100.0
2026-02-08T11:16:48.286082,6.0,15.1,2100.0
2026-02-08T11:16:48.786554,6.5,15.1,2100.0
2026-02-08T11:16:49.286934,6.6,15.1,2100.0
2026-02-08T11:16:49.787546,9.0,15.1,2100.0
2026-02-08T11:16:50.288056,6.5,15.1,2100.0
2026-02-08T11:16:50.788974,10.6,15.1,2100.0
2026-02-08T11:16:51.289850,7.4,15.1,2100.0
2026-02-08T11:16:51.790723,8.9,15.1,2100.0
2026-02-08T11:16:52.291184,5.4,15.1,2100.0
2026-02-08T11:16:52.792293,7.6,15.1,2100.0
2026-02-08T11:16:53.293292,14.6,15.1,2100.0
2026-02-08T11:16:53.793788,11.8,15.1,2100.0
2026-02-08T11:16:54.294306,5.4,15.1,2100.0
2026-02-08T11:16:54.794957,6.4,15.1,2100.0
2026-02-08T11:16:55.295805,7.2,15.1,2100.0
2026-02-08T11:16:55.796912,6.6,15.1,2100.0
2026-02-08T11:16:56.297717,4.9,15.1,2100.0
2026-02-08T11:16:56.798237,8.4,15.1,2100.0
2026-02-08T11:16:57.299127,6.5,15.1,2100.0
2026-02-08T11:16:57.799827,7.2,15.1,2100.0
2026-02-08T11:16:58.301087,7.1,15.1,2100.0
2026-02-08T11:16:58.801836,7.3,15.1,2100.0
2026-02-08T11:16:59.302300,10.5,15.1,2100.0
2026-02-08T11:16:59.803036,5.6,15.1,2100.0
2026-02-08T11:17:00.304149,6.7,15.1,2100.0
2026-02-08T11:17:00.805027,9.1,15.1,2100.0
2026-02-08T11:17:01.305394,7.8,15.1,2100.0
2026-02-08T11:17:01.809551,7.3,15.1,2100.0
2026-02-08T11:17:02.309986,10.3,15.1,2100.0
2026-02-08T11:17:02.812335,9.8,15.0,2100.0
2026-02-08T11:17:03.312874,6.4,15.0,2100.0
2026-02-08T11:17:03.813988,7.4,15.1,2100.0
2026-02-08T11:17:04.314565,4.8,15.0,2100.0
2026-02-08T11:17:04.815431,8.3,15.0,2100.0
2026-02-08T11:17:05.316921,6.8,15.0,2100.0
2026-02-08T11:17:05.817711,8.6,15.0,2100.0
2026-02-08T11:17:06.318259,6.8,15.0,2100.0
2026-02-08T11:17:06.818763,4.9,15.0,2100.0
2026-02-08T11:17:07.319347,7.3,15.0,2100.0
2026-02-08T11:17:07.819832,5.0,15.0,2100.0
2026-02-08T11:17:08.320225,7.4,15.0,2100.0
2026-02-08T11:17:08.821098,5.6,15.0,2100.0
2026-02-08T11:17:09.321780,7.9,15.0,2100.0
2026-02-08T11:17:09.822249,7.3,15.0,2100.0
2026-02-08T11:17:10.322931,9.7,15.0,2100.0
2026-02-08T11:17:10.824391,6.4,15.0,2100.0
2026-02-08T11:17:11.325282,8.0,15.0,2100.0
2026-02-08T11:17:11.825724,9.9,15.0,2100.0
2026-02-08T11:17:12.326222,11.0,15.0,2100.0
2026-02-08T11:17:12.827050,6.5,15.0,2100.0
2026-02-08T11:17:13.328243,10.7,15.0,2100.0
2026-02-08T11:17:13.829503,5.6,15.0,2100.0
2026-02-08T11:17:14.330010,9.2,15.0,2100.0
2026-02-08T11:17:14.831241,8.7,15.0,2100.0
2026-02-08T11:17:15.332572,12.1,15.0,2100.0
2026-02-08T11:17:15.832984,6.4,15.0,2100.0
2026-02-08T11:17:16.333446,7.1,15.0,2100.0
2026-02-08T11:17:16.834315,12.5,15.0,2100.0
2026-02-08T11:17:17.335826,10.8,15.0,2100.0
2026-02-08T11:17:17.836434,7.0,15.0,2100.0
2026-02-08T11:17:18.337444,7.1,15.0,2100.0
2026-02-08T11:17:18.837961,6.5,15.0,2100.0
2026-02-08T11:17:19.338393,7.2,15.0,2100.0
2026-02-08T11:17:19.838825,8.6,15.0,2100.0
2026-02-08T11:17:20.339369,5.6,15.0,2100.0
2026-02-08T11:17:20.839919,8.0,15.0,2100.0
2026-02-08T11:17:21.341822,4.6,15.0,2100.0
2026-02-08T11:17:21.842949,15.1,15.0,2100.0
2026-02-08T11:17:22.343848,8.2,15.0,2100.0
2026-02-08T11:17:22.844720,7.3,15.0,2100.0
2026-02-08T11:17:23.345846,4.3,15.0,2100.0
2026-02-08T11:17:23.846757,7.4,15.0,2100.0
2026-02-08T11:17:24.347146,5.1,15.0,2100.0
2026-02-08T11:17:24.847715,7.0,15.0,2100.0
2026-02-08T11:17:25.348501,12.7,15.0,2100.0
2026-02-08T11:17:25.849286,5.8,15.0,2100.0
2026-02-08T11:17:26.350052,6.3,15.0,2100.0
2026-02-08T11:17:26.850938,7.5,15.0,2100.0
2026-02-08T11:17:27.351642,7.1,15.0,2100.0
2026-02-08T11:17:27.852301,8.0,15.0,2100.0
2026-02-08T11:17:28.353145,6.3,15.0,2100.0
2026-02-08T11:17:28.853535,6.7,15.0,2100.0
2026-02-08T11:17:29.354344,6.2,15.0,2100.0
2026-02-08T11:17:29.854897,5.4,15.0,2100.0
2026-02-08T11:17:30.355295,13.9,15.0,2100.0
2026-02-08T11:17:30.855902,8.0,15.0,2100.0
2026-02-08T11:17:31.357021,5.6,15.0,2100.0
2026-02-08T11:17:31.857910,8.7,15.0,2100.0
2026-02-08T11:17:32.358609,5.1,15.0,2100.0
2026-02-08T11:17:32.859141,8.4,15.0,2100.0
2026-02-08T11:17:33.360207,4.9,15.0,2100.0
2026-02-08T11:17:33.861178,10.1,15.0,2100.0
2026-02-08T11:17:34.362094,4.8,15.0,2100.0
2026-02-08T11:17:34.862612,11.7,15.0,2100.0
2026-02-08T11:17:35.363414,6.1,15.0,2100.0
2026-02-08T11:17:35.865260,9.6,15.0,2100.0
2026-02-08T11:17:36.366019,8.7,15.0,2100.0
2026-02-08T11:17:36.866633,8.3,15.0,2100.0
2026-02-08T11:17:37.367441,14.6,15.0,2100.0
2026-02-08T11:17:37.868106,8.6,15.0,2100.0
2026-02-08T11:17:38.368544,7.3,15.0,2100.0
2026-02-08T11:17:38.869466,9.8,15.0,2100.0
2026-02-08T11:17:39.370291,8.6,15.0,2100.0
2026-02-08T11:17:39.872939,10.1,15.0,2100.0
2026-02-08T11:17:40.373906,9.9,15.0,2100.0
2026-02-08T11:17:40.874723,5.4,15.0,2100.0
2026-02-08T11:17:41.375552,9.6,15.0,2100.0
2026-02-08T11:17:41.876482,5.6,15.0,2100.0
2026-02-08T11:17:42.377363,6.5,15.0,2100.0
2026-02-08T11:17:42.879319,6.5,15.0,2100.0
2026-02-08T11:17:43.380212,6.9,15.0,2100.0
2026-02-08T11:17:43.881025,4.7,15.0,2100.0
2026-02-08T11:17:44.381536,8.7,15.0,2100.0
2026-02-08T11:17:44.882324,7.2,15.0,2100.0
2026-02-08T11:17:45.382785,6.0,15.0,2100.0
2026-02-08T11:17:45.883538,7.1,15.0,2100.0
2026-02-08T11:17:46.384416,7.2,15.0,2100.0
2026-02-08T11:17:46.885251,5.2,15.0,2100.0
2026-02-08T11:17:47.385726,6.8,15.0,2100.0
2026-02-08T11:17:47.886556,8.7,15.0,2100.0
2026-02-08T11:17:48.387393,6.5,15.0,2100.0
2026-02-08T11:17:48.888003,4.9,15.0,2100.0
2026-02-08T11:17:49.388480,6.3,15.0,2100.0
2026-02-08T11:17:49.890471,4.4,15.0,2100.0
2026-02-08T11:17:50.391267,6.4,15.0,2100.0
2026-02-08T11:17:50.892178,4.2,15.0,2100.0
2026-02-08T11:17:51.393229,8.4,15.0,2100.0
2026-02-08T11:17:51.895605,5.7,15.0,2100.0
2026-02-08T11:17:52.397060,7.5,15.0,2100.0
2026-02-08T11:17:52.897860,6.2,15.0,2100.0
2026-02-08T11:17:53.398696,8.4,15.0,2100.0
2026-02-08T11:17:53.899113,5.0,15.0,2100.0
2026-02-08T11:17:54.399934,7.6,15.0,2100.0
2026-02-08T11:17:54.900709,14.2,15.0,2100.0
2026-02-08T11:17:55.401259,10.9,15.0,2100.0
2026-02-08T11:17:55.901749,7.3,15.0,2100.0
2026-02-08T11:17:56.402564,5.6,15.0,2100.0
2026-02-08T11:17:56.903441,8.2,15.0,2100.0
2026-02-08T11:17:57.404241,8.9,15.0,2100.0
2026-02-08T11:17:57.905429,6.7,15.0,2100.0
2026-02-08T11:17:58.406217,7.1,15.0,2100.0
2026-02-08T11:17:58.906841,6.5,15.0,2100.0
2026-02-08T11:17:59.407933,9.4,15.0,2100.0
2026-02-08T11:17:59.910327,7.6,15.0,2100.0
2026-02-08T11:18:00.411413,7.6,15.0,2100.0
2026-02-08T11:18:00.912385,6.1,15.0,2100.0
2026-02-08T11:18:01.413122,7.4,15.0,2100.0
2026-02-08T11:18:01.913892,6.3,15.0,2100.0
2026-02-08T11:18:02.414788,7.7,15.0,2100.0
2026-02-08T11:18:02.915607,13.2,15.0,2100.0
2026-02-08T11:18:03.416542,12.5,15.0,2100.0
2026-02-08T11:18:03.917158,11.4,15.0,2100.0
2026-02-08T11:18:04.417860,10.9,15.1,2100.0
2026-02-08T11:18:04.918660,5.1,15.1,2100.0
2026-02-08T11:18:05.419512,8.3,15.1,2100.0
2026-02-08T11:18:05.920084,6.0,15.1,2100.0
2026-02-08T11:18:06.420472,6.5,15.1,2100.0
2026-02-08T11:18:06.921345,5.6,15.1,2100.0
2026-02-08T11:18:07.422712,7.7,15.0,2100.0
2026-02-08T11:18:07.923219,4.9,15.0,2100.0
2026-02-08T11:18:08.423721,8.2,15.1,2100.0
2026-02-08T11:18:08.924424,4.5,15.0,2100.0
2026-02-08T11:18:09.426565,8.9,15.1,2100.0
2026-02-08T11:18:09.927337,6.0,15.1,2100.0
2026-02-08T11:18:10.428899,8.6,15.1,2100.0
2026-02-08T11:18:10.930119,6.5,15.1,2100.0
2026-02-08T11:18:11.430761,6.6,15.1,2100.0
2026-02-08T11:18:11.931628,6.6,15.1,2100.0
2026-02-08T11:18:12.432238,6.6,15.0,2100.0
2026-02-08T11:18:12.933041,4.4,15.1,2100.0
2026-02-08T11:18:13.433529,9.9,15.0,2100.0
2026-02-08T11:18:13.934462,11.2,15.0,2100.0
2026-02-08T11:18:14.434967,8.3,15.1,2100.0
2026-02-08T11:18:14.935398,6.1,15.1,2100.0
2026-02-08T11:18:15.436124,7.8,15.1,2100.0
2026-02-08T11:18:15.936969,10.5,15.1,2100.0
2026-02-08T11:18:16.437707,5.0,15.1,2100.0
2026-02-08T11:18:16.938473,10.7,15.1,2100.0
2026-02-08T11:18:17.439512,8.5,15.1,2100.0
2026-02-08T11:18:17.940834,17.9,15.0,2100.0
2026-02-08T11:18:18.441548,7.3,15.0,2100.0
2026-02-08T11:18:18.942011,10.7,15.0,2100.0
2026-02-08T11:18:19.443350,5.8,15.0,2100.0
2026-02-08T11:18:19.944443,9.4,15.0,2100.0
2026-02-08T11:18:20.444884,9.1,15.1,2100.0
2026-02-08T11:18:20.945984,9.0,15.1,2100.0
2026-02-08T11:18:21.446876,5.1,15.0,2100.0
2026-02-08T11:18:21.947394,7.6,15.0,2100.0
2026-02-08T11:18:22.447915,9.0,15.0,2100.0
2026-02-08T11:18:22.948761,9.1,15.0,2100.0
2026-02-08T11:18:23.449309,6.3,15.0,2100.0
2026-02-08T11:18:23.949770,7.5,15.1,2100.0
2026-02-08T11:18:24.450447,11.6,15.1,2100.0
2026-02-08T11:18:24.951075,7.1,15.0,2100.0
2026-02-08T11:18:25.451795,7.9,15.1,2100.0
2026-02-08T11:18:25.954373,6.1,15.1,2100.0
2026-02-08T11:18:26.455068,5.7,15.1,2100.0
2026-02-08T11:18:26.955876,7.7,15.1,2100.0
2026-02-08T11:18:27.456781,12.1,15.1,2100.0
2026-02-08T11:18:27.957941,7.5,15.1,2100.0
2026-02-08T11:18:28.458648,9.0,15.1,2100.0
2026-02-08T11:18:28.959471,4.1,15.1,2100.0
2026-02-08T11:18:29.460434,6.8,15.1,2100.0
2026-02-08T11:18:29.961008,6.4,15.1,2100.0
2026-02-08T11:18:30.461591,10.6,15.1,2100.0
2026-02-08T11:18:30.962163,5.5,15.1,2100.0
2026-02-08T11:18:31.462841,7.2,15.1,2100.0
2026-02-08T11:18:31.963582,4.6,15.1,2100.0
2026-02-08T11:18:32.464040,8.5,15.1,2100.0
2026-02-08T11:18:32.964669,4.3,15.1,2100.0
2026-02-08T11:18:33.465552,7.4,15.1,2100.0
2026-02-08T11:18:33.966318,6.6,15.1,2100.0
2026-02-08T11:18:34.466932,8.0,15.1,2100.0
2026-02-08T11:18:34.967418,5.0,15.1,2100.0
2026-02-08T11:18:35.468133,8.3,15.1,2100.0
2026-02-08T11:18:35.971033,6.5,15.1,2100.0
2026-02-08T11:18:36.473460,8.8,15.1,2100.0
2026-02-08T11:18:36.974249,7.0,15.1,2100.0
2026-02-08T11:18:37.475188,9.5,15.1,2100.0
2026-02-08T11:18:37.975854,6.6,15.1,2100.0
2026-02-08T11:18:38.476574,12.1,15.1,2100.0
2026-02-08T11:18:38.977093,6.2,15.1,2100.0
2026-02-08T11:18:39.478200,7.9,15.1,2100.0
2026-02-08T11:18:39.978825,6.9,15.1,2100.0
2026-02-08T11:18:40.479750,6.0,15.1,2100.0
2026-02-08T11:18:40.980416,6.7,15.1,2100.0
2026-02-08T11:18:41.481051,15.6,15.1,2100.0
2026-02-08T11:18:41.981868,4.5,15.1,2100.0
2026-02-08T11:18:42.482531,7.6,15.1,2100.0
2026-02-08T11:18:42.983256,6.8,15.1,2100.0
2026-02-08T11:18:43.483954,9.7,15.1,2100.0
2026-02-08T11:18:43.984867,6.7,15.1,2100.0
2026-02-08T11:18:44.485421,6.9,15.1,2100.0
2026-02-08T11:18:44.985857,9.0,15.1,2100.0
2026-02-08T11:18:45.487024,9.5,15.1,2100.0
2026-02-08T11:18:45.987931,5.1,15.1,2100.0
2026-02-08T11:18:46.488699,6.3,15.1,2100.0
2026-02-08T11:18:46.989199,11.2,15.1,2100.0
2026-02-08T11:18:47.489989,8.3,15.1,2100.0
2026-02-08T11:18:47.990324,6.4,15.1,2100.0
2026-02-08T11:18:48.490935,7.7,15.1,2100.0
2026-02-08T11:18:48.991876,12.4,15.1,2100.0
2026-02-08T11:18:49.493452,7.1,15.1,2100.0
2026-02-08T11:18:49.994838,5.2,15.1,2100.0
2026-02-08T11:18:50.495681,6.2,15.1,2100.0
2026-02-08T11:18:50.996535,9.8,15.1,2100.0
2026-02-08T11:18:51.497811,14.5,15.1,2100.0
2026-02-08T11:18:51.998650,5.9,15.1,2100.0
2026-02-08T11:18:52.499708,5.5,15.1,2100.0
2026-02-08T11:18:53.000137,6.5,15.1,2100.0
2026-02-08T11:18:53.500621,6.4,15.0,2100.0
2026-02-08T11:18:54.001086,8.6,15.1,2100.0
2026-02-08T11:18:54.501866,5.8,15.1,2100.0
2026-02-08T11:18:55.002891,5.5,15.1,2100.0
2026-02-08T11:18:55.503943,8.4,15.1,2100.0
2026-02-08T11:18:56.004461,7.4,15.1,2100.0
2026-02-08T11:18:56.505076,8.3,15.1,2100.0
2026-02-08T11:18:57.005552,6.2,15.1,2100.0
2026-02-08T11:18:57.509068,5.7,15.1,2100.0
2026-02-08T11:18:58.010007,6.4,15.1,2100.0
2026-02-08T11:18:58.510815,10.0,15.1,2100.0
2026-02-08T11:18:59.011362,8.5,15.1,2100.0
2026-02-08T11:18:59.512512,7.0,15.1,2100.0
2026-02-08T11:19:00.013335,7.0,15.1,2100.0
2026-02-08T11:19:00.513798,8.4,15.1,2100.0
2026-02-08T11:19:01.014282,5.9,15.1,2100.0
2026-02-08T11:19:01.514888,7.5,15.1,2100.0
2026-02-08T11:19:02.015874,5.9,15.1,2100.0
2026-02-08T11:19:02.516551,5.6,15.1,2100.0
2026-02-08T11:19:03.016967,6.2,15.1,2100.0
2026-02-08T11:19:03.518079,7.9,15.1,2100.0
2026-02-08T11:19:04.019000,6.5,15.1,2100.0
2026-02-08T11:19:04.520089,10.4,15.1,2100.0
2026-02-08T11:19:05.020657,5.6,15.1,2100.0
2026-02-08T11:19:05.521212,14.7,15.1,2100.0
2026-02-08T11:19:06.022852,5.7,15.1,2100.0
2026-02-08T11:19:06.523487,9.1,15.1,2100.0
2026-02-08T11:19:07.023987,9.1,15.1,2100.0
2026-02-08T11:19:07.526298,8.1,15.1,2100.0
2026-02-08T11:19:08.027115,7.7,15.1,2100.0
2026-02-08T11:19:08.527660,6.1,15.1,2100.0
2026-02-08T11:19:09.028530,7.3,15.1,2100.0
2026-02-08T11:19:09.528919,9.8,15.1,2100.0
2026-02-08T11:19:10.029653,7.1,15.1,2100.0
2026-02-08T11:19:10.530460,6.8,15.1,2100.0
2026-02-08T11:19:11.031125,4.6,15.1,2100.0
2026-02-08T11:19:11.531592,6.2,15.1,2100.0
2026-02-08T11:19:12.032088,6.6,15.1,2100.0
2026-02-08T11:19:12.532645,5.6,15.1,2100.0
2026-02-08T11:19:13.033396,7.4,15.1,2100.0
2026-02-08T11:19:13.533920,7.3,15.0,2100.0
2026-02-08T11:19:14.034692,13.0,15.1,2100.0
2026-02-08T11:19:14.536204,11.4,15.1,2100.0
2026-02-08T11:19:15.037050,8.6,15.1,2100.0
2026-02-08T11:19:15.538025,6.1,15.1,2100.0
2026-02-08T11:19:16.038496,14.4,15.1,2100.0
2026-02-08T11:19:16.539448,6.9,15.1,2100.0
2026-02-08T11:19:17.040610,11.1,15.1,2100.0
2026-02-08T11:19:17.541519,6.8,15.1,2100.0
2026-02-08T11:19:18.042138,6.9,15.1,2100.0
2026-02-08T11:19:18.543504,8.6,15.1,2100.0
2026-02-08T11:19:19.044369,7.2,15.1,2100.0
2026-02-08T11:19:19.545138,6.3,15.1,2100.0
2026-02-08T11:19:20.045985,6.6,15.0,2100.0
2026-02-08T11:19:20.550405,7.6,15.0,2100.0
2026-02-08T11:19:21.051173,6.7,15.0,2100.0
2026-02-08T11:19:21.551894,15.3,15.0,2100.0
2026-02-08T11:19:22.052475,16.7,15.0,2100.0
2026-02-08T11:19:22.553213,7.4,15.0,2100.0
2026-02-08T11:19:23.053885,8.4,15.0,2100.0
2026-02-08T11:19:23.555579,10.8,15.0,2100.0
2026-02-08T11:19:24.057598,7.3,15.0,2100.0
2026-02-08T11:19:24.558529,11.9,15.0,2100.0
2026-02-08T11:19:25.059439,10.1,15.0,2100.0
2026-02-08T11:19:25.560327,14.1,15.0,2100.0
2026-02-08T11:19:26.060823,9.0,15.0,2100.0
2026-02-08T11:19:26.561375,9.8,15.0,2100.0
2026-02-08T11:19:27.062176,8.7,15.0,2100.0
2026-02-08T11:19:27.562607,13.2,15.0,2100.0
2026-02-08T11:19:28.063442,6.1,15.0,2100.0
2026-02-08T11:19:28.564185,11.2,15.0,2100.0
2026-02-08T11:19:29.065378,7.8,15.0,2100.0
2026-02-08T11:19:29.566142,14.8,15.0,2100.0
2026-02-08T11:19:30.066951,5.5,15.0,2100.0
2026-02-08T11:19:30.568811,15.6,15.0,2100.0
2026-02-08T11:19:31.069362,6.2,15.0,2100.0
2026-02-08T11:19:31.569905,8.6,15.0,2100.0
2026-02-08T11:19:32.070722,4.6,15.0,2100.0
2026-02-08T11:19:32.571237,19.2,15.0,2100.0
2026-02-08T11:19:33.072392,8.7,15.0,2100.0
2026-02-08T11:19:33.573156,12.1,15.0,2100.0
2026-02-08T11:19:34.073912,5.6,15.0,2100.0
2026-02-08T11:19:34.574970,7.7,15.0,2100.0
2026-02-08T11:19:35.076091,8.2,15.0,2100.0
2026-02-08T11:19:35.576942,4.5,15.0,2100.0
2026-02-08T11:19:36.077361,8.7,15.0,2100.0
2026-02-08T11:19:36.578928,4.4,15.0,2100.0
2026-02-08T11:19:37.079508,5.4,15.0,2100.0
2026-02-08T11:19:37.580339,4.8,15.0,2100.0
2026-02-08T11:19:38.081190,7.9,15.0,2100.0
2026-02-08T11:19:38.581609,4.3,15.0,2100.0
2026-02-08T11:19:39.084458,5.7,15.0,2100.0
2026-02-08T11:19:39.585098,7.2,15.0,2100.0
2026-02-08T11:19:40.085811,3.9,15.0,2100.0
2026-02-08T11:19:40.587025,6.9,15.0,2100.0
2026-02-08T11:19:41.087909,6.5,15.0,2100.0
2026-02-08T11:19:41.588750,6.1,15.0,2100.0
2026-02-08T11:19:42.089707,5.1,15.0,2100.0
2026-02-08T11:19:42.591550,5.5,15.0,2100.0
2026-02-08T11:19:43.092248,5.2,15.0,2100.0
2026-02-08T11:19:43.592799,5.4,15.0,2100.0
2026-02-08T11:19:44.093367,9.7,15.0,2100.0
2026-02-08T11:19:44.593942,11.8,15.1,2100.0
2026-02-08T11:19:45.094446,8.1,15.1,2100.0
2026-02-08T11:19:45.595338,11.7,15.0,2100.0
2026-02-08T11:19:46.095834,5.3,15.0,2100.0
2026-02-08T11:19:46.596460,3.8,15.1,2100.0
2026-02-08T11:19:47.097282,8.0,15.1,2100.0
2026-02-08T11:19:47.597804,4.8,15.1,2100.0
2026-02-08T11:19:48.098671,4.4,15.1,2100.0
2026-02-08T11:19:48.600501,5.0,15.1,2100.0
2026-02-08T11:19:49.101638,8.7,15.1,2100.0
2026-02-08T11:19:49.602341,7.0,15.1,2100.0
2026-02-08T11:19:50.103156,4.8,15.1,2100.0
2026-02-08T11:19:50.604336,4.2,15.1,2100.0
2026-02-08T11:19:51.105638,4.3,15.1,2100.0
2026-02-08T11:19:51.606281,4.9,15.1,2100.0
2026-02-08T11:19:52.107007,5.9,15.0,2100.0
2026-02-08T11:19:52.608001,4.8,15.0,2100.0
2026-02-08T11:19:53.108573,9.4,15.0,2100.0
2026-02-08T11:19:53.609406,3.2,15.0,2100.0
2026-02-08T11:19:54.110130,5.4,15.0,2100.0
2026-02-08T11:19:54.610685,3.5,15.0,2100.0
2026-02-08T11:19:55.111329,4.6,15.0,2100.0
2026-02-08T11:19:55.611870,5.8,15.0,2100.0
2026-02-08T11:19:56.112613,8.3,15.0,2100.0
2026-02-08T11:19:56.613475,3.4,15.0,2100.0
2026-02-08T11:19:57.114051,4.6,15.0,2100.0
2026-02-08T11:19:57.614649,6.2,15.0,2100.0
2026-02-08T11:19:58.115720,5.7,15.0,2100.0
2026-02-08T11:19:58.616556,4.4,15.0,2100.0
2026-02-08T11:19:59.117415,5.5,15.0,2100.0
2026-02-08T11:19:59.620904,3.7,15.0,2100.0
2026-02-08T11:20:00.122443,4.6,15.1,2100.0
2026-02-08T11:20:00.623276,4.2,15.1,2100.0
2026-02-08T11:20:01.123870,5.2,15.0,2100.0
2026-02-08T11:20:01.624714,5.6,15.0,2100.0
2026-02-08T11:20:02.125486,5.2,15.0,2100.0
2026-02-08T11:20:02.626092,4.1,15.0,2100.0
2026-02-08T11:20:03.126849,4.6,15.0,2100.0
2026-02-08T11:20:03.627602,5.1,15.0,2100.0
2026-02-08T11:20:04.128548,3.1,15.0,2100.0
2026-02-08T11:20:04.629311,8.0,15.0,2100.0
2026-02-08T11:20:05.130152,6.1,15.0,2100.0
2026-02-08T11:20:05.630756,8.6,15.0,2100.0
2026-02-08T11:20:06.131526,7.1,15.0,2100.0
2026-02-08T11:20:06.632451,8.6,15.0,2100.0
2026-02-08T11:20:07.133049,6.5,15.0,2100.0
2026-02-08T11:20:07.633625,9.9,15.0,2100.0
2026-02-08T11:20:08.134399,5.4,15.0,2100.0
2026-02-08T11:20:08.634901,4.0,15.0,2100.0
2026-02-08T11:20:09.135487,4.5,15.1,2100.0
2026-02-08T11:20:09.636018,7.8,15.1,2100.0
2026-02-08T11:20:10.136590,3.7,15.1,2100.0
2026-02-08T11:20:10.637230,5.2,15.1,2100.0
2026-02-08T11:20:11.137790,4.6,15.1,2100.0
2026-02-08T11:20:11.638648,5.5,15.1,2100.0
2026-02-08T11:20:12.140009,5.7,15.1,2100.0
2026-02-08T11:20:12.640863,5.4,15.1,2100.0
2026-02-08T11:20:13.141549,4.4,15.1,2100.0
2026-02-08T11:20:13.642445,7.9,15.1,2100.0
2026-02-08T11:20:14.142877,5.4,15.1,2100.0
2026-02-08T11:20:14.643460,8.5,15.1,2100.0
2026-02-08T11:20:15.143889,3.1,15.1,2100.0
2026-02-08T11:20:15.644717,4.0,15.1,2100.0
2026-02-08T11:20:16.145595,6.6,15.0,2100.0
2026-02-08T11:20:16.646458,6.9,15.0,2100.0
2026-02-08T11:20:17.147104,6.5,15.0,2100.0
2026-02-08T11:20:17.648199,8.5,15.0,2100.0
2026-02-08T11:20:18.149093,5.5,15.0,2100.0
2026-02-08T11:20:18.649644,10.1,15.0,2100.0
2026-02-08T11:20:19.150042,4.4,15.0,2100.0
2026-02-08T11:20:19.650651,6.3,15.0,2100.0
2026-02-08T11:20:20.152077,5.0,15.0,2100.0
2026-02-08T11:20:20.652658,3.8,15.0,2100.0
2026-02-08T11:20:21.153745,2.6,15.0,2100.0
2026-02-08T11:20:21.654981,3.5,15.0,2100.0
2026-02-08T11:20:22.155793,5.1,15.0,2100.0
2026-02-08T11:20:22.656468,5.4,15.0,2100.0
2026-02-08T11:20:23.156896,5.1,15.0,2100.0
2026-02-08T11:20:23.657604,5.6,15.0,2100.0
2026-02-08T11:20:24.158041,2.6,15.0,2100.0
2026-02-08T11:20:24.658651,6.1,15.0,2100.0
2026-02-08T11:20:25.159267,6.5,15.0,2100.0
2026-02-08T11:20:25.660128,5.7,15.0,2100.0
2026-02-08T11:20:26.160766,5.7,15.0,2100.0
2026-02-08T11:20:26.661352,9.6,15.0,2100.0
2026-02-08T11:20:27.161894,5.1,15.0,2100.0
2026-02-08T11:20:27.663450,7.6,15.0,2100.0
2026-02-08T11:20:28.164048,4.6,15.0,2100.0
2026-02-08T11:20:28.665068,6.9,15.0,2100.0
2026-02-08T11:20:29.165679,4.4,15.0,2100.0
2026-02-08T11:20:29.666013,8.9,15.0,2100.0
2026-02-08T11:20:30.166787,5.3,15.0,2100.0
2026-02-08T11:20:30.667409,5.6,15.0,2100.0
2026-02-08T11:20:31.168373,3.6,15.0,2100.0
2026-02-08T11:20:31.669107,5.9,15.0,2100.0
2026-02-08T11:20:32.169818,5.6,15.0,2100.0
2026-02-08T11:20:32.670584,4.8,15.0,2100.0
2026-02-08T11:20:33.171679,5.0,15.0,2100.0
2026-02-08T11:20:33.673111,5.6,15.0,2100.0
2026-02-08T11:20:34.174094,3.9,15.0,2100.0
2026-02-08T11:20:34.674984,6.9,15.0,2100.0
2026-02-08T11:20:35.175401,5.3,15.0,2100.0
2026-02-08T11:20:35.676268,4.8,15.0,2100.0
2026-02-08T11:20:36.176878,4.6,15.0,2100.0
2026-02-08T11:20:36.677630,5.5,15.0,2100.0
2026-02-08T11:20:37.178413,4.0,15.0,2100.0
2026-02-08T11:20:37.678880,9.5,15.0,2100.0
2026-02-08T11:20:38.179851,7.4,15.0,2100.0
2026-02-08T11:20:38.680237,4.7,15.0,2100.0
2026-02-08T11:20:39.181122,3.9,15.0,2100.0
2026-02-08T11:20:39.681814,5.5,15.0,2100.0
2026-02-08T11:20:40.182535,5.0,15.0,2100.0
2026-02-08T11:20:40.684453,9.1,15.0,2100.0
2026-02-08T11:20:41.185098,10.2,15.0,2100.0
2026-02-08T11:20:41.687131,6.6,15.0,2100.0
2026-02-08T11:20:42.188075,4.3,15.0,2100.0
2026-02-08T11:20:42.688793,2.9,15.0,2100.0
2026-02-08T11:20:43.189463,7.9,15.0,2100.0
2026-02-08T11:20:43.690355,3.5,15.0,2100.0
2026-02-08T11:20:44.190811,5.7,15.0,2100.0
2026-02-08T11:20:44.691567,4.0,15.0,2100.0
2026-02-08T11:20:45.192602,7.7,15.0,2100.0
2026-02-08T11:20:45.693387,6.8,15.0,2100.0
2026-02-08T11:20:46.193998,5.9,15.0,2100.0
2026-02-08T11:20:46.694644,3.3,15.0,2100.0
2026-02-08T11:20:47.195445,8.3,15.0,2100.0
2026-02-08T11:20:47.696266,3.9,15.0,2100.0
2026-02-08T11:20:48.197227,9.0,15.0,2100.0
2026-02-08T11:20:48.698386,5.8,15.0,2100.0
2026-02-08T11:20:49.199486,7.1,15.0,2100.0
2026-02-08T11:20:49.700106,3.6,15.0,2100.0
2026-02-08T11:20:50.201020,8.2,15.0,2100.0
2026-02-08T11:20:50.702253,3.7,15.0,2100.0
2026-02-08T11:20:51.202981,5.3,15.0,2100.0
2026-02-08T11:20:51.703785,5.9,15.0,2100.0
2026-02-08T11:20:52.205017,6.3,15.0,2100.0
2026-02-08T11:20:52.705890,5.3,15.0,2100.0
2026-02-08T11:20:53.207354,8.8,15.0,2100.0
2026-02-08T11:20:53.707882,6.9,15.0,2100.0
2026-02-08T11:20:54.208336,4.9,15.0,2100.0
2026-02-08T11:20:54.708987,5.1,15.0,2100.0
2026-02-08T11:20:55.210913,10.5,15.0,2100.0
2026-02-08T11:20:55.711628,8.9,15.0,2100.0
2026-02-08T11:20:56.212122,8.7,15.0,2100.0
2026-02-08T11:20:56.712621,4.1,15.0,2100.0
2026-02-08T11:20:57.213303,4.4,15.0,2100.0
2026-02-08T11:20:57.713732,4.0,15.0,2100.0
2026-02-08T11:20:58.214536,8.4,15.0,2100.0
2026-02-08T11:20:58.715907,4.9,15.0,2100.0
2026-02-08T11:20:59.216498,6.2,15.0,2100.0
2026-02-08T11:20:59.717083,4.8,15.0,2100.0
2026-02-08T11:21:00.217806,6.3,15.0,2100.0
2026-02-08T11:21:00.719093,4.0,15.0,2100.0
2026-02-08T11:21:01.219539,8.9,15.0,2100.0
2026-02-08T11:21:01.720262,6.0,15.0,2100.0
2026-02-08T11:21:02.221042,5.9,15.0,2100.0
2026-02-08T11:21:02.721815,4.7,15.0,2100.0
2026-02-08T11:21:03.222398,6.0,15.0,2100.0
2026-02-08T11:21:03.723081,3.7,15.0,2100.0
2026-02-08T11:21:04.223505,5.0,15.0,2100.0
2026-02-08T11:21:04.724193,5.4,15.0,2100.0
2026-02-08T11:21:05.224849,7.8,15.0,2100.0
2026-02-08T11:21:05.725396,3.4,15.0,2100.0
2026-02-08T11:21:06.225886,7.9,15.0,2100.0
2026-02-08T11:21:06.726558,6.2,15.0,2100.0
2026-02-08T11:21:07.227157,5.5,15.0,2100.0
2026-02-08T11:21:07.727707,4.8,15.0,2100.0
2026-02-08T11:21:08.228491,13.1,15.0,2100.0
2026-02-08T11:21:08.729378,5.8,15.0,2100.0
2026-02-08T11:21:09.230645,7.1,15.0,2100.0
2026-02-08T11:21:09.731503,7.3,15.0,2100.0
2026-02-08T11:21:10.232396,5.8,15.0,2100.0
2026-02-08T11:21:10.733341,7.9,15.0,2100.0
2026-02-08T11:21:11.233908,18.1,15.0,2100.0
2026-02-08T11:21:11.734401,9.4,15.0,2100.0
2026-02-08T11:21:12.234894,7.3,15.0,2100.0
2026-02-08T11:21:12.735793,10.2,15.0,2100.0
2026-02-08T11:21:13.236474,10.7,15.0,2100.0
2026-02-08T11:21:13.737080,6.3,15.0,2100.0
2026-02-08T11:21:14.237932,6.3,15.0,2100.0
2026-02-08T11:21:14.738253,5.7,15.0,2100.0
2026-02-08T11:21:15.238903,8.6,15.0,2100.0
2026-02-08T11:21:15.739283,11.6,15.1,2100.0
2026-02-08T11:21:16.239857,8.7,15.1,2100.0
2026-02-08T11:21:16.740484,19.7,15.1,2100.0
2026-02-08T11:21:17.241254,7.6,15.1,2100.0
2026-02-08T11:21:17.741734,15.2,15.1,2100.0
2026-02-08T11:21:18.242585,10.7,15.1,2100.0
2026-02-08T11:21:18.743368,22.8,15.2,2100.0
2026-02-08T11:21:19.244243,9.7,15.2,2100.0
2026-02-08T11:21:19.744943,9.8,15.2,2100.0
2026-02-08T11:21:20.245482,6.0,15.2,2100.0
2026-02-08T11:21:20.746642,11.9,15.2,2100.0
2026-02-08T11:21:21.247396,4.3,15.2,2100.0
2026-02-08T11:21:21.748323,4.8,15.2,2100.0
2026-02-08T11:21:22.249078,2.6,15.2,2100.0
2026-02-08T11:21:22.750501,5.4,15.2,2100.0
2026-02-08T11:21:23.251484,3.4,15.2,2100.0
2026-02-08T11:21:23.752124,5.5,15.2,2100.0
2026-02-08T11:21:24.253582,5.7,15.2,2100.0
2026-02-08T11:21:24.754343,7.4,15.2,2100.0
2026-02-08T11:21:25.254944,6.8,15.1,2100.0
2026-02-08T11:21:25.755912,8.2,15.2,2100.0
2026-02-08T11:21:26.256444,16.3,15.2,2100.0
2026-02-08T11:21:26.757480,19.4,15.4,2100.0
2026-02-08T11:21:27.258538,24.0,15.5,2100.0
2026-02-08T11:21:27.759302,13.9,15.5,2100.0
2026-02-08T11:21:28.259875,21.3,15.6,2100.0
2026-02-08T11:21:28.760482,8.3,15.6,2100.0
2026-02-08T11:21:29.261321,14.6,15.6,2100.0
2026-02-08T11:21:29.762221,6.0,15.6,2100.0
2026-02-08T11:21:30.262837,32.4,15.6,2100.0
2026-02-08T11:21:30.763750,15.7,15.6,2100.0
2026-02-08T11:21:31.264264,10.4,15.7,2100.0
2026-02-08T11:21:31.765603,5.7,15.7,2100.0
2026-02-08T11:21:32.267325,9.6,15.7,2100.0
2026-02-08T11:21:32.768259,8.9,15.7,2100.0
2026-02-08T11:21:33.269416,12.7,15.7,2100.0
2026-02-08T11:21:33.770422,5.3,15.8,2100.0
2026-02-08T11:21:34.271357,5.3,15.8,2100.0
2026-02-08T11:21:34.771993,5.6,15.7,2100.0
2026-02-08T11:21:35.272470,14.6,15.7,2100.0
2026-02-08T11:21:35.773212,5.7,15.7,2100.0
2026-02-08T11:21:36.273717,12.9,15.7,2100.0
2026-02-08T11:21:36.774730,6.7,15.7,2100.0
2026-02-08T11:21:37.275391,12.1,15.7,2100.0
2026-02-08T11:21:37.776284,6.8,15.7,2100.0
2026-02-08T11:21:38.276886,8.5,15.7,2100.0
2026-02-08T11:21:38.777768,5.8,15.7,2100.0
2026-02-08T11:21:39.278944,9.0,15.7,2100.0
2026-02-08T11:21:39.779608,6.4,15.7,2100.0
2026-02-08T11:21:40.280172,9.2,15.7,2100.0
2026-02-08T11:21:40.780630,6.7,15.7,2100.0
2026-02-08T11:21:41.281399,6.9,15.7,2100.0
2026-02-08T11:21:41.782266,7.8,15.7,2100.0
2026-02-08T11:21:42.282881,6.4,15.7,2100.0
2026-02-08T11:21:42.783526,6.5,15.7,2100.0
2026-02-08T11:21:43.284210,7.1,15.7,2100.0
2026-02-08T11:21:43.784996,6.6,15.7,2100.0
2026-02-08T11:21:44.286306,10.8,15.7,2100.0
2026-02-08T11:21:44.786677,8.6,15.7,2100.0
2026-02-08T11:21:45.287483,9.6,15.7,2100.0
2026-02-08T11:21:45.788423,5.1,15.7,2100.0
2026-02-08T11:21:46.288955,10.3,15.7,2100.0
2026-02-08T11:21:46.789732,4.9,15.7,2100.0
2026-02-08T11:21:47.290364,8.7,15.8,2100.0
2026-02-08T11:21:47.791199,15.3,15.8,2100.0
2026-02-08T11:21:48.291624,7.6,15.8,2100.0
2026-02-08T11:21:48.792103,4.1,15.8,2100.0
2026-02-08T11:21:49.293091,6.5,15.8,2100.0
2026-02-08T11:21:49.793541,5.5,15.8,2100.0
2026-02-08T11:21:50.294773,5.2,15.8,2100.0
2026-02-08T11:21:50.795830,6.0,15.8,2100.0
2026-02-08T11:21:51.296485,7.1,15.8,2100.0
2026-02-08T11:21:51.796903,7.9,15.7,2100.0
2026-02-08T11:21:52.298729,4.7,15.7,2100.0
2026-02-08T11:21:52.799278,8.9,15.7,2100.0
2026-02-08T11:21:53.300099,5.4,15.7,2100.0
2026-02-08T11:21:53.801054,8.3,15.7,2100.0
2026-02-08T11:21:54.301584,9.3,15.7,2100.0
2026-02-08T11:21:54.802489,10.5,15.7,2100.0
2026-02-08T11:21:55.303240,8.2,15.7,2100.0
2026-02-08T11:21:55.804236,11.6,15.7,2100.0
2026-02-08T11:21:56.304649,7.5,15.6,2100.0
2026-02-08T11:21:56.806044,8.0,15.6,2100.0
2026-02-08T11:21:57.306781,5.9,15.5,2100.0
2026-02-08T11:21:57.807255,7.5,15.5,2100.0
2026-02-08T11:21:58.308170,5.9,15.5,2100.0
2026-02-08T11:21:58.808830,13.2,15.6,2100.0
2026-02-08T11:21:59.309544,5.7,15.6,2100.0
2026-02-08T11:21:59.810091,6.8,15.6,2100.0
2026-02-08T11:22:00.310836,7.1,15.6,2100.0
2026-02-08T11:22:00.811434,9.7,15.6,2100.0
2026-02-08T11:22:01.312010,6.8,15.6,2100.0
2026-02-08T11:22:01.812713,6.9,15.5,2100.0
2026-02-08T11:22:02.313154,5.2,15.6,2100.0
2026-02-08T11:22:02.813654,6.5,15.6,2100.0
2026-02-08T11:22:03.314387,7.2,15.5,2100.0
2026-02-08T11:22:03.814890,9.2,15.5,2100.0
2026-02-08T11:22:04.315384,5.4,15.5,2100.0
2026-02-08T11:22:04.815884,7.6,15.5,2100.0
2026-02-08T11:22:05.316867,5.6,15.5,2100.0
2026-02-08T11:22:05.819240,6.5,15.5,2100.0
2026-02-08T11:22:06.320043,6.2,15.5,2100.0
2026-02-08T11:22:06.820767,6.7,15.5,2100.0
2026-02-08T11:22:07.321599,7.2,15.5,2100.0
2026-02-08T11:22:07.822213,3.9,15.5,2100.0
2026-02-08T11:22:08.323126,6.2,15.5,2100.0
2026-02-08T11:22:08.824442,10.8,15.6,2100.0
2026-02-08T11:22:09.325045,18.5,15.6,2100.0
2026-02-08T11:22:09.825985,5.8,15.6,2100.0
2026-02-08T11:22:10.327256,6.4,15.6,2100.0
2026-02-08T11:22:10.827691,5.8,15.6,2100.0
2026-02-08T11:22:11.328300,7.8,15.6,2100.0
2026-02-08T11:22:11.828809,6.4,15.6,2100.0
2026-02-08T11:22:12.329446,6.0,15.6,2100.0
2026-02-08T11:22:12.830378,5.2,15.6,2100.0
2026-02-08T11:22:13.330942,8.1,15.6,2100.0
2026-02-08T11:22:13.831333,5.4,15.6,2100.0
2026-02-08T11:22:14.332672,10.5,15.6,2100.0
2026-02-08T11:22:14.833387,7.7,15.6,2100.0
2026-02-08T11:22:15.334190,8.0,15.6,2100.0
2026-02-08T11:22:15.834795,7.4,15.6,2100.0
2026-02-08T11:22:16.335650,6.2,15.6,2100.0
2026-02-08T11:22:16.836421,7.6,15.5,2100.0
2026-02-08T11:22:17.336923,5.9,15.5,2100.0
2026-02-08T11:22:17.837507,8.7,15.5,2100.0
2026-02-08T11:22:18.337971,7.4,15.5,2100.0
2026-02-08T11:22:18.839092,6.8,15.5,2100.0
2026-02-08T11:22:19.339848,6.9,15.5,2100.0
2026-02-08T11:22:19.840600,6.2,15.5,2100.0
2026-02-08T11:22:20.341457,8.3,15.5,2100.0
2026-02-08T11:22:20.842115,7.4,15.5,2100.0
2026-02-08T11:22:21.343810,4.7,15.5,2100.0
2026-02-08T11:22:21.844593,7.0,15.5,2100.0
2026-02-08T11:22:22.345394,5.1,15.5,2100.0
2026-02-08T11:22:22.846271,6.7,15.5,2100.0
2026-02-08T11:22:23.347369,6.9,15.5,2100.0
2026-02-08T11:22:23.848020,6.0,15.5,2100.0
2026-02-08T11:22:24.348523,8.2,15.5,2100.0
2026-02-08T11:22:24.848909,7.9,15.5,2100.0
2026-02-08T11:22:25.350455,8.9,15.5,2100.0
2026-02-08T11:22:25.851090,7.9,15.5,2100.0
2026-02-08T11:22:26.352045,9.4,15.5,2100.0
2026-02-08T11:22:26.852726,7.6,15.5,2100.0
2026-02-08T11:22:27.353420,5.1,15.5,2100.0
2026-02-08T11:22:27.854367,12.5,15.5,2100.0
2026-02-08T11:22:28.354857,5.5,15.5,2100.0
2026-02-08T11:22:28.855372,11.3,15.5,2100.0
2026-02-08T11:22:29.356169,2.5,15.5,2100.0
2026-02-08T11:22:29.857038,9.1,15.5,2100.0
2026-02-08T11:22:30.357931,5.0,15.5,2100.0
2026-02-08T11:22:30.858429,6.5,15.5,2100.0
2026-02-08T11:22:31.360473,4.0,15.5,2100.0
2026-02-08T11:22:31.861261,6.5,15.5,2100.0
2026-02-08T11:22:32.362929,5.8,15.5,2100.0
2026-02-08T11:22:32.863534,8.7,15.5,2100.0
2026-02-08T11:22:33.364160,5.5,15.5,2100.0
2026-02-08T11:22:33.865148,8.0,15.5,2100.0
2026-02-08T11:22:34.365856,4.9,15.5,2100.0
2026-02-08T11:22:34.866378,10.2,15.5,2100.0
2026-02-08T11:22:35.368095,6.0,15.5,2100.0
2026-02-08T11:22:35.868642,7.3,15.5,2100.0
2026-02-08T11:22:36.369510,9.0,15.5,2100.0
2026-02-08T11:22:36.870217,8.5,15.5,2100.0
2026-02-08T11:22:37.370917,6.2,15.5,2100.0
2026-02-08T11:22:37.871654,10.4,15.5,2100.0
2026-02-08T11:22:38.372492,5.7,15.5,2100.0
2026-02-08T11:22:38.873132,7.2,15.5,2100.0
2026-02-08T11:22:39.373826,5.9,15.5,2100.0
2026-02-08T11:22:39.874491,9.6,15.5,2100.0
2026-02-08T11:22:40.375904,6.5,15.5,2100.0
2026-02-08T11:22:40.876571,6.7,15.5,2100.0
2026-02-08T11:22:41.377112,4.7,15.5,2100.0
2026-02-08T11:22:41.877975,9.3,15.5,2100.0
2026-02-08T11:22:42.379039,5.4,15.5,2100.0
2026-02-08T11:22:42.879747,6.5,15.5,2100.0
2026-02-08T11:22:43.380562,5.2,15.5,2100.0
2026-02-08T11:22:43.881443,7.9,15.5,2100.0
2026-02-08T11:22:44.382150,6.2,15.5,2100.0
2026-02-08T11:22:44.886576,12.2,15.5,2100.0
2026-02-08T11:22:45.387319,4.8,15.5,2100.0
2026-02-08T11:22:45.888075,5.7,15.5,2100.0
2026-02-08T11:22:46.388625,5.9,15.5,2100.0
2026-02-08T11:22:46.889107,7.3,15.5,2100.0
2026-02-08T11:22:47.389637,5.6,15.5,2100.0
2026-02-08T11:22:47.890294,13.2,15.5,2100.0
2026-02-08T11:22:48.391312,6.5,15.5,2100.0
2026-02-08T11:22:48.892497,11.5,15.5,2100.0
2026-02-08T11:22:49.393551,5.3,15.5,2100.0
2026-02-08T11:22:49.894492,3.9,15.5,2100.0
2026-02-08T11:22:50.395173,8.9,15.5,2100.0
2026-02-08T11:22:50.896183,7.0,15.5,2100.0
2026-02-08T11:22:51.397364,4.5,15.5,2100.0
2026-02-08T11:22:51.898012,6.6,15.5,2100.0
2026-02-08T11:22:52.398773,9.1,15.5,2100.0
2026-02-08T11:22:52.899453,9.0,15.5,2100.0
2026-02-08T11:22:53.400336,8.6,15.5,2100.0
2026-02-08T11:22:53.900801,14.6,15.5,2100.0
2026-02-08T11:22:54.401433,5.3,15.5,2100.0
2026-02-08T11:22:54.902414,8.2,15.5,2100.0
2026-02-08T11:22:55.403095,7.4,15.5,2100.0
2026-02-08T11:22:55.905258,7.1,15.5,2100.0
2026-02-08T11:22:56.406145,4.2,15.5,2100.0
2026-02-08T11:22:56.906951,15.6,15.6,2100.0
2026-02-08T11:22:57.407975,5.4,15.6,2100.0
2026-02-08T11:22:57.909215,7.1,15.6,2100.0
2026-02-08T11:22:58.412678,10.9,15.6,2100.0
2026-02-08T11:22:58.913632,8.8,15.6,2100.0
2026-02-08T11:22:59.414805,8.1,15.6,2100.0
2026-02-08T11:22:59.915992,5.6,15.6,2100.0
2026-02-08T11:23:00.416694,8.5,15.6,2100.0
2026-02-08T11:23:00.917352,7.5,15.6,2100.0
2026-02-08T11:23:01.418121,7.9,15.6,2100.0
2026-02-08T11:23:01.918559,8.0,15.6,2100.0
2026-02-08T11:23:02.419167,6.0,15.6,2100.0
2026-02-08T11:23:02.919836,7.0,15.5,2100.0
2026-02-08T11:23:03.420626,16.1,15.6,2100.0
2026-02-08T11:23:03.921069,5.0,15.6,2100.0
2026-02-08T11:23:04.421915,6.6,15.6,2100.0
2026-02-08T11:23:04.922520,4.3,15.6,2100.0
2026-02-08T11:23:05.423058,8.7,15.6,2100.0
2026-02-08T11:23:05.924930,4.9,15.6,2100.0
2026-02-08T11:23:06.427064,6.5,15.6,2100.0
2026-02-08T11:23:06.927914,4.7,15.6,2100.0
2026-02-08T11:23:07.428424,10.9,15.6,2100.0
2026-02-08T11:23:07.929940,5.3,15.6,2100.0
2026-02-08T11:23:08.430599,7.4,15.6,2100.0
2026-02-08T11:23:08.931256,5.3,15.6,2100.0
2026-02-08T11:23:09.431976,11.0,15.5,2100.0
2026-02-08T11:23:09.932526,5.0,15.5,2100.0
2026-02-08T11:23:10.433242,5.3,15.5,2100.0
2026-02-08T11:23:10.934038,5.9,15.5,2100.0
2026-02-08T11:23:11.434651,5.7,15.5,2100.0
2026-02-08T11:23:11.935250,5.9,15.5,2100.0
2026-02-08T11:23:12.435702,7.4,15.5,2100.0
2026-02-08T11:23:12.936501,9.4,15.5,2100.0
2026-02-08T11:23:13.437348,4.6,15.5,2100.0
2026-02-08T11:23:13.938183,2.8,15.5,2100.0
2026-02-08T11:23:14.438971,6.2,15.5,2100.0
2026-02-08T11:23:14.939608,12.5,15.5,2100.0
2026-02-08T11:23:15.441514,6.6,15.5,2100.0
2026-02-08T11:23:15.942512,8.3,15.5,2100.0
2026-02-08T11:23:16.442890,2.6,15.5,2100.0
2026-02-08T11:23:16.943796,5.2,15.5,2100.0
2026-02-08T11:23:17.444975,11.1,15.5,2100.0
2026-02-08T11:23:17.945781,5.2,15.5,2100.0
2026-02-08T11:23:18.446848,11.5,15.5,2100.0
2026-02-08T11:23:18.947526,6.5,15.5,2100.0
2026-02-08T11:23:19.448273,6.2,15.5,2100.0
2026-02-08T11:23:19.949073,6.8,15.5,2100.0
2026-02-08T11:23:20.449567,4.9,15.5,2100.0
2026-02-08T11:23:20.950013,3.2,15.5,2100.0
2026-02-08T11:23:21.450741,8.8,15.5,2100.0
2026-02-08T11:23:21.951252,10.1,15.5,2100.0
2026-02-08T11:23:22.451664,8.3,15.5,2100.0
2026-02-08T11:23:22.952509,4.9,15.5,2100.0
2026-02-08T11:23:23.453430,5.7,15.5,2100.0
2026-02-08T11:23:23.954411,4.7,15.5,2100.0
2026-02-08T11:23:24.455173,6.6,15.5,2100.0
2026-02-08T11:23:24.955897,5.6,15.5,2100.0
2026-02-08T11:23:25.457328,6.0,15.5,2100.0
2026-02-08T11:23:25.957929,10.3,15.5,2100.0
2026-02-08T11:23:26.458774,8.3,15.5,2100.0
2026-02-08T11:23:26.962686,5.7,15.5,2100.0
2026-02-08T11:23:27.463205,8.8,15.5,2100.0
2026-02-08T11:23:27.964163,4.0,15.5,2100.0
2026-02-08T11:23:28.464935,7.3,15.5,2100.0
2026-02-08T11:23:28.965525,5.6,15.5,2100.0
2026-02-08T11:23:29.466086,8.6,15.5,2100.0
2026-02-08T11:23:29.966760,4.2,15.5,2100.0
2026-02-08T11:23:30.467475,7.5,15.5,2100.0
2026-02-08T11:23:30.968290,6.8,15.5,2100.0
2026-02-08T11:23:31.469330,6.0,15.5,2100.0
2026-02-08T11:23:31.969938,11.3,15.5,2100.0
2026-02-08T11:23:32.470698,10.2,15.5,2100.0
2026-02-08T11:23:32.971404,4.7,15.5,2100.0
2026-02-08T11:23:33.472164,7.3,15.5,2100.0
2026-02-08T11:23:33.973192,14.2,15.6,2100.0
2026-02-08T11:23:34.474208,11.1,15.6,2100.0
2026-02-08T11:23:34.974957,10.0,15.6,2100.0
2026-02-08T11:23:35.475720,7.3,15.6,2100.0
2026-02-08T11:23:35.977005,7.6,15.6,2100.0
2026-02-08T11:23:36.478242,4.4,15.6,2100.0
2026-02-08T11:23:36.979772,8.8,15.6,2100.0
2026-02-08T11:23:37.480613,7.0,15.6,2100.0
2026-02-08T11:23:37.981255,5.4,15.6,2100.0
2026-02-08T11:23:38.481968,9.0,15.6,2100.0
2026-02-08T11:23:38.982835,8.8,15.6,2100.0
2026-02-08T11:23:39.483473,15.6,15.6,2100.0
2026-02-08T11:23:39.984187,5.5,15.6,2100.0
2026-02-08T11:23:40.485139,8.3,15.6,2100.0
2026-02-08T11:23:40.986030,6.4,15.6,2100.0
2026-02-08T11:23:41.486625,9.4,15.6,2100.0
2026-02-08T11:23:41.987533,6.5,15.6,2100.0
2026-02-08T11:23:42.488021,8.4,15.6,2100.0
2026-02-08T11:23:42.988912,4.8,15.6,2100.0
2026-02-08T11:23:43.489980,12.4,15.6,2100.0
2026-02-08T11:23:43.990933,4.4,15.6,2100.0
2026-02-08T11:23:44.491762,11.9,15.6,2100.0
2026-02-08T11:23:44.992470,3.4,15.6,2100.0
2026-02-08T11:23:45.494400,7.0,15.6,2100.0
2026-02-08T11:23:45.995340,4.7,15.6,2100.0
2026-02-08T11:23:46.495753,6.7,15.5,2100.0
2026-02-08T11:23:46.996890,7.0,15.6,2100.0
2026-02-08T11:23:47.498164,9.4,15.6,2100.0
2026-02-08T11:23:47.999018,9.1,15.6,2100.0
2026-02-08T11:23:48.499499,4.4,15.6,2100.0
2026-02-08T11:23:49.000055,3.6,15.6,2100.0
2026-02-08T11:23:49.500466,14.6,15.6,2100.0
2026-02-08T11:23:50.003207,5.6,15.6,2100.0
2026-02-08T11:23:50.504030,7.3,15.6,2100.0
2026-02-08T11:23:51.004808,6.5,15.6,2100.0
2026-02-08T11:23:51.505563,7.3,15.6,2100.0
2026-02-08T11:23:52.006141,4.9,15.6,2100.0
2026-02-08T11:23:52.527123,8.7,15.6,2100.0
2026-02-08T11:23:53.027523,6.3,15.6,2100.0
2026-02-08T11:23:53.528022,6.8,15.6,2100.0
2026-02-08T11:23:54.028635,5.7,15.6,2100.0
2026-02-08T11:23:54.529321,5.5,15.6,2100.0
2026-02-08T11:23:55.031195,4.9,15.6,2100.0
2026-02-08T11:23:55.532124,10.0,15.6,2100.0
2026-02-08T11:23:56.033078,4.2,15.6,2100.0
2026-02-08T11:23:56.533872,8.8,15.6,2100.0
2026-02-08T11:23:57.034793,10.9,15.6,2100.0
2026-02-08T11:23:57.535344,6.2,15.6,2100.0
2026-02-08T11:23:58.036218,4.6,15.6,2100.0
2026-02-08T11:23:58.536911,9.5,15.6,2100.0
2026-02-08T11:23:59.038654,3.5,15.6,2100.0
2026-02-08T11:23:59.539517,10.6,15.6,2100.0
2026-02-08T11:24:00.040062,3.9,15.6,2100.0
2026-02-08T11:24:00.540734,9.2,15.6,2100.0
2026-02-08T11:24:01.042170,3.5,15.6,2100.0
2026-02-08T11:24:01.542880,10.4,15.6,2100.0
2026-02-08T11:24:02.043412,6.0,15.6,2100.0
2026-02-08T11:24:02.544776,11.0,15.6,2100.0
2026-02-08T11:24:03.045290,7.0,15.6,2100.0
2026-02-08T11:24:03.545744,11.4,15.6,2100.0
2026-02-08T11:24:04.046462,4.3,15.6,2100.0
2026-02-08T11:24:04.546909,10.9,15.6,2100.0
2026-02-08T11:24:05.047691,4.4,15.6,2100.0
2026-02-08T11:24:05.548432,7.8,15.6,2100.0
2026-02-08T11:24:06.048948,3.3,15.6,2100.0
2026-02-08T11:24:06.549697,5.6,15.6,2100.0
2026-02-08T11:24:07.050548,8.8,15.5,2100.0
2026-02-08T11:24:07.551796,11.1,15.5,2100.0
2026-02-08T11:24:08.052389,5.1,15.5,2100.0
2026-02-08T11:24:08.552897,9.3,15.6,2100.0
2026-02-08T11:24:09.053381,5.7,15.5,2100.0
2026-02-08T11:24:09.554090,12.9,15.5,2100.0
2026-02-08T11:24:10.055382,5.8,15.5,2100.0
2026-02-08T11:24:10.556511,10.0,15.5,2100.0
2026-02-08T11:24:11.057525,3.7,15.5,2100.0
2026-02-08T11:24:11.558062,6.2,15.5,2100.0
2026-02-08T11:24:12.059725,5.3,15.5,2100.0
2026-02-08T11:24:12.560365,7.8,15.5,2100.0
2026-02-08T11:24:13.061088,6.5,15.5,2100.0
2026-02-08T11:24:13.562133,7.9,15.5,2100.0
2026-02-08T11:24:14.062666,6.5,15.5,2100.0
2026-02-08T11:24:14.563314,8.1,15.5,2100.0
2026-02-08T11:24:15.063778,3.7,15.5,2100.0
2026-02-08T11:24:15.564708,5.7,15.5,2100.0
2026-02-08T11:24:16.065264,6.2,15.5,2100.0
2026-02-08T11:24:16.565701,5.1,15.5,2100.0
2026-02-08T11:24:17.066239,5.6,15.5,2100.0
2026-02-08T11:24:17.566711,6.9,15.5,2100.0
2026-02-08T11:24:18.067266,6.3,15.5,2100.0
2026-02-08T11:24:18.568176,7.7,15.5,2100.0
2026-02-08T11:24:19.069105,6.3,15.5,2100.0
2026-02-08T11:24:19.570335,6.6,15.5,2100.0
2026-02-08T11:24:20.071359,7.1,15.5,2100.0
2026-02-08T11:24:20.572059,6.4,15.5,2100.0
2026-02-08T11:24:21.072666,6.6,15.5,2100.0
2026-02-08T11:24:21.574185,5.8,15.5,2100.0
2026-02-08T11:24:22.074871,5.3,15.5,2100.0
2026-02-08T11:24:22.575779,4.8,15.5,2100.0
2026-02-08T11:24:23.077012,8.6,15.5,2100.0
2026-02-08T11:24:23.577605,5.6,15.5,2100.0
2026-02-08T11:24:24.078161,6.2,15.5,2100.0
2026-02-08T11:24:24.578868,4.4,15.5,2100.0
2026-02-08T11:24:25.079257,9.9,15.5,2100.0
2026-02-08T11:24:25.579710,4.1,15.5,2100.0
2026-02-08T11:24:26.080537,6.4,15.5,2100.0
2026-02-08T11:24:26.581286,6.7,15.5,2100.0
2026-02-08T11:24:27.082329,5.4,15.5,2100.0
2026-02-08T11:24:27.583111,5.6,15.5,2100.0
2026-02-08T11:24:28.083648,8.5,15.5,2100.0
2026-02-08T11:24:28.584294,7.0,15.5,2100.0
2026-02-08T11:24:29.084742,7.3,15.5,2100.0
2026-02-08T11:24:29.585363,9.7,15.5,2100.0
2026-02-08T11:24:30.085795,5.6,15.5,2100.0
2026-02-08T11:24:30.587059,5.0,15.5,2100.0
2026-02-08T11:24:31.088291,4.6,15.5,2100.0
2026-02-08T11:24:31.589062,5.8,15.5,2100.0
2026-02-08T11:24:32.089623,8.1,15.5,2100.0
2026-02-08T11:24:32.590096,7.5,15.5,2100.0
2026-02-08T11:24:33.091263,6.0,15.5,2100.0
2026-02-08T11:24:33.592555,7.1,15.5,2100.0
2026-02-08T11:24:34.092967,5.5,15.5,2100.0
2026-02-08T11:24:34.593512,10.7,15.5,2100.0
2026-02-08T11:24:35.094505,5.3,15.5,2100.0
2026-02-08T11:24:35.597030,10.0,15.5,2100.0
2026-02-08T11:24:36.097914,6.5,15.5,2100.0
2026-02-08T11:24:36.598680,4.2,15.5,2100.0
2026-02-08T11:24:37.099239,5.3,15.5,2100.0
2026-02-08T11:24:37.599726,4.9,15.5,2100.0
2026-02-08T11:24:38.100448,7.8,15.5,2100.0
2026-02-08T11:24:38.601484,6.2,15.5,2100.0
2026-02-08T11:24:39.103290,6.7,15.5,2100.0
2026-02-08T11:24:39.604643,7.8,15.5,2100.0
2026-02-08T11:24:40.106695,5.2,15.5,2100.0
2026-02-08T11:24:40.607160,5.3,15.5,2100.0
2026-02-08T11:24:41.107611,5.7,15.5,2100.0
2026-02-08T11:24:41.609046,5.2,15.5,2100.0
2026-02-08T11:24:42.109997,6.3,15.5,2100.0
2026-02-08T11:24:42.611601,5.4,15.5,2100.0
2026-02-08T11:24:43.112316,3.4,15.5,2100.0
2026-02-08T11:24:43.613199,6.8,15.5,2100.0
2026-02-08T11:24:44.113778,4.3,15.5,2100.0
2026-02-08T11:24:44.614767,9.7,15.5,2100.0
2026-02-08T11:24:45.115353,4.4,15.5,2100.0
2026-02-08T11:24:45.615825,8.1,15.5,2100.0
2026-02-08T11:24:46.116248,5.6,15.5,2100.0
2026-02-08T11:24:46.616903,5.1,15.5,2100.0
2026-02-08T11:24:47.117516,5.1,15.5,2100.0
2026-02-08T11:24:47.618274,12.1,15.5,2100.0
2026-02-08T11:24:48.118794,5.6,15.5,2100.0
2026-02-08T11:24:48.620397,11.4,15.5,2100.0
2026-02-08T11:24:49.120968,5.3,15.5,2100.0
2026-02-08T11:24:49.621712,7.0,15.5,2100.0
2026-02-08T11:24:50.126433,4.0,15.5,2100.0
2026-02-08T11:24:50.627250,6.6,15.5,2100.0
2026-02-08T11:24:51.128109,6.9,15.5,2100.0
2026-02-08T11:24:51.628684,7.1,15.5,2100.0
2026-02-08T11:24:52.129616,6.6,15.5,2100.0
2026-02-08T11:24:52.630175,7.8,15.5,2100.0
2026-02-08T11:24:53.130598,4.9,15.5,2100.0
2026-02-08T11:24:53.631280,6.7,15.5,2100.0
2026-02-08T11:24:54.131901,7.5,15.5,2100.0
2026-02-08T11:24:54.632317,9.2,15.5,2100.0
2026-02-08T11:24:55.132835,4.3,15.5,2100.0
2026-02-08T11:24:55.633298,5.1,15.5,2100.0
2026-02-08T11:24:56.134052,4.1,15.5,2100.0
2026-02-08T11:24:56.634733,6.4,15.5,2100.0
2026-02-08T11:24:57.135592,5.4,15.5,2100.0
2026-02-08T11:24:57.636396,5.9,15.5,2100.0
2026-02-08T11:24:58.137052,5.6,15.5,2100.0
2026-02-08T11:24:58.639388,7.1,15.5,2100.0
2026-02-08T11:24:59.140060,3.9,15.5,2100.0
2026-02-08T11:24:59.641134,6.3,15.5,2100.0
2026-02-08T11:25:00.143103,8.7,15.5,2100.0
2026-02-08T11:25:00.644018,8.5,15.5,2100.0
2026-02-08T11:25:01.144992,5.5,15.5,2100.0
2026-02-08T11:25:01.645935,6.8,15.5,2100.0
2026-02-08T11:25:02.146909,4.4,15.5,2100.0
2026-02-08T11:25:02.647667,5.4,15.5,2100.0
2026-02-08T11:25:03.148485,7.3,15.5,2100.0
2026-02-08T11:25:03.649400,8.9,15.5,2100.0
2026-02-08T11:25:04.150128,6.5,15.5,2100.0
2026-02-08T11:25:04.650554,6.3,15.5,2100.0
2026-02-08T11:25:05.151486,4.7,15.5,2100.0
2026-02-08T11:25:05.652992,6.3,15.5,2100.0
2026-02-08T11:25:06.153811,4.7,15.5,2100.0
2026-02-08T11:25:06.654470,6.5,15.5,2100.0
2026-02-08T11:25:07.155433,5.5,15.5,2100.0
2026-02-08T11:25:07.656157,5.6,15.5,2100.0
2026-02-08T11:25:08.157804,4.8,15.5,2100.0
2026-02-08T11:25:08.661883,5.8,15.5,2100.0
2026-02-08T11:25:09.162320,7.9,15.5,2100.0
2026-02-08T11:25:09.663108,5.9,15.5,2100.0
2026-02-08T11:25:10.163536,5.8,15.5,2100.0
2026-02-08T11:25:10.664082,6.4,15.5,2100.0
2026-02-08T11:25:11.165602,6.8,15.5,2100.0
2026-02-08T11:25:11.666275,6.8,15.5,2100.0
2026-02-08T11:25:12.166785,5.8,15.5,2100.0
2026-02-08T11:25:12.668432,5.9,15.5,2100.0
2026-02-08T11:25:13.169203,6.6,15.5,2100.0
2026-02-08T11:25:13.670017,10.0,15.6,2100.0
2026-02-08T11:25:14.171437,8.1,15.5,2100.0
2026-02-08T11:25:14.672156,7.3,15.5,2100.0
2026-02-08T11:25:15.172576,3.6,15.5,2100.0
2026-02-08T11:25:15.674583,10.1,15.5,2100.0
2026-02-08T11:25:16.175370,4.5,15.5,2100.0
2026-02-08T11:25:16.679707,9.4,15.5,2100.0
2026-02-08T11:25:17.180349,7.1,15.5,2100.0
2026-02-08T11:25:17.681003,8.5,15.5,2100.0
2026-02-08T11:25:18.181504,5.3,15.5,2100.0
2026-02-08T11:25:18.681845,5.9,15.5,2100.0
2026-02-08T11:25:19.182433,8.4,15.5,2100.0
2026-02-08T11:25:19.683051,8.1,15.5,2100.0
2026-02-08T11:25:20.183860,5.7,15.5,2100.0
2026-02-08T11:25:20.684621,5.8,15.5,2100.0
2026-02-08T11:25:21.185080,4.7,15.5,2100.0
2026-02-08T11:25:21.685768,9.9,15.5,2100.0
2026-02-08T11:25:22.186405,10.5,15.5,2100.0
2026-02-08T11:25:22.687159,4.8,15.5,2100.0
2026-02-08T11:25:23.189759,10.0,15.5,2100.0
2026-02-08T11:25:23.690677,5.3,15.5,2100.0
2026-02-08T11:25:24.191547,6.1,15.5,2100.0
2026-02-08T11:25:24.692502,11.3,15.6,2100.0
2026-02-08T11:25:25.193238,4.4,15.5,2100.0
2026-02-08T11:25:25.693671,4.8,15.6,2100.0
2026-02-08T11:25:26.194228,6.3,15.6,2100.0
2026-02-08T11:25:26.694638,6.7,15.6,2100.0
2026-02-08T11:25:27.195550,6.2,15.6,2100.0
2026-02-08T11:25:27.696238,5.0,15.6,2100.0
2026-02-08T11:25:28.197058,4.9,15.6,2100.0
2026-02-08T11:25:28.697569,5.4,15.6,2100.0
2026-02-08T11:25:29.198197,7.1,15.5,2100.0
2026-02-08T11:25:29.698612,7.2,15.5,2100.0
2026-02-08T11:25:30.199999,4.4,15.5,2100.0
2026-02-08T11:25:30.701876,6.7,15.5,2100.0
2026-02-08T11:25:31.202944,5.5,15.5,2100.0
2026-02-08T11:25:31.703933,7.8,15.5,2100.0
2026-02-08T11:25:32.204679,6.3,15.5,2100.0
2026-02-08T11:25:32.705510,6.2,15.5,2100.0
2026-02-08T11:25:33.206328,7.2,15.5,2100.0
2026-02-08T11:25:33.707213,8.2,15.5,2100.0
2026-02-08T11:25:34.207933,8.6,15.6,2100.0
2026-02-08T11:25:34.708624,14.4,15.6,2100.0
2026-02-08T11:25:35.209389,5.0,15.6,2100.0
2026-02-08T11:25:35.709941,8.2,15.6,2100.0
2026-02-08T11:25:36.210494,6.3,15.6,2100.0
2026-02-08T11:25:36.713377,5.8,15.6,2100.0
2026-02-08T11:25:37.214299,4.9,15.6,2100.0
2026-02-08T11:25:37.714749,5.4,15.6,2100.0
2026-02-08T11:25:38.215644,7.5,15.5,2100.0
2026-02-08T11:25:38.717354,8.7,15.5,2100.0
2026-02-08T11:25:39.218301,5.1,15.6,2100.0
2026-02-08T11:25:39.719049,7.7,15.5,2100.0
2026-02-08T11:25:40.220261,6.5,15.5,2100.0
2026-02-08T11:25:40.720981,5.6,15.5,2100.0
2026-02-08T11:25:41.221617,6.9,15.5,2100.0
2026-02-08T11:25:41.722272,6.7,15.5,2100.0
2026-02-08T11:25:42.223731,5.8,15.5,2100.0
2026-02-08T11:25:42.724354,7.4,15.5,2100.0
2026-02-08T11:25:43.225026,8.4,15.5,2100.0
2026-02-08T11:25:43.725438,7.1,15.5,2100.0
2026-02-08T11:25:44.225927,9.3,15.6,2100.0
2026-02-08T11:25:44.726582,6.5,15.6,2100.0
2026-02-08T11:25:45.227273,4.6,15.5,2100.0
2026-02-08T11:25:45.727766,5.0,15.5,2100.0
2026-02-08T11:25:46.228515,5.9,15.5,2100.0
2026-02-08T11:25:46.728909,3.6,15.5,2100.0
2026-02-08T11:25:47.229647,6.7,15.5,2100.0
2026-02-08T11:25:47.730165,4.8,15.5,2100.0
2026-02-08T11:25:48.230747,5.7,15.5,2100.0
2026-02-08T11:25:48.731431,7.2,15.5,2100.0
2026-02-08T11:25:49.232133,5.7,15.5,2100.0
2026-02-08T11:25:49.733320,5.8,15.5,2100.0
2026-02-08T11:25:50.233904,6.6,15.5,2100.0
2026-02-08T11:25:50.734344,6.0,15.5,2100.0
2026-02-08T11:25:51.240060,7.5,15.5,2100.0
2026-02-08T11:25:51.740600,4.4,15.5,2100.0
2026-02-08T11:25:52.241270,6.2,15.5,2100.0
2026-02-08T11:25:52.741911,7.0,15.5,2100.0
2026-02-08T11:25:53.242249,10.4,15.5,2100.0
2026-02-08T11:25:53.742959,7.4,15.5,2100.0
2026-02-08T11:25:54.243775,5.5,15.5,2100.0
2026-02-08T11:25:54.744653,5.1,15.5,2100.0
2026-02-08T11:25:55.245064,6.7,15.5,2100.0
2026-02-08T11:25:55.745635,6.3,15.5,2100.0
2026-02-08T11:25:56.246405,9.9,15.5,2100.0
2026-02-08T11:25:56.746939,5.8,15.5,2100.0
2026-02-08T11:25:57.247498,9.2,15.5,2100.0
2026-02-08T11:25:57.747957,8.2,15.5,2100.0
2026-02-08T11:25:58.249687,5.7,15.5,2100.0
2026-02-08T11:25:58.750706,5.9,15.5,2100.0
2026-02-08T11:25:59.251455,10.1,15.6,2100.0
2026-02-08T11:25:59.751985,6.1,15.5,2100.0
2026-02-08T11:26:00.253068,5.5,15.5,2100.0
2026-02-08T11:26:00.753808,4.2,15.6,2100.0
2026-02-08T11:26:01.256530,5.9,15.6,2100.0
2026-02-08T11:26:01.756982,8.3,15.6,2100.0
2026-02-08T11:26:02.257737,5.2,15.6,2100.0
2026-02-08T11:26:02.758240,5.6,15.6,2100.0
2026-02-08T11:26:03.259149,4.7,15.6,2100.0
2026-02-08T11:26:03.759817,7.9,15.6,2100.0
2026-02-08T11:26:04.260820,4.2,15.6,2100.0
2026-02-08T11:26:04.761631,11.0,15.6,2100.0
2026-02-08T11:26:05.262368,8.4,15.6,2100.0
2026-02-08T11:26:05.762848,9.1,15.6,2100.0
2026-02-08T11:26:06.263264,5.0,15.6,2100.0
2026-02-08T11:26:06.763812,5.1,15.6,2100.0
2026-02-08T11:26:07.264410,4.9,15.6,2100.0
2026-02-08T11:26:07.765289,4.8,15.5,2100.0
2026-02-08T11:26:08.265762,4.8,15.5,2100.0
2026-02-08T11:26:08.766478,9.5,15.5,2100.0
2026-02-08T11:26:09.267273,4.6,15.6,2100.0
2026-02-08T11:26:09.768520,7.4,15.6,2100.0
2026-02-08T11:26:10.269237,7.4,15.6,2100.0
2026-02-08T11:26:10.770357,8.2,15.6,2100.0
2026-02-08T11:26:11.271296,6.1,15.6,2100.0
2026-02-08T11:26:11.771672,8.1,15.6,2100.0
2026-02-08T11:26:12.272565,5.4,15.6,2100.0
2026-02-08T11:26:12.773219,6.0,15.6,2100.0
2026-02-08T11:26:13.274116,6.0,15.6,2100.0
2026-02-08T11:26:13.775435,10.5,15.6,2100.0
2026-02-08T11:26:14.276789,5.4,15.6,2100.0
2026-02-08T11:26:14.777266,6.3,15.6,2100.0
2026-02-08T11:26:15.277689,6.2,15.6,2100.0
2026-02-08T11:26:15.778455,11.8,15.6,2100.0
2026-02-08T11:26:16.278985,6.5,15.6,2100.0
2026-02-08T11:26:16.779843,9.1,15.6,2100.0
2026-02-08T11:26:17.280412,7.1,15.6,2100.0
2026-02-08T11:26:17.781086,11.5,15.6,2100.0
2026-02-08T11:26:18.283161,8.2,15.6,2100.0
2026-02-08T11:26:18.783997,25.0,15.7,2100.0
2026-02-08T11:26:19.285069,10.9,15.6,2100.0
2026-02-08T11:26:19.785771,21.7,15.7,2100.0
2026-02-08T11:26:20.286444,9.9,15.7,2100.0
2026-02-08T11:26:20.787256,16.5,15.3,2100.0
2026-02-08T11:26:21.288330,4.0,15.3,2100.0
2026-02-08T11:26:21.789209,7.0,15.3,2100.0
2026-02-08T11:26:22.291013,13.5,15.3,2100.0
2026-02-08T11:26:22.791712,9.4,15.3,2100.0
2026-02-08T11:26:23.292274,5.3,15.3,2100.0
2026-02-08T11:26:23.793317,6.4,15.3,2100.0
2026-02-08T11:26:24.293969,5.0,15.3,2100.0
2026-02-08T11:26:24.794711,7.7,15.3,2100.0
2026-02-08T11:26:25.295467,3.6,15.3,2100.0
2026-02-08T11:26:25.796273,9.0,15.3,2100.0
2026-02-08T11:26:26.297091,7.9,15.3,2100.0
2026-02-08T11:26:26.798776,5.7,15.2,2100.0
2026-02-08T11:26:27.299749,3.0,15.2,2100.0
2026-02-08T11:26:27.800541,6.8,15.2,2100.0
2026-02-08T11:26:28.300995,4.2,15.2,2100.0
2026-02-08T11:26:28.801680,6.9,15.2,2100.0
2026-02-08T11:26:29.302684,4.6,15.2,2100.0
2026-02-08T11:26:29.803532,6.4,15.2,2100.0
2026-02-08T11:26:30.304365,3.9,15.2,2100.0
2026-02-08T11:26:30.805282,4.6,15.2,2100.0
2026-02-08T11:26:31.306512,4.6,15.2,2100.0
2026-02-08T11:26:31.806886,3.5,15.2,2100.0
2026-02-08T11:26:32.307467,7.8,15.2,2100.0
2026-02-08T11:26:32.808306,3.6,15.2,2100.0
2026-02-08T11:26:33.308968,7.0,15.2,2100.0
2026-02-08T11:26:33.809878,5.7,15.2,2100.0
2026-02-08T11:26:34.310385,4.7,15.2,2100.0
2026-02-08T11:26:34.811251,7.1,15.2,2100.0
2026-02-08T11:26:35.311905,4.3,15.2,2100.0
2026-02-08T11:26:35.812793,5.8,15.2,2100.0
2026-02-08T11:26:36.314201,6.3,15.2,2100.0
2026-02-08T11:26:36.815020,5.4,15.2,2100.0
2026-02-08T11:26:37.315758,5.1,15.2,2100.0
2026-02-08T11:26:37.817121,7.1,15.2,2100.0
2026-02-08T11:26:38.318166,6.5,15.2,2100.0
2026-02-08T11:26:38.818691,7.0,15.2,2100.0
2026-02-08T11:26:39.319264,4.9,15.2,2100.0
2026-02-08T11:26:39.821981,4.7,15.2,2100.0
2026-02-08T11:26:40.322857,5.9,15.2,2100.0
2026-02-08T11:26:40.823664,8.4,15.2,2100.0
2026-02-08T11:26:41.324243,8.8,15.2,2100.0
2026-02-08T11:26:41.825177,4.4,15.2,2100.0
2026-02-08T11:26:42.325989,4.3,15.2,2100.0
2026-02-08T11:26:42.826710,5.3,15.2,2100.0
2026-02-08T11:26:43.327194,10.4,15.1,2100.0
2026-02-08T11:26:43.827792,6.8,15.2,2100.0
2026-02-08T11:26:44.328639,4.4,15.2,2100.0
2026-02-08T11:26:44.829404,4.4,15.2,2100.0
2026-02-08T11:26:45.330271,6.0,15.2,2100.0
2026-02-08T11:26:45.831319,4.4,15.2,2100.0
2026-02-08T11:26:46.332176,8.4,15.2,2100.0
2026-02-08T11:26:46.833304,4.8,15.2,2100.0
2026-02-08T11:26:47.333933,5.6,15.1,2100.0
2026-02-08T11:26:47.834363,4.0,15.1,2100.0
2026-02-08T11:26:48.335658,8.4,15.2,2100.0
2026-02-08T11:26:48.836224,5.3,15.2,2100.0
2026-02-08T11:26:49.337872,7.2,15.2,2100.0
2026-02-08T11:26:49.839001,5.0,15.2,2100.0
2026-02-08T11:26:50.339859,6.0,14.9,2100.0
2026-02-08T11:26:50.840837,5.6,14.7,2100.0
2026-02-08T11:26:51.342584,5.7,14.7,2100.0
2026-02-08T11:26:51.843678,5.5,14.7,2100.0
2026-02-08T11:26:52.344208,5.8,14.7,2100.0
2026-02-08T11:26:52.844952,4.1,14.7,2100.0
2026-02-08T11:26:53.345696,6.1,14.7,2100.0
2026-02-08T11:26:53.847349,5.4,14.7,2100.0
2026-02-08T11:26:54.348238,4.3,14.7,2100.0
2026-02-08T11:26:54.848780,6.1,14.7,2100.0
2026-02-08T11:26:55.349388,5.5,14.7,2100.0
2026-02-08T11:26:55.851523,4.5,14.7,2100.0
2026-02-08T11:26:56.353118,6.5,14.7,2100.0
2026-02-08T11:26:56.857028,3.5,14.7,2100.0
2026-02-08T11:26:57.357639,5.9,14.7,2100.0
2026-02-08T11:26:57.858935,7.6,14.7,2100.0
2026-02-08T11:26:58.359564,8.1,14.7,2100.0
2026-02-08T11:26:58.860041,7.1,14.7,2100.0
2026-02-08T11:26:59.360862,5.6,14.7,2100.0
2026-02-08T11:26:59.861301,5.7,14.7,2100.0
2026-02-08T11:27:00.362105,4.9,14.7,2100.0
2026-02-08T11:27:00.862801,9.6,14.7,2100.0
2026-02-08T11:27:01.363244,4.0,14.7,2100.0
2026-02-08T11:27:01.863801,6.5,14.7,2100.0
2026-02-08T11:27:02.364656,4.1,14.7,2100.0
2026-02-08T11:27:02.865153,6.7,14.7,2100.0
2026-02-08T11:27:03.365864,4.6,14.7,2100.0
2026-02-08T11:27:03.866569,8.0,14.7,2100.0
2026-02-08T11:27:04.368480,4.3,14.7,2100.0
2026-02-08T11:27:04.869071,11.7,14.7,2100.0
2026-02-08T11:27:05.370943,5.2,14.7,2100.0
2026-02-08T11:27:05.871583,7.7,14.7,2100.0
2026-02-08T11:27:06.373024,4.0,14.7,2100.0
2026-02-08T11:27:06.874031,5.7,14.7,2100.0
2026-02-08T11:27:07.374711,5.7,14.7,2100.0
2026-02-08T11:27:07.875484,7.7,14.7,2100.0
2026-02-08T11:27:08.376162,4.5,14.7,2100.0
2026-02-08T11:27:08.876948,6.3,14.7,2100.0
2026-02-08T11:27:09.377463,5.9,14.7,2100.0
2026-02-08T11:27:09.878217,5.5,14.7,2100.0
2026-02-08T11:27:10.378850,5.5,14.7,2100.0
2026-02-08T11:27:10.879914,8.9,14.7,2100.0
2026-02-08T11:27:11.380368,5.3,14.7,2100.0
2026-02-08T11:27:11.882442,9.8,14.7,2100.0
2026-02-08T11:27:12.382960,2.7,14.7,2100.0
2026-02-08T11:27:12.883694,5.9,14.7,2100.0
2026-02-08T11:27:13.384731,2.8,14.7,2100.0
2026-02-08T11:27:13.885454,9.4,14.7,2100.0
2026-02-08T11:27:14.386138,3.3,14.7,2100.0
2026-02-08T11:27:14.886890,7.2,14.7,2100.0
2026-02-08T11:27:15.387542,2.9,14.7,2100.0
2026-02-08T11:27:15.888018,3.9,14.7,2100.0
2026-02-08T11:27:16.388533,1.9,14.7,2100.0
2026-02-08T11:27:16.888998,9.4,14.7,2100.0
2026-02-08T11:27:17.389756,3.5,14.7,2100.0
2026-02-08T11:27:17.890644,4.7,14.7,2100.0
2026-02-08T11:27:18.391221,5.7,14.7,2100.0
2026-02-08T11:27:18.892111,8.0,14.7,2100.0
2026-02-08T11:27:19.392833,7.8,14.7,2100.0
2026-02-08T11:27:19.894361,7.3,14.7,2100.0
2026-02-08T11:27:20.395008,4.7,14.7,2100.0
2026-02-08T11:27:20.895913,6.7,14.7,2100.0
2026-02-08T11:27:21.396652,4.6,14.7,2100.0
2026-02-08T11:27:21.897435,10.4,14.7,2100.0
2026-02-08T11:27:22.398367,4.6,14.7,2100.0
2026-02-08T11:27:22.899635,4.8,14.7,2100.0
2026-02-08T11:27:23.400828,2.8,14.7,2100.0
2026-02-08T11:27:23.901228,10.5,14.7,2100.0
2026-02-08T11:27:24.401834,5.5,14.7,2100.0
2026-02-08T11:27:24.902414,8.0,14.7,2100.0
2026-02-08T11:27:25.403321,5.6,14.7,2100.0
2026-02-08T11:27:25.904045,4.2,14.7,2100.0
2026-02-08T11:27:26.404908,4.3,14.7,2100.0
2026-02-08T11:27:26.905499,7.5,14.7,2100.0
2026-02-08T11:27:27.406204,5.3,14.7,2100.0
2026-02-08T11:27:27.906931,5.8,14.7,2100.0
2026-02-08T11:27:28.407797,4.6,14.7,2100.0
2026-02-08T11:27:28.908487,6.0,14.7,2100.0
2026-02-08T11:27:29.409259,6.0,14.7,2100.0
2026-02-08T11:27:29.910129,5.1,14.7,2100.0
2026-02-08T11:27:30.410675,3.5,14.7,2100.0
2026-02-08T11:27:30.911388,5.9,14.7,2100.0
2026-02-08T11:27:31.411858,7.3,14.7,2100.0
2026-02-08T11:27:31.912644,6.5,14.7,2100.0
2026-02-08T11:27:32.413500,4.5,14.7,2100.0
2026-02-08T11:27:32.915060,3.3,14.7,2100.0
2026-02-08T11:27:33.415515,4.9,14.7,2100.0
2026-02-08T11:27:33.916242,8.2,14.7,2100.0
2026-02-08T11:27:34.417909,5.6,14.7,2100.0
2026-02-08T11:27:34.918737,6.4,14.7,2100.0
2026-02-08T11:27:35.419521,6.6,14.7,2100.0
2026-02-08T11:27:35.921662,5.4,14.7,2100.0
2026-02-08T11:27:36.422416,8.8,14.7,2100.0
2026-02-08T11:27:36.923079,6.0,14.7,2100.0
2026-02-08T11:27:37.423902,6.7,14.7,2100.0
2026-02-08T11:27:37.924432,3.8,14.7,2100.0
2026-02-08T11:27:38.425206,4.0,14.7,2100.0
2026-02-08T11:27:38.926044,9.4,14.8,2100.0
2026-02-08T11:27:39.426485,8.6,14.8,2100.0
2026-02-08T11:27:39.927570,25.3,14.8,2100.0
2026-02-08T11:27:40.428685,3.8,14.8,2100.0
2026-02-08T11:27:40.929321,9.5,14.8,2100.0
2026-02-08T11:27:41.430018,5.3,14.8,2100.0
2026-02-08T11:27:41.930506,4.0,14.8,2100.0
2026-02-08T11:27:42.431140,5.0,14.8,2100.0
2026-02-08T11:27:42.932113,4.8,14.8,2100.0
2026-02-08T11:27:43.432940,5.2,14.8,2100.0
2026-02-08T11:27:43.933734,6.4,14.8,2100.0
2026-02-08T11:27:44.434941,4.8,14.8,2100.0
2026-02-08T11:27:44.935481,10.5,14.8,2100.0
2026-02-08T11:27:45.436317,4.1,14.8,2100.0
2026-02-08T11:27:45.937420,7.3,14.8,2100.0
2026-02-08T11:27:46.438151,7.0,14.8,2100.0
2026-02-08T11:27:46.939651,5.5,14.8,2100.0
2026-02-08T11:27:47.440416,5.6,14.8,2100.0
2026-02-08T11:27:47.941210,8.1,14.8,2100.0
2026-02-08T11:27:48.441924,4.4,14.8,2100.0
2026-02-08T11:27:48.942821,7.1,14.8,2100.0
2026-02-08T11:27:49.443346,8.7,14.8,2100.0
2026-02-08T11:27:49.944306,4.8,14.8,2100.0
2026-02-08T11:27:50.444700,6.2,14.8,2100.0
2026-02-08T11:27:50.945508,3.8,14.8,2100.0
2026-02-08T11:27:51.446796,7.8,14.8,2100.0
2026-02-08T11:27:51.947155,5.4,14.8,2100.0
2026-02-08T11:27:52.448541,3.7,14.8,2100.0
2026-02-08T11:27:52.950208,5.1,14.8,2100.0
2026-02-08T11:27:53.450831,5.9,14.8,2100.0
2026-02-08T11:27:53.951625,7.1,14.8,2100.0
2026-02-08T11:27:54.453710,5.5,14.8,2100.0
2026-02-08T11:27:54.954534,5.3,14.8,2100.0
2026-02-08T11:27:55.455433,4.0,14.8,2100.0
2026-02-08T11:27:55.966321,6.8,14.8,2100.0
2026-02-08T11:27:56.467226,5.4,14.8,2100.0
2026-02-08T11:27:56.968032,3.2,14.8,2100.0
2026-02-08T11:27:57.468837,3.6,14.8,2100.0
2026-02-08T11:27:57.969581,4.8,14.8,2100.0
2026-02-08T11:27:58.470639,3.0,14.8,2100.0
2026-02-08T11:27:58.971091,2.9,14.8,2100.0
2026-02-08T11:27:59.471540,6.5,14.8,2100.0
2026-02-08T11:27:59.972557,8.8,14.8,2100.0
2026-02-08T11:28:00.473106,3.4,14.8,2100.0
2026-02-08T11:28:00.975189,3.8,14.8,2100.0
2026-02-08T11:28:01.475860,5.7,14.8,2100.0
2026-02-08T11:28:01.976937,4.1,14.8,2100.0
2026-02-08T11:28:02.477610,7.5,14.8,2100.0
2026-02-08T11:28:02.979947,4.1,14.8,2100.0
2026-02-08T11:28:03.480447,7.2,14.8,2100.0
2026-02-08T11:28:03.981975,5.6,14.8,2100.0
2026-02-08T11:28:04.482832,5.8,14.8,2100.0
2026-02-08T11:28:04.983425,5.0,14.8,2100.0
2026-02-08T11:28:05.484210,6.1,14.8,2100.0
2026-02-08T11:28:05.985139,6.1,14.8,2100.0
2026-02-08T11:28:06.486082,6.0,14.8,2100.0
2026-02-08T11:28:06.986789,5.5,14.8,2100.0
2026-02-08T11:28:07.487716,4.8,14.8,2100.0
2026-02-08T11:28:07.988183,3.7,14.8,2100.0
2026-02-08T11:28:08.489084,5.8,14.8,2100.0
2026-02-08T11:28:08.989684,6.7,14.8,2100.0
2026-02-08T11:28:09.490089,7.7,14.8,2100.0
2026-02-08T11:28:09.990644,4.4,14.8,2100.0
2026-02-08T11:28:10.491102,5.1,14.8,2100.0
2026-02-08T11:28:10.992138,4.0,14.8,2100.0
2026-02-08T11:28:11.493241,5.4,14.8,2100.0
2026-02-08T11:28:11.993742,4.4,14.8,2100.0
2026-02-08T11:28:12.494575,6.5,14.8,2100.0
2026-02-08T11:28:12.995023,5.0,14.8,2100.0
2026-02-08T11:28:13.496308,6.9,14.8,2100.0
2026-02-08T11:28:13.997460,3.9,14.8,2100.0
2026-02-08T11:28:14.498190,4.8,14.8,2100.0
2026-02-08T11:28:14.999546,5.1,14.8,2100.0
2026-02-08T11:28:15.500470,8.0,14.8,2100.0
2026-02-08T11:28:16.001280,8.4,14.8,2100.0
2026-02-08T11:28:16.501838,6.6,14.8,2100.0
2026-02-08T11:28:17.002595,4.2,14.8,2100.0
2026-02-08T11:28:17.503260,3.8,14.8,2100.0
2026-02-08T11:28:18.004303,5.1,14.8,2100.0
2026-02-08T11:28:18.505445,7.1,14.8,2100.0
2026-02-08T11:28:19.006371,7.6,14.8,2100.0
2026-02-08T11:28:19.507293,8.8,14.8,2100.0
2026-02-08T11:28:20.007976,5.4,14.8,2100.0
2026-02-08T11:28:20.508635,5.7,14.8,2100.0
2026-02-08T11:28:21.009660,3.6,14.8,2100.0
2026-02-08T11:28:21.510382,4.5,14.8,2100.0
2026-02-08T11:28:22.011085,3.4,14.8,2100.0
2026-02-08T11:28:22.511658,5.6,14.8,2100.0
2026-02-08T11:28:23.012402,3.9,14.8,2100.0
2026-02-08T11:28:23.513697,5.5,14.8,2100.0
2026-02-08T11:28:24.014625,5.6,14.8,2100.0
2026-02-08T11:28:24.515207,5.3,14.8,2100.0
2026-02-08T11:28:25.015827,5.9,14.8,2100.0
2026-02-08T11:28:25.516679,7.2,14.8,2100.0
2026-02-08T11:28:26.017315,6.9,14.8,2100.0
2026-02-08T11:28:26.518061,5.0,14.8,2100.0
2026-02-08T11:28:27.018935,5.1,14.8,2100.0
2026-02-08T11:28:27.519568,12.6,14.8,2100.0
2026-02-08T11:28:28.020322,6.8,14.8,2100.0
2026-02-08T11:28:28.520856,6.7,14.8,2100.0
2026-02-08T11:28:29.021605,7.1,14.8,2100.0
2026-02-08T11:28:29.522593,6.9,14.8,2100.0
2026-02-08T11:28:30.023066,5.1,14.8,2100.0
2026-02-08T11:28:30.535822,8.7,14.8,2100.0
2026-02-08T11:28:31.036603,4.2,14.8,2100.0
2026-02-08T11:28:31.536940,4.7,14.8,2100.0
2026-02-08T11:28:32.037881,3.9,14.8,2100.0
2026-02-08T11:28:32.538314,6.0,14.8,2100.0
2026-02-08T11:28:33.038873,4.8,14.8,2100.0
2026-02-08T11:28:33.539611,5.8,14.8,2100.0
2026-02-08T11:28:34.040003,5.2,14.8,2100.0
2026-02-08T11:28:34.540696,7.2,14.8,2100.0
2026-02-08T11:28:35.041758,5.9,14.8,2100.0
2026-02-08T11:28:35.542633,5.4,14.8,2100.0
2026-02-08T11:28:36.045497,5.6,14.8,2100.0
2026-02-08T11:28:36.547488,5.4,14.8,2100.0
2026-02-08T11:28:37.048214,5.1,14.8,2100.0
2026-02-08T11:28:37.549161,8.7,14.8,2100.0
2026-02-08T11:28:38.049677,4.8,14.8,2100.0
2026-02-08T11:28:38.550433,11.5,14.8,2100.0
2026-02-08T11:28:39.051208,15.1,14.8,2100.0
2026-02-08T11:28:39.552528,11.5,14.8,2100.0
2026-02-08T11:28:40.053826,12.0,14.8,2100.0
2026-02-08T11:28:40.555759,9.5,14.8,2100.0
2026-02-08T11:28:41.060552,9.5,14.8,2100.0
2026-02-08T11:28:41.562944,8.7,14.8,2100.0
2026-02-08T11:28:42.063551,10.1,14.8,2100.0
2026-02-08T11:28:42.564685,9.9,14.8,2100.0
2026-02-08T11:28:43.065554,11.9,14.8,2100.0
2026-02-08T11:28:43.566773,11.3,14.8,2100.0
2026-02-08T11:28:44.069257,9.1,14.8,2100.0
2026-02-08T11:28:44.570200,9.7,14.8,2100.0
2026-02-08T11:28:45.072368,10.1,14.8,2100.0
2026-02-08T11:28:45.574373,10.6,14.8,2100.0
2026-02-08T11:28:46.078425,9.3,14.8,2100.0
2026-02-08T11:28:46.579288,10.9,14.8,2100.0
2026-02-08T11:28:47.084510,16.8,14.8,2100.0
2026-02-08T11:28:47.586603,11.1,14.8,2100.0
2026-02-08T11:28:48.089832,13.8,14.8,2100.0
2026-02-08T11:28:48.590980,9.0,14.8,2100.0
2026-02-08T11:28:49.092489,14.3,14.8,2100.0
2026-02-08T11:28:49.593471,9.5,14.8,2100.0
2026-02-08T11:28:50.095249,11.8,14.8,2100.0
2026-02-08T11:28:50.597940,18.7,14.8,2100.0
2026-02-08T11:28:51.098797,9.1,14.8,2100.0
2026-02-08T11:28:51.600555,11.5,14.8,2100.0
2026-02-08T11:28:52.101046,9.1,14.8,2100.0
2026-02-08T11:28:52.603588,14.0,14.8,2100.0
2026-02-08T11:28:53.105089,7.2,14.8,2100.0
2026-02-08T11:28:53.605675,11.8,14.8,2100.0
2026-02-08T11:28:54.108498,10.3,14.8,2100.0
2026-02-08T11:28:54.610736,11.9,14.8,2100.0
2026-02-08T11:28:55.111604,10.1,14.8,2100.0
2026-02-08T11:28:55.612607,14.6,14.8,2100.0
2026-02-08T11:28:56.114289,7.0,14.7,2100.0
2026-02-08T11:28:56.615707,11.7,14.7,2100.0
2026-02-08T11:28:57.116807,9.1,14.7,2100.0
2026-02-08T11:28:57.621825,18.1,14.7,2100.0
2026-02-08T11:28:58.122304,13.0,14.7,2100.0
2026-02-08T11:28:58.624655,16.4,14.7,2100.0
2026-02-08T11:28:59.126926,13.2,14.7,2100.0
2026-02-08T11:28:59.628381,12.0,14.7,2100.0
2026-02-08T11:29:00.129827,16.8,14.7,2100.0
2026-02-08T11:29:00.630763,13.6,14.7,2100.0
2026-02-08T11:29:01.132572,7.5,14.7,2100.0
2026-02-08T11:29:01.633068,10.0,14.7,2100.0
2026-02-08T11:29:02.134023,7.8,14.7,2100.0
2026-02-08T11:29:02.635564,15.7,14.7,2100.0
2026-02-08T11:29:03.136922,8.1,14.7,2100.0
2026-02-08T11:29:03.638119,18.4,14.7,2100.0
2026-02-08T11:29:04.139210,7.4,14.7,2100.0
2026-02-08T11:29:04.641390,10.4,14.7,2100.0
2026-02-08T11:29:05.142870,13.9,14.7,2100.0
2026-02-08T11:29:05.644017,9.5,14.7,2100.0
2026-02-08T11:29:06.145966,7.0,14.7,2100.0
2026-02-08T11:29:06.646388,7.5,14.7,2100.0
2026-02-08T11:29:07.147473,5.4,14.7,2100.0
2026-02-08T11:29:07.648954,4.6,14.7,2100.0
2026-02-08T11:29:08.149893,4.1,14.7,2100.0
2026-02-08T11:29:08.650882,7.5,14.7,2100.0
2026-02-08T11:29:09.151531,4.8,14.7,2100.0
2026-02-08T11:29:09.652191,6.4,14.7,2100.0
2026-02-08T11:29:10.152888,4.7,14.7,2100.0
2026-02-08T11:29:10.653721,8.0,14.7,2100.0
2026-02-08T11:29:11.154151,5.1,14.7,2100.0
2026-02-08T11:29:11.655709,7.0,14.7,2100.0
2026-02-08T11:29:12.157142,4.9,14.7,2100.0
2026-02-08T11:29:12.657662,6.7,14.7,2100.0
2026-02-08T11:29:13.158290,4.0,14.7,2100.0
2026-02-08T11:29:13.658987,5.5,14.7,2100.0
2026-02-08T11:29:14.159987,4.6,14.7,2100.0
2026-02-08T11:29:14.660630,5.6,14.7,2100.0
2026-02-08T11:29:15.161298,5.6,14.7,2100.0
2026-02-08T11:29:15.662365,5.4,14.7,2100.0
2026-02-08T11:29:16.163293,5.5,14.7,2100.0
2026-02-08T11:29:16.663769,5.6,14.7,2100.0
2026-02-08T11:29:17.164554,5.8,14.7,2100.0
2026-02-08T11:29:17.665557,5.2,14.7,2100.0
2026-02-08T11:29:18.165972,5.5,14.7,2100.0
2026-02-08T11:29:18.666565,7.6,14.7,2100.0
2026-02-08T11:29:19.167373,5.9,14.7,2100.0
2026-02-08T11:29:19.668100,4.8,14.7,2100.0
2026-02-08T11:29:20.168890,5.2,14.7,2100.0
2026-02-08T11:29:20.669456,5.1,14.7,2100.0
2026-02-08T11:29:21.170261,4.0,14.7,2100.0
2026-02-08T11:29:21.671130,6.9,14.7,2100.0
2026-02-08T11:29:22.171533,5.0,14.7,2100.0
2026-02-08T11:29:22.672517,5.0,14.7,2100.0
2026-02-08T11:29:23.173295,4.0,14.7,2100.0
2026-02-08T11:29:23.674226,2.7,14.7,2100.0
2026-02-08T11:29:24.174761,4.4,14.7,2100.0
2026-02-08T11:29:24.675359,7.6,14.7,2100.0
2026-02-08T11:29:25.176115,5.8,14.7,2100.0
2026-02-08T11:29:25.678020,3.5,14.7,2100.0
2026-02-08T11:29:26.178791,3.7,14.7,2100.0
2026-02-08T11:29:26.680318,3.6,14.7,2100.0
2026-02-08T11:29:27.181333,6.2,14.7,2100.0
2026-02-08T11:29:27.682058,4.1,14.7,2100.0
2026-02-08T11:29:28.182521,5.4,14.7,2100.0
2026-02-08T11:29:28.683058,4.2,14.7,2100.0
2026-02-08T11:29:29.183677,7.2,14.7,2100.0
2026-02-08T11:29:29.684672,4.0,14.7,2100.0
2026-02-08T11:29:30.185697,7.6,14.7,2100.0
2026-02-08T11:29:30.686631,5.0,14.7,2100.0
2026-02-08T11:29:31.187400,6.1,14.7,2100.0
2026-02-08T11:29:31.687985,4.8,14.7,2100.0
2026-02-08T11:29:32.188647,5.0,14.7,2100.0
2026-02-08T11:29:32.689317,6.0,14.7,2100.0
2026-02-08T11:29:33.189824,7.9,14.7,2100.0
2026-02-08T11:29:33.690669,3.2,14.7,2100.0
2026-02-08T11:29:34.191733,7.4,14.7,2100.0
2026-02-08T11:29:34.692158,4.2,14.7,2100.0
2026-02-08T11:29:35.193674,6.6,14.7,2100.0
2026-02-08T11:29:35.697399,6.8,14.7,2100.0
2026-02-08T11:29:36.197830,4.0,14.7,2100.0
2026-02-08T11:29:36.698767,3.8,14.7,2100.0
2026-02-08T11:29:37.199356,5.0,14.7,2100.0
2026-02-08T11:29:37.700289,4.0,14.7,2100.0
2026-02-08T11:29:38.200993,2.5,14.7,2100.0
2026-02-08T11:29:38.701642,4.2,14.7,2100.0
2026-02-08T11:29:39.202494,6.3,14.7,2100.0
2026-02-08T11:29:39.703368,8.8,14.7,2100.0
2026-02-08T11:29:40.203816,10.4,14.7,2100.0
2026-02-08T11:29:40.704897,9.2,14.7,2100.0
2026-02-08T11:29:41.206350,6.5,14.7,2100.0
2026-02-08T11:29:41.707216,6.3,14.7,2100.0
2026-02-08T11:29:42.207812,4.8,14.7,2100.0
2026-02-08T11:29:42.709441,6.8,14.7,2100.0
2026-02-08T11:29:43.211979,6.5,14.7,2100.0
2026-02-08T11:29:43.712932,7.0,14.7,2100.0
2026-02-08T11:29:44.213618,4.5,14.7,2100.0
2026-02-08T11:29:44.714395,5.2,14.7,2100.0
2026-02-08T11:29:45.215054,5.3,14.7,2100.0
2026-02-08T11:29:45.715971,5.5,14.7,2100.0
2026-02-08T11:29:46.216750,5.3,14.7,2100.0
2026-02-08T11:29:46.717162,3.1,14.7,2100.0
2026-02-08T11:29:47.217755,3.2,14.7,2100.0
2026-02-08T11:29:47.718545,6.4,14.7,2100.0
2026-02-08T11:29:48.219372,3.4,14.7,2100.0
2026-02-08T11:29:48.720129,5.5,14.7,2100.0
2026-02-08T11:29:49.220956,7.1,14.7,2100.0
2026-02-08T11:29:49.721546,6.2,14.7,2100.0
2026-02-08T11:29:50.222105,4.0,14.7,2100.0
2026-02-08T11:29:50.722799,7.1,14.7,2100.0
2026-02-08T11:29:51.223203,4.8,14.7,2100.0
2026-02-08T11:29:51.725174,5.9,14.7,2100.0
2026-02-08T11:29:52.225644,7.9,14.7,2100.0
2026-02-08T11:29:52.726712,5.9,14.7,2100.0
2026-02-08T11:29:53.227635,5.6,14.7,2100.0
2026-02-08T11:29:53.728388,5.5,14.7,2100.0
2026-02-08T11:29:54.229504,5.1,14.7,2100.0
2026-02-08T11:29:54.730049,5.6,14.7,2100.0
2026-02-08T11:29:55.230625,5.4,14.7,2100.0
2026-02-08T11:29:55.731377,5.5,14.7,2100.0
2026-02-08T11:29:56.231956,3.9,14.7,2100.0
2026-02-08T11:29:56.732759,4.3,14.7,2100.0
2026-02-08T11:29:57.233251,5.6,14.7,2100.0
2026-02-08T11:29:57.733854,13.4,14.7,2100.0
2026-02-08T11:29:58.234335,5.1,14.7,2100.0
2026-02-08T11:29:58.734882,3.8,14.7,2100.0
2026-02-08T11:29:59.235482,6.1,14.7,2100.0
2026-02-08T11:29:59.736107,4.5,14.7,2100.0
2026-02-08T11:30:00.236656,6.0,14.7,2100.0
2026-02-08T11:30:00.737189,5.5,14.7,2100.0
2026-02-08T11:30:01.238665,7.0,14.7,2100.0
2026-02-08T11:30:01.739256,5.0,14.7,2100.0
2026-02-08T11:30:02.239853,4.3,14.7,2100.0
2026-02-08T11:30:02.740228,8.8,14.7,2100.0
2026-02-08T11:30:03.241231,6.1,14.7,2100.0
2026-02-08T11:30:03.742347,5.7,14.7,2100.0
2026-02-08T11:30:04.245654,5.0,14.7,2100.0
2026-02-08T11:30:04.746336,6.2,14.7,2100.0
2026-02-08T11:30:05.246842,5.8,14.7,2100.0
2026-02-08T11:30:05.747611,6.2,14.7,2100.0
2026-02-08T11:30:06.248497,3.7,14.7,2100.0
2026-02-08T11:30:06.749195,5.2,14.7,2100.0
2026-02-08T11:30:07.249776,4.1,14.7,2100.0
2026-02-08T11:30:07.750407,10.2,14.7,2100.0
2026-02-08T11:30:08.250960,4.3,14.7,2100.0
2026-02-08T11:30:08.751742,6.4,14.7,2100.0
2026-02-08T11:30:09.252171,4.3,14.7,2100.0
2026-02-08T11:30:09.752902,6.5,14.7,2100.0
2026-02-08T11:30:10.253834,4.2,14.7,2100.0
2026-02-08T11:30:10.754611,5.1,14.7,2100.0
2026-02-08T11:30:11.255353,5.2,14.7,2100.0
2026-02-08T11:30:11.756361,4.5,14.7,2100.0
2026-02-08T11:30:12.257439,5.3,14.7,2100.0
2026-02-08T11:30:12.758744,5.3,14.7,2100.0
2026-02-08T11:30:13.259410,6.0,14.7,2100.0
2026-02-08T11:30:13.760203,5.6,14.7,2100.0
2026-02-08T11:30:14.261828,4.6,14.7,2100.0
2026-02-08T11:30:14.762483,8.2,14.7,2100.0
2026-02-08T11:30:15.264350,6.8,14.7,2100.0
2026-02-08T11:30:15.765154,6.2,14.7,2100.0
2026-02-08T11:30:16.266023,4.9,14.7,2100.0
2026-02-08T11:30:16.766721,5.8,14.7,2100.0
2026-02-08T11:30:17.267595,4.9,14.7,2100.0
2026-02-08T11:30:17.768082,5.1,14.7,2100.0
2026-02-08T11:30:18.268758,4.8,14.7,2100.0
2026-02-08T11:30:18.769544,5.7,14.7,2100.0
2026-02-08T11:30:19.270181,3.4,14.7,2100.0
2026-02-08T11:30:19.770770,5.5,14.7,2100.0
2026-02-08T11:30:20.271611,7.0,14.7,2100.0
2026-02-08T11:30:20.775022,8.3,14.7,2100.0
2026-02-08T11:30:21.275969,4.5,14.7,2100.0
2026-02-08T11:30:21.778119,4.2,14.7,2100.0
2026-02-08T11:30:22.278924,6.5,14.7,2100.0
2026-02-08T11:30:22.779762,4.7,14.7,2100.0
2026-02-08T11:30:23.280573,5.2,14.7,2100.0
2026-02-08T11:30:23.781198,5.3,14.7,2100.0
2026-02-08T11:30:24.282105,6.7,14.7,2100.0
2026-02-08T11:30:24.783231,9.1,14.7,2100.0
2026-02-08T11:30:25.284629,4.0,14.7,2100.0
2026-02-08T11:30:25.785450,7.0,14.7,2100.0
2026-02-08T11:30:26.286424,4.4,14.7,2100.0
2026-02-08T11:30:26.787227,5.2,14.7,2100.0
2026-02-08T11:30:27.289264,4.1,14.7,2100.0
2026-02-08T11:30:27.790154,7.3,14.7,2100.0
2026-02-08T11:30:28.290803,3.7,14.7,2100.0
2026-02-08T11:30:28.791800,19.6,14.7,2100.0
2026-02-08T11:30:29.293046,14.7,14.8,2100.0
2026-02-08T11:30:29.793623,11.9,14.7,2100.0
2026-02-08T11:30:30.294604,2.2,14.7,2100.0
2026-02-08T11:30:30.795488,7.2,14.7,2100.0
2026-02-08T11:30:31.296081,4.0,14.7,2100.0
2026-02-08T11:30:31.796893,3.7,14.7,2100.0
2026-02-08T11:30:32.297429,3.6,14.7,2100.0
2026-02-08T11:30:32.798027,8.5,14.7,2100.0
2026-02-08T11:30:33.298923,3.1,14.7,2100.0
2026-02-08T11:30:33.799799,8.8,14.7,2100.0
2026-02-08T11:30:34.300954,3.6,14.7,2100.0
2026-02-08T11:30:34.801697,8.6,14.7,2100.0
2026-02-08T11:30:35.302811,5.5,14.7,2100.0
2026-02-08T11:30:35.803528,7.5,14.7,2100.0
2026-02-08T11:30:36.304359,6.3,14.7,2100.0
2026-02-08T11:30:36.804819,5.6,14.7,2100.0
2026-02-08T11:30:37.305431,6.8,14.7,2100.0
2026-02-08T11:30:37.807492,9.9,14.7,2100.0
2026-02-08T11:30:38.307921,6.2,14.7,2100.0
2026-02-08T11:30:38.810182,7.5,14.7,2100.0
2026-02-08T11:30:39.311684,8.1,14.7,2100.0
2026-02-08T11:30:39.812394,7.8,14.7,2100.0
2026-02-08T11:30:40.313255,3.6,14.7,2100.0
2026-02-08T11:30:40.813722,6.0,14.7,2100.0
2026-02-08T11:30:41.314584,3.6,14.7,2100.0
2026-02-08T11:30:41.815156,5.5,14.7,2100.0
2026-02-08T11:30:42.316014,4.3,14.7,2100.0
2026-02-08T11:30:42.816811,10.2,14.7,2100.0
2026-02-08T11:30:43.317499,6.7,14.7,2100.0
2026-02-08T11:30:43.818489,7.7,14.7,2100.0
2026-02-08T11:30:44.319303,5.2,14.7,2100.0
2026-02-08T11:30:44.819923,6.4,14.7,2100.0
2026-02-08T11:30:45.322486,5.4,14.7,2100.0
2026-02-08T11:30:45.823162,6.9,14.7,2100.0
2026-02-08T11:30:46.323923,5.6,14.7,2100.0
2026-02-08T11:30:46.824917,5.4,14.7,2100.0
2026-02-08T11:30:47.325445,6.8,14.7,2100.0
2026-02-08T11:30:47.826261,4.7,14.7,2100.0
2026-02-08T11:30:48.326829,5.2,14.7,2100.0
2026-02-08T11:30:48.827704,5.5,14.7,2100.0
2026-02-08T11:30:49.328136,5.4,14.7,2100.0
2026-02-08T11:30:49.829017,7.7,14.7,2100.0
2026-02-08T11:30:50.330055,7.5,14.7,2100.0
2026-02-08T11:30:50.830777,4.8,14.7,2100.0
2026-02-08T11:30:51.331351,5.0,14.7,2100.0
2026-02-08T11:30:51.831947,3.2,14.7,2100.0
2026-02-08T11:30:52.332483,3.0,14.7,2100.0
2026-02-08T11:30:52.833267,6.3,14.7,2100.0
2026-02-08T11:30:53.333819,5.4,14.7,2100.0
2026-02-08T11:30:53.834252,2.9,14.7,2100.0
2026-02-08T11:30:54.335370,6.0,14.7,2100.0
2026-02-08T11:30:54.835852,3.7,14.7,2100.0
2026-02-08T11:30:55.336468,7.5,14.7,2100.0
2026-02-08T11:30:55.837238,6.8,14.7,2100.0
2026-02-08T11:30:56.338074,5.7,14.7,2100.0
2026-02-08T11:30:56.839064,3.4,14.7,2100.0
2026-02-08T11:30:57.339794,6.1,14.7,2100.0
2026-02-08T11:30:57.840376,5.2,14.7,2100.0
2026-02-08T11:30:58.341502,10.5,14.7,2100.0
2026-02-08T11:30:58.842499,4.3,14.7,2100.0
2026-02-08T11:30:59.342966,4.9,14.7,2100.0
2026-02-08T11:30:59.843496,4.5,14.7,2100.0
2026-02-08T11:31:00.344045,5.6,14.7,2100.0
2026-02-08T11:31:00.844850,9.1,14.7,2100.0
2026-02-08T11:31:01.345661,7.1,14.7,2100.0
2026-02-08T11:31:01.846518,3.6,14.7,2100.0
2026-02-08T11:31:02.347043,5.8,14.7,2100.0
2026-02-08T11:31:02.847724,7.6,14.7,2100.0
2026-02-08T11:31:03.348389,8.1,14.7,2100.0
2026-02-08T11:31:03.849150,3.7,14.7,2100.0
2026-02-08T11:31:04.350396,4.4,14.7,2100.0
2026-02-08T11:31:04.851062,4.1,14.7,2100.0
2026-02-08T11:31:05.351940,5.2,14.7,2100.0
2026-02-08T11:31:05.852633,3.2,14.7,2100.0
2026-02-08T11:31:06.353843,7.2,14.7,2100.0
2026-02-08T11:31:06.855074,3.6,14.7,2100.0
2026-02-08T11:31:07.357817,10.3,14.7,2100.0
2026-02-08T11:31:07.858980,4.4,14.7,2100.0
2026-02-08T11:31:08.359610,7.7,14.7,2100.0
2026-02-08T11:31:08.860135,3.4,14.7,2100.0
2026-02-08T11:31:09.360929,6.5,14.7,2100.0
2026-02-08T11:31:09.861418,5.1,14.7,2100.0
2026-02-08T11:31:10.361906,6.5,14.7,2100.0
2026-02-08T11:31:10.862805,5.6,14.7,2100.0
2026-02-08T11:31:11.363373,5.7,14.7,2100.0
2026-02-08T11:31:11.863792,4.7,14.7,2100.0
2026-02-08T11:31:12.364146,2.6,14.7,2100.0
2026-02-08T11:31:12.864716,6.1,14.7,2100.0
2026-02-08T11:31:13.365211,3.1,14.7,2100.0
2026-02-08T11:31:13.865726,4.8,14.7,2100.0
2026-02-08T11:31:14.370737,4.5,14.7,2100.0
2026-02-08T11:31:14.871887,8.1,14.7,2100.0
2026-02-08T11:31:15.372886,2.5,14.7,2100.0
2026-02-08T11:31:15.874136,6.8,14.7,2100.0
2026-02-08T11:31:16.375786,3.7,14.7,2100.0
2026-02-08T11:31:16.876874,7.5,14.7,2100.0
2026-02-08T11:31:17.377293,4.7,14.7,2100.0
2026-02-08T11:31:17.878209,6.9,14.7,2100.0
2026-02-08T11:31:18.378695,4.8,14.7,2100.0
2026-02-08T11:31:18.879465,6.0,14.7,2100.0
2026-02-08T11:31:19.379872,6.1,14.7,2100.0
2026-02-08T11:31:19.880678,9.7,14.7,2100.0
2026-02-08T11:31:20.381330,6.9,14.8,2100.0
2026-02-08T11:31:20.881819,4.7,14.8,2100.0
2026-02-08T11:31:21.382571,7.3,14.7,2100.0
2026-02-08T11:31:21.883029,7.2,14.8,2100.0
2026-02-08T11:31:22.384067,5.2,14.8,2100.0
2026-02-08T11:31:22.884525,3.4,14.8,2100.0
2026-02-08T11:31:23.385253,5.3,14.8,2100.0
2026-02-08T11:31:23.885892,4.4,14.8,2100.0
2026-02-08T11:31:24.386895,5.1,14.8,2100.0
2026-02-08T11:31:24.887367,6.3,14.8,2100.0
2026-02-08T11:31:25.388726,6.0,14.8,2100.0
2026-02-08T11:31:25.889927,6.0,14.8,2100.0
2026-02-08T11:31:26.390842,7.3,14.8,2100.0
2026-02-08T11:31:26.891728,9.6,14.8,2100.0
2026-02-08T11:31:27.392422,6.0,14.8,2100.0
2026-02-08T11:31:27.893067,6.0,14.8,2100.0
2026-02-08T11:31:28.393727,4.1,14.8,2100.0
2026-02-08T11:31:28.894660,10.0,14.8,2100.0
2026-02-08T11:31:29.395510,4.6,14.7,2100.0
2026-02-08T11:31:29.898036,6.8,14.7,2100.0
2026-02-08T11:31:30.398641,3.0,14.7,2100.0
2026-02-08T11:31:30.899211,4.7,14.7,2100.0
2026-02-08T11:31:31.400021,7.6,14.7,2100.0
2026-02-08T11:31:31.900628,6.0,14.7,2100.0
2026-02-08T11:31:32.401089,3.5,14.7,2100.0
2026-02-08T11:31:32.901766,5.7,14.7,2100.0
2026-02-08T11:31:33.403046,4.3,14.7,2100.0
2026-02-08T11:31:33.903720,5.5,14.7,2100.0
2026-02-08T11:31:34.404572,3.7,14.7,2100.0
2026-02-08T11:31:34.905394,4.4,14.7,2100.0
2026-02-08T11:31:35.406498,4.2,14.7,2100.0
2026-02-08T11:31:35.907276,3.7,14.7,2100.0
2026-02-08T11:31:36.408525,5.3,14.7,2100.0
2026-02-08T11:31:36.909089,3.2,14.7,2100.0
2026-02-08T11:31:37.409940,5.4,14.7,2100.0
2026-02-08T11:31:37.910600,4.6,14.7,2100.0
2026-02-08T11:31:38.411329,5.7,14.7,2100.0
2026-02-08T11:31:38.912086,4.5,14.7,2100.0
2026-02-08T11:31:39.413293,10.2,14.7,2100.0
2026-02-08T11:31:39.914032,5.0,14.7,2100.0
2026-02-08T11:31:40.415124,7.1,14.7,2100.0
2026-02-08T11:31:40.916331,6.0,14.7,2100.0
2026-02-08T11:31:41.424252,8.0,14.7,2100.0
2026-02-08T11:31:41.924776,5.1,14.7,2100.0
2026-02-08T11:31:42.425289,4.3,14.7,2100.0
2026-02-08T11:31:42.926001,3.3,14.7,2100.0
2026-02-08T11:31:43.426759,6.1,14.7,2100.0
2026-02-08T11:31:43.927247,5.8,14.7,2100.0
2026-02-08T11:31:44.429203,8.9,14.7,2100.0
2026-02-08T11:31:44.930146,3.8,14.7,2100.0
2026-02-08T11:31:45.430806,9.6,14.7,2100.0
2026-02-08T11:31:45.931264,4.4,14.7,2100.0
2026-02-08T11:31:46.432081,7.2,14.7,2100.0
2026-02-08T11:31:46.932851,3.6,14.7,2100.0
2026-02-08T11:31:47.433876,7.4,14.7,2100.0
2026-02-08T11:31:47.934493,4.5,14.7,2100.0
2026-02-08T11:31:48.435787,7.4,14.7,2100.0
2026-02-08T11:31:48.936283,4.3,14.7,2100.0
2026-02-08T11:31:49.436975,6.3,14.7,2100.0
2026-02-08T11:31:49.939115,5.0,14.7,2100.0
2026-02-08T11:31:50.444448,7.0,14.7,2100.0
2026-02-08T11:31:50.945345,2.5,14.7,2100.0
2026-02-08T11:31:51.445965,6.5,14.7,2100.0
2026-02-08T11:31:51.946773,5.6,14.7,2100.0
2026-02-08T11:31:52.447261,8.9,14.7,2100.0
2026-02-08T11:31:52.948078,3.9,14.7,2100.0
2026-02-08T11:31:53.449117,5.7,14.7,2100.0
2026-02-08T11:31:53.950239,4.4,14.7,2100.0
2026-02-08T11:31:54.451119,4.2,14.7,2100.0
2026-02-08T11:31:54.951768,3.7,14.7,2100.0
2026-02-08T11:31:55.452808,10.5,14.7,2100.0
2026-02-08T11:31:55.954305,4.0,14.7,2100.0
2026-02-08T11:31:56.456238,6.9,14.7,2100.0
2026-02-08T11:31:56.957057,3.6,14.7,2100.0
2026-02-08T11:31:57.459878,6.6,14.7,2100.0
2026-02-08T11:31:57.960425,3.3,14.7,2100.0
2026-02-08T11:31:58.461926,8.6,14.7,2100.0
2026-02-08T11:31:58.962769,3.1,14.7,2100.0
2026-02-08T11:31:59.463670,6.4,14.7,2100.0
2026-02-08T11:31:59.964275,3.0,14.7,2100.0
2026-02-08T11:32:00.465153,5.9,14.7,2100.0
2026-02-08T11:32:00.966039,5.4,14.7,2100.0
2026-02-08T11:32:01.466705,10.5,14.7,2100.0
2026-02-08T11:32:01.967562,5.7,14.7,2100.0
2026-02-08T11:32:02.469182,4.9,14.7,2100.0
2026-02-08T11:32:02.969924,3.4,14.7,2100.0
2026-02-08T11:32:03.471131,8.4,14.7,2100.0
2026-02-08T11:32:03.972165,4.9,14.7,2100.0
2026-02-08T11:32:04.481720,6.1,14.7,2100.0
2026-02-08T11:32:04.982249,5.7,14.7,2100.0
2026-02-08T11:32:05.482928,7.2,14.7,2100.0
2026-02-08T11:32:05.983572,4.6,14.7,2100.0
2026-02-08T11:32:06.483921,6.5,14.7,2100.0
2026-02-08T11:32:06.984576,4.9,14.7,2100.0
2026-02-08T11:32:07.487803,7.1,14.7,2100.0
2026-02-08T11:32:07.990046,7.0,14.7,2100.0
2026-02-08T11:32:08.490756,11.5,14.7,2100.0
2026-02-08T11:32:08.991519,4.9,14.7,2100.0
2026-02-08T11:32:09.498366,8.3,14.7,2100.0
2026-02-08T11:32:09.999328,3.6,14.7,2100.0
2026-02-08T11:32:10.499828,9.0,14.7,2100.0
2026-02-08T11:32:11.001733,5.7,14.7,2100.0
2026-02-08T11:32:11.502415,7.0,14.7,2100.0
2026-02-08T11:32:12.003919,4.8,14.7,2100.0
2026-02-08T11:32:12.504944,4.1,14.7,2100.0
2026-02-08T11:32:13.005467,4.7,14.7,2100.0
2026-02-08T11:32:13.505934,5.4,14.7,2100.0
2026-02-08T11:32:14.006861,5.7,14.7,2100.0
2026-02-08T11:32:14.507595,8.7,14.7,2100.0
2026-02-08T11:32:15.007993,5.8,14.7,2100.0
2026-02-08T11:32:15.508459,5.5,14.7,2100.0
2026-02-08T11:32:16.009091,4.9,14.7,2100.0
2026-02-08T11:32:16.510159,3.7,14.7,2100.0
2026-02-08T11:32:17.010604,5.7,14.7,2100.0
2026-02-08T11:32:17.511130,5.8,14.7,2100.0
2026-02-08T11:32:18.011761,2.8,14.7,2100.0
2026-02-08T11:32:18.512509,4.0,14.7,2100.0
2026-02-08T11:32:19.013052,4.2,14.7,2100.0
2026-02-08T11:32:19.513962,4.7,14.7,2100.0
2026-02-08T11:32:20.015326,5.2,14.7,2100.0
2026-02-08T11:32:20.522442,10.7,14.7,2100.0
2026-02-08T11:32:21.023397,3.5,14.7,2100.0
2026-02-08T11:32:21.524038,5.5,14.7,2100.0
2026-02-08T11:32:22.024582,6.3,14.7,2100.0
2026-02-08T11:32:22.525039,5.3,14.7,2100.0
2026-02-08T11:32:23.025620,3.9,14.7,2100.0
2026-02-08T11:32:23.526046,5.0,14.7,2100.0
2026-02-08T11:32:24.026701,5.1,14.7,2100.0
2026-02-08T11:32:24.527168,4.2,14.7,2100.0
2026-02-08T11:32:25.028001,6.1,14.7,2100.0
2026-02-08T11:32:25.528422,8.8,14.7,2100.0
2026-02-08T11:32:26.028995,4.2,14.7,2100.0
2026-02-08T11:32:26.529797,5.4,14.7,2100.0
2026-02-08T11:32:27.030898,6.5,14.7,2100.0
2026-02-08T11:32:27.533855,5.7,14.7,2100.0
2026-02-08T11:32:28.034818,4.0,14.7,2100.0
2026-02-08T11:32:28.535840,6.1,14.7,2100.0
2026-02-08T11:32:29.036967,6.2,14.7,2100.0
2026-02-08T11:32:29.538260,8.6,14.7,2100.0
2026-02-08T11:32:30.038910,4.4,14.7,2100.0
2026-02-08T11:32:30.539514,6.2,14.7,2100.0
2026-02-08T11:32:31.040145,5.7,14.7,2100.0
2026-02-08T11:32:31.540884,9.6,14.7,2100.0
2026-02-08T11:32:32.041472,6.1,14.7,2100.0
2026-02-08T11:32:32.542386,4.9,14.7,2100.0
2026-02-08T11:32:33.043033,4.5,14.7,2100.0
2026-02-08T11:32:33.544232,6.8,14.7,2100.0
2026-02-08T11:32:34.044894,5.0,14.7,2100.0
2026-02-08T11:32:34.545378,7.8,14.7,2100.0
2026-02-08T11:32:35.045944,4.7,14.7,2100.0
2026-02-08T11:32:35.547558,4.8,14.7,2100.0
2026-02-08T11:32:36.048464,8.1,14.7,2100.0
2026-02-08T11:32:36.549122,9.7,14.7,2100.0
2026-02-08T11:32:37.051165,5.1,14.7,2100.0
2026-02-08T11:32:37.551806,4.6,14.7,2100.0
2026-02-08T11:32:38.052388,3.7,14.7,2100.0
2026-02-08T11:32:38.553938,3.4,14.7,2100.0
2026-02-08T11:32:39.055037,4.3,14.7,2100.0
2026-02-08T11:32:39.555924,11.5,14.7,2100.0
2026-02-08T11:32:40.056795,5.2,14.7,2100.0
2026-02-08T11:32:40.557360,4.1,14.7,2100.0
2026-02-08T11:32:41.057825,3.2,14.7,2100.0
2026-02-08T11:32:41.558253,6.3,14.7,2100.0
2026-02-08T11:32:42.058680,8.3,14.7,2100.0
2026-02-08T11:32:42.559168,4.3,14.7,2100.0
2026-02-08T11:32:43.059670,3.6,14.7,2100.0
2026-02-08T11:32:43.560434,7.0,14.7,2100.0
2026-02-08T11:32:44.061226,3.9,14.7,2100.0
2026-02-08T11:32:44.562155,9.1,14.7,2100.0
2026-02-08T11:32:45.063545,4.9,14.7,2100.0
2026-02-08T11:32:45.564192,5.2,14.7,2100.0
2026-02-08T11:32:46.064666,4.5,14.7,2100.0
2026-02-08T11:32:46.565583,8.8,14.7,2100.0
2026-02-08T11:32:47.067634,5.2,14.7,2100.0
2026-02-08T11:32:47.568835,8.3,14.7,2100.0
2026-02-08T11:32:48.069360,5.5,14.7,2100.0
2026-02-08T11:32:48.569911,5.1,14.7,2100.0
2026-02-08T11:32:49.070801,5.4,14.7,2100.0
2026-02-08T11:32:49.571903,4.1,14.7,2100.0
2026-02-08T11:32:50.072734,8.9,14.7,2100.0
2026-02-08T11:32:50.573823,5.8,14.7,2100.0
2026-02-08T11:32:51.074268,4.7,14.7,2100.0
2026-02-08T11:32:51.574813,6.1,14.7,2100.0
2026-02-08T11:32:52.075418,4.5,14.7,2100.0
2026-02-08T11:32:52.576212,5.0,14.7,2100.0
2026-02-08T11:32:53.077264,3.6,14.7,2100.0
2026-02-08T11:32:53.577749,5.9,14.7,2100.0
2026-02-08T11:32:54.078341,5.5,14.7,2100.0
2026-02-08T11:32:54.579118,6.0,14.7,2100.0
2026-02-08T11:32:55.079590,3.7,14.7,2100.0
2026-02-08T11:32:55.580689,5.3,14.7,2100.0
2026-02-08T11:32:56.081411,8.1,14.7,2100.0
2026-02-08T11:32:56.582524,5.5,14.7,2100.0
2026-02-08T11:32:57.083872,6.9,14.7,2100.0
2026-02-08T11:32:57.584371,8.0,14.7,2100.0
2026-02-08T11:32:58.085019,4.9,14.7,2100.0
2026-02-08T11:32:58.587161,5.1,14.7,2100.0
2026-02-08T11:32:59.094372,5.3,14.7,2100.0
2026-02-08T11:32:59.596569,5.6,14.7,2100.0
2026-02-08T11:33:00.097145,4.2,14.7,2100.0
2026-02-08T11:33:00.598690,5.6,14.7,2100.0
2026-02-08T11:33:01.099456,4.7,14.7,2100.0
2026-02-08T11:33:01.600344,6.3,14.7,2100.0
2026-02-08T11:33:02.102053,5.0,14.7,2100.0
2026-02-08T11:33:02.602544,6.3,14.7,2100.0
2026-02-08T11:33:03.104443,4.1,14.7,2100.0
2026-02-08T11:33:03.605035,4.6,14.7,2100.0
2026-02-08T11:33:04.105908,6.7,14.7,2100.0
2026-02-08T11:33:04.606382,5.3,14.7,2100.0
2026-02-08T11:33:05.107033,3.8,14.7,2100.0
2026-02-08T11:33:05.607890,4.1,14.7,2100.0
2026-02-08T11:33:06.108283,6.0,14.7,2100.0
2026-02-08T11:33:06.608735,5.9,14.7,2100.0
2026-02-08T11:33:07.109292,5.8,14.7,2100.0
2026-02-08T11:33:07.609782,7.0,14.7,2100.0
2026-02-08T11:33:08.110817,4.7,14.7,2100.0
2026-02-08T11:33:08.611277,8.4,14.7,2100.0
2026-02-08T11:33:09.112550,5.7,14.7,2100.0
2026-02-08T11:33:09.613315,6.2,14.7,2100.0
2026-02-08T11:33:10.113995,4.0,14.7,2100.0
2026-02-08T11:33:10.614415,7.9,14.7,2100.0
2026-02-08T11:33:11.116190,5.1,14.7,2100.0
2026-02-08T11:33:11.616652,6.8,14.7,2100.0
2026-02-08T11:33:12.117808,4.9,14.7,2100.0
2026-02-08T11:33:12.619007,6.6,14.7,2100.0
2026-02-08T11:33:13.119784,5.8,14.7,2100.0
2026-02-08T11:33:13.620499,5.0,14.7,2100.0
2026-02-08T11:33:14.121194,4.7,14.7,2100.0
2026-02-08T11:33:14.622092,6.5,14.7,2100.0
2026-02-08T11:33:15.122757,5.1,14.7,2100.0
2026-02-08T11:33:15.623321,6.3,14.7,2100.0
2026-02-08T11:33:16.124321,5.2,14.7,2100.0
2026-02-08T11:33:16.625018,7.4,14.7,2100.0
2026-02-08T11:33:17.125641,6.3,14.7,2100.0
2026-02-08T11:33:17.626263,7.7,14.7,2100.0
2026-02-08T11:33:18.126715,4.7,14.7,2100.0
2026-02-08T11:33:18.627145,5.8,14.7,2100.0
2026-02-08T11:33:19.127868,4.9,14.7,2100.0
2026-02-08T11:33:19.628403,5.6,14.7,2100.0
2026-02-08T11:33:20.128908,5.7,14.7,2100.0
2026-02-08T11:33:20.629818,7.8,14.7,2100.0
2026-02-08T11:33:21.131215,3.7,14.7,2100.0
2026-02-08T11:33:21.631905,5.3,14.7,2100.0
2026-02-08T11:33:22.132611,3.9,14.7,2100.0
2026-02-08T11:33:22.634001,5.4,14.7,2100.0
2026-02-08T11:33:23.134498,3.6,14.7,2100.0
2026-02-08T11:33:23.635195,9.6,14.7,2100.0
2026-02-08T11:33:24.135917,3.0,14.7,2100.0
2026-02-08T11:33:24.636671,7.3,14.7,2100.0
2026-02-08T11:33:25.137124,5.8,14.7,2100.0
2026-02-08T11:33:25.640936,5.8,14.7,2100.0
2026-02-08T11:33:26.141939,5.0,14.7,2100.0
2026-02-08T11:33:26.644015,4.7,14.7,2100.0
2026-02-08T11:33:27.145992,4.5,14.7,2100.0
2026-02-08T11:33:27.646448,5.8,14.7,2100.0
2026-02-08T11:33:28.147435,5.8,14.7,2100.0
2026-02-08T11:33:28.648028,7.9,14.7,2100.0
2026-02-08T11:33:29.148822,3.8,14.7,2100.0
2026-02-08T11:33:29.649758,7.7,14.7,2100.0
2026-02-08T11:33:30.150902,4.9,14.7,2100.0
2026-02-08T11:33:30.651851,7.4,14.7,2100.0
2026-02-08T11:33:31.152759,5.1,14.7,2100.0
2026-02-08T11:33:31.653288,5.8,14.7,2100.0
2026-02-08T11:33:32.153806,5.8,14.7,2100.0
2026-02-08T11:33:32.654384,7.8,14.7,2100.0
2026-02-08T11:33:33.154813,4.5,14.7,2100.0
2026-02-08T11:33:33.658121,10.7,14.7,2100.0
2026-02-08T11:33:34.158579,7.0,14.7,2100.0
2026-02-08T11:33:34.659421,7.1,14.7,2100.0
2026-02-08T11:33:35.159852,4.8,14.7,2100.0
2026-02-08T11:33:35.661574,6.8,14.7,2100.0
2026-02-08T11:33:36.162195,5.4,14.7,2100.0
2026-02-08T11:33:36.664013,8.3,14.7,2100.0
2026-02-08T11:33:37.164751,6.1,14.7,2100.0
2026-02-08T11:33:37.666020,7.3,14.7,2100.0
2026-02-08T11:33:38.167619,6.5,14.7,2100.0
2026-02-08T11:33:38.668664,5.8,14.7,2100.0
2026-02-08T11:33:39.169026,3.8,14.7,2100.0
2026-02-08T11:33:39.670068,3.7,14.7,2100.0
2026-02-08T11:33:40.170563,4.5,14.7,2100.0
2026-02-08T11:33:40.671002,5.2,14.7,2100.0
2026-02-08T11:33:41.172106,7.1,14.7,2100.0
2026-02-08T11:33:41.672538,5.2,14.7,2100.0
2026-02-08T11:33:42.173223,5.8,14.7,2100.0
2026-02-08T11:33:42.674091,2.8,14.7,2100.0
2026-02-08T11:33:43.174565,4.9,14.7,2100.0
2026-02-08T11:33:43.674961,5.1,14.7,2100.0
2026-02-08T11:33:44.175484,7.6,14.7,2100.0
2026-02-08T11:33:44.676251,4.9,14.7,2100.0
2026-02-08T11:33:45.177770,6.0,14.7,2100.0
2026-02-08T11:33:45.678852,3.2,14.7,2100.0
2026-02-08T11:33:46.180395,5.2,14.7,2100.0
2026-02-08T11:33:46.682468,3.3,14.7,2100.0
2026-02-08T11:33:47.184533,5.0,14.7,2100.0
2026-02-08T11:33:47.685209,6.4,14.7,2100.0
2026-02-08T11:33:48.185996,4.4,14.7,2100.0
2026-02-08T11:33:48.686985,5.0,14.7,2100.0
2026-02-08T11:33:49.187689,6.4,14.7,2100.0
2026-02-08T11:33:49.688368,7.9,14.7,2100.0
2026-02-08T11:33:50.188872,4.8,14.7,2100.0
2026-02-08T11:33:50.689622,4.8,14.7,2100.0
2026-02-08T11:33:51.190705,4.9,14.7,2100.0
2026-02-08T11:33:51.691502,6.1,14.7,2100.0
2026-02-08T11:33:52.191929,5.2,14.7,2100.0
2026-02-08T11:33:52.692352,7.6,14.7,2100.0
2026-02-08T11:33:53.193421,6.6,14.7,2100.0
2026-02-08T11:33:53.694112,6.7,14.7,2100.0
2026-02-08T11:33:54.194950,4.2,14.7,2100.0
2026-02-08T11:33:54.695852,5.1,14.7,2100.0
2026-02-08T11:33:55.196460,6.8,14.7,2100.0
2026-02-08T11:33:55.697163,5.6,14.7,2100.0
2026-02-08T11:33:56.197654,3.9,14.7,2100.0
2026-02-08T11:33:56.698468,5.6,14.7,2100.0
2026-02-08T11:33:57.199330,6.6,14.7,2100.0
2026-02-08T11:33:57.700295,4.2,14.7,2100.0
2026-02-08T11:33:58.201302,6.2,14.7,2100.0
2026-02-08T11:33:58.702036,6.5,14.7,2100.0
2026-02-08T11:33:59.203165,4.6,14.7,2100.0
2026-02-08T11:33:59.703718,8.4,14.7,2100.0
2026-02-08T11:34:00.204275,5.3,14.7,2100.0
2026-02-08T11:34:00.705699,8.8,14.7,2100.0
2026-02-08T11:34:01.206509,5.1,14.7,2100.0
2026-02-08T11:34:01.707179,5.2,14.7,2100.0
2026-02-08T11:34:02.207731,5.3,14.7,2100.0
2026-02-08T11:34:02.708309,3.7,14.7,2100.0
2026-02-08T11:34:03.208828,5.3,14.7,2100.0
2026-02-08T11:34:03.709633,6.3,14.7,2100.0
2026-02-08T11:34:04.210167,6.0,14.7,2100.0
2026-02-08T11:34:04.716112,6.8,14.7,2100.0
2026-02-08T11:34:05.216815,4.8,14.7,2100.0
2026-02-08T11:34:05.717969,4.5,14.7,2100.0
2026-02-08T11:34:06.218547,4.4,14.7,2100.0
2026-02-08T11:34:06.719864,3.7,14.7,2100.0
2026-02-08T11:34:07.220453,5.7,14.7,2100.0
2026-02-08T11:34:07.721208,9.2,14.7,2100.0
2026-02-08T11:34:08.221849,4.8,14.7,2100.0
2026-02-08T11:34:08.722494,5.6,14.7,2100.0
2026-02-08T11:34:09.223123,3.9,14.7,2100.0
2026-02-08T11:34:09.724119,4.9,14.7,2100.0
2026-02-08T11:34:10.224708,4.3,14.7,2100.0
2026-02-08T11:34:10.725428,7.8,14.7,2100.0
2026-02-08T11:34:11.226107,5.0,14.7,2100.0
2026-02-08T11:34:11.726639,4.7,14.7,2100.0
2026-02-08T11:34:12.227422,6.2,14.7,2100.0
2026-02-08T11:34:12.728204,7.3,14.7,2100.0
2026-02-08T11:34:13.228943,4.7,14.7,2100.0
2026-02-08T11:34:13.730312,6.3,14.7,2100.0
2026-02-08T11:34:14.232499,6.5,14.7,2100.0
2026-02-08T11:34:14.733780,6.9,14.7,2100.0
2026-02-08T11:34:15.234569,7.2,14.7,2100.0
2026-02-08T11:34:15.734969,8.9,14.7,2100.0
2026-02-08T11:34:16.235575,4.4,14.7,2100.0
2026-02-08T11:34:16.735940,4.2,14.7,2100.0
2026-02-08T11:34:17.236681,5.6,14.7,2100.0
2026-02-08T11:34:17.737523,11.8,14.7,2100.0
2026-02-08T11:34:18.238143,6.9,14.7,2100.0
2026-02-08T11:34:18.738733,9.7,14.7,2100.0
2026-02-08T11:34:19.240625,5.4,14.7,2100.0
2026-02-08T11:34:19.741615,6.3,14.7,2100.0
2026-02-08T11:34:20.242345,6.3,14.7,2100.0
2026-02-08T11:34:20.742849,3.0,14.7,2100.0
2026-02-08T11:34:21.243470,3.9,14.7,2100.0
2026-02-08T11:34:21.744308,8.1,14.7,2100.0
2026-02-08T11:34:22.245146,7.5,14.7,2100.0
2026-02-08T11:34:22.745817,5.1,14.7,2100.0
2026-02-08T11:34:23.246640,4.0,14.7,2100.0
2026-02-08T11:34:23.747687,4.4,14.7,2100.0
2026-02-08T11:34:24.249980,7.3,14.7,2100.0
2026-02-08T11:34:24.750578,7.8,14.7,2100.0
2026-02-08T11:34:25.250982,7.7,14.7,2100.0
2026-02-08T11:34:25.751707,5.6,14.7,2100.0
2026-02-08T11:34:26.252424,4.9,14.7,2100.0
2026-02-08T11:34:26.753309,4.2,14.7,2100.0
2026-02-08T11:34:27.254000,9.2,14.7,2100.0
2026-02-08T11:34:27.754504,5.4,14.7,2100.0
2026-02-08T11:34:28.255342,4.9,14.7,2100.0
2026-02-08T11:34:28.756024,6.5,14.7,2100.0
2026-02-08T11:34:29.256794,5.3,14.7,2100.0
2026-02-08T11:34:29.757438,2.3,14.7,2100.0
2026-02-08T11:34:30.258552,6.0,14.7,2100.0
2026-02-08T11:34:30.761196,4.6,14.7,2100.0
2026-02-08T11:34:31.262904,3.2,14.7,2100.0
2026-02-08T11:34:31.763734,4.1,14.7,2100.0
2026-02-08T11:34:32.264314,4.5,14.7,2100.0
2026-02-08T11:34:32.765471,3.5,14.7,2100.0
2026-02-08T11:34:33.266141,6.1,14.7,2100.0
2026-02-08T11:34:33.767387,6.2,14.7,2100.0
2026-02-08T11:34:34.268279,6.0,14.7,2100.0
2026-02-08T11:34:34.768787,4.0,14.7,2100.0
2026-02-08T11:34:35.269428,5.9,14.7,2100.0
2026-02-08T11:34:35.770326,4.1,14.7,2100.0
2026-02-08T11:34:36.271271,10.0,14.7,2100.0
2026-02-08T11:34:36.772170,4.8,14.7,2100.0
2026-02-08T11:34:37.272787,5.9,14.7,2100.0
2026-02-08T11:34:37.774763,4.7,14.7,2100.0
2026-02-08T11:34:38.275556,8.6,14.7,2100.0
2026-02-08T11:34:38.776286,6.4,14.7,2100.0
2026-02-08T11:34:39.278687,6.0,14.7,2100.0
2026-02-08T11:34:39.779615,7.1,14.7,2100.0
2026-02-08T11:34:40.281020,6.0,14.7,2100.0
2026-02-08T11:34:40.781628,6.2,14.7,2100.0
2026-02-08T11:34:41.282111,7.8,14.7,2100.0
2026-02-08T11:34:41.782503,3.1,14.7,2100.0
2026-02-08T11:34:42.283106,4.6,14.7,2100.0
2026-02-08T11:34:42.783556,5.3,14.7,2100.0
2026-02-08T11:34:43.284017,5.6,14.7,2100.0
2026-02-08T11:34:43.784607,4.1,14.7,2100.0
2026-02-08T11:34:44.285360,8.2,14.7,2100.0
2026-02-08T11:34:44.786056,5.3,14.7,2100.0
2026-02-08T11:34:45.286676,4.5,14.7,2100.0
2026-02-08T11:34:45.787264,4.0,14.7,2100.0
2026-02-08T11:34:46.287906,3.1,14.7,2100.0
2026-02-08T11:34:46.788325,4.6,14.7,2100.0
2026-02-08T11:34:47.288926,6.6,14.7,2100.0
2026-02-08T11:34:47.789353,5.4,14.7,2100.0
2026-02-08T11:34:48.289989,3.5,14.7,2100.0
2026-02-08T11:34:48.790857,4.8,14.7,2100.0
2026-02-08T11:34:49.291771,5.2,14.7,2100.0
2026-02-08T11:34:49.792371,5.9,14.7,2100.0
2026-02-08T11:34:50.292900,7.7,14.7,2100.0
2026-02-08T11:34:50.793539,5.0,14.7,2100.0
2026-02-08T11:34:51.296355,5.1,14.7,2100.0
2026-02-08T11:34:51.797651,4.6,14.7,2100.0
2026-02-08T11:34:52.298491,6.6,14.7,2100.0
2026-02-08T11:34:52.799431,7.7,14.7,2100.0
2026-02-08T11:34:53.300238,6.4,14.7,2100.0
2026-02-08T11:34:53.800747,5.1,14.7,2100.0
2026-02-08T11:34:54.301574,5.5,14.7,2100.0
2026-02-08T11:34:54.803067,5.4,14.7,2100.0
2026-02-08T11:34:55.303528,4.7,14.7,2100.0
2026-02-08T11:34:55.803895,5.6,14.7,2100.0
2026-02-08T11:34:56.304654,7.0,14.7,2100.0
2026-02-08T11:34:56.805060,4.9,14.7,2100.0
2026-02-08T11:34:57.305618,6.4,14.7,2100.0
2026-02-08T11:34:57.806450,6.1,14.7,2100.0
2026-02-08T11:34:58.307091,3.9,14.7,2100.0
2026-02-08T11:34:58.807883,5.9,14.7,2100.0
2026-02-08T11:34:59.308412,3.7,14.7,2100.0
2026-02-08T11:34:59.809426,9.1,14.7,2100.0
2026-02-08T11:35:00.309930,6.0,14.7,2100.0
2026-02-08T11:35:00.810481,9.1,14.7,2100.0
2026-02-08T11:35:01.311087,4.3,14.7,2100.0
2026-02-08T11:35:01.812211,6.3,14.7,2100.0
2026-02-08T11:35:02.312830,5.3,14.7,2100.0
2026-02-08T11:35:02.813566,7.7,14.7,2100.0
2026-02-08T11:35:03.314178,7.3,14.7,2100.0
2026-02-08T11:35:03.814868,7.9,14.7,2100.0
2026-02-08T11:35:04.315354,4.9,14.7,2100.0
2026-02-08T11:35:04.817757,9.7,14.7,2100.0
2026-02-08T11:35:05.318323,5.4,14.7,2100.0
2026-02-08T11:35:05.818935,12.2,14.7,2100.0
2026-02-08T11:35:06.319483,3.2,14.7,2100.0
2026-02-08T11:35:06.820196,7.4,14.7,2100.0
2026-02-08T11:35:07.320576,5.3,14.7,2100.0
2026-02-08T11:35:07.821237,7.3,14.7,2100.0
2026-02-08T11:35:08.321922,3.1,14.7,2100.0
2026-02-08T11:35:08.822795,6.9,14.7,2100.0
2026-02-08T11:35:09.323568,4.5,14.7,2100.0
2026-02-08T11:35:09.824368,8.4,14.7,2100.0
2026-02-08T11:35:10.325195,3.4,14.7,2100.0
2026-02-08T11:35:10.825558,5.4,14.7,2100.0
2026-02-08T11:35:11.326425,4.7,14.7,2100.0
2026-02-08T11:35:11.828108,8.3,14.7,2100.0
2026-02-08T11:35:12.328732,5.4,14.7,2100.0
2026-02-08T11:35:12.829174,6.2,14.7,2100.0
2026-02-08T11:35:13.330779,4.5,14.7,2100.0
2026-02-08T11:35:13.831579,5.8,14.7,2100.0
2026-02-08T11:35:14.332113,4.4,14.7,2100.0
2026-02-08T11:35:14.832690,3.6,14.7,2100.0
2026-02-08T11:35:15.333566,5.9,14.7,2100.0
2026-02-08T11:35:15.834481,7.4,14.7,2100.0
2026-02-08T11:35:16.335043,6.8,14.7,2100.0
2026-02-08T11:35:16.835979,6.1,14.7,2100.0
2026-02-08T11:35:17.336854,5.1,14.7,2100.0
2026-02-08T11:35:17.837343,6.2,14.7,2100.0
2026-02-08T11:35:18.338112,6.1,14.7,2100.0
2026-02-08T11:35:18.839458,6.0,14.7,2100.0
2026-02-08T11:35:19.339879,6.6,14.7,2100.0
2026-02-08T11:35:19.840480,3.8,14.7,2100.0
2026-02-08T11:35:20.342135,7.9,14.7,2100.0
2026-02-08T11:35:20.842871,5.5,14.7,2100.0
2026-02-08T11:35:21.343486,9.7,14.7,2100.0
2026-02-08T11:35:21.845182,4.4,14.7,2100.0
2026-02-08T11:35:22.345863,5.2,14.7,2100.0
2026-02-08T11:35:22.846769,5.6,14.7,2100.0
2026-02-08T11:35:23.347443,6.4,14.7,2100.0
2026-02-08T11:35:23.848245,9.1,14.7,2100.0
2026-02-08T11:35:24.348667,6.5,14.7,2100.0
2026-02-08T11:35:24.849504,3.9,14.7,2100.0
2026-02-08T11:35:25.350208,5.9,14.7,2100.0
2026-02-08T11:35:25.851311,4.8,14.7,2100.0
2026-02-08T11:35:26.352192,6.0,14.7,2100.0
2026-02-08T11:35:26.852662,5.6,14.7,2100.0
2026-02-08T11:35:27.353393,5.8,14.7,2100.0
2026-02-08T11:35:27.854114,4.0,14.7,2100.0
2026-02-08T11:35:28.354863,8.3,14.7,2100.0
2026-02-08T11:35:28.855885,4.1,14.7,2100.0
2026-02-08T11:35:29.356337,9.1,14.7,2100.0
2026-02-08T11:35:29.860421,7.4,14.7,2100.0
2026-02-08T11:35:30.360929,6.4,14.7,2100.0
2026-02-08T11:35:30.863549,3.0,14.7,2100.0
2026-02-08T11:35:31.363990,6.2,14.7,2100.0
2026-02-08T11:35:31.864689,3.6,14.7,2100.0
2026-02-08T11:35:32.365494,8.0,14.7,2100.0
2026-02-08T11:35:32.866341,5.1,14.7,2100.0
2026-02-08T11:35:33.366766,6.4,14.7,2100.0
2026-02-08T11:35:33.867659,3.5,14.7,2100.0
2026-02-08T11:35:34.368065,4.9,14.7,2100.0
2026-02-08T11:35:34.868595,7.0,14.7,2100.0
2026-02-08T11:35:35.370616,6.5,14.7,2100.0
2026-02-08T11:35:35.871599,3.3,14.7,2100.0
2026-02-08T11:35:36.372252,9.0,14.7,2100.0
2026-02-08T11:35:36.872891,4.0,14.7,2100.0
2026-02-08T11:35:37.375046,4.6,14.7,2100.0
2026-02-08T11:35:37.875891,14.5,14.7,2100.0
2026-02-08T11:35:38.378401,6.1,14.7,2100.0
2026-02-08T11:35:38.879033,7.3,14.7,2100.0
2026-02-08T11:35:39.379661,4.1,14.7,2100.0
2026-02-08T11:35:39.880263,7.9,14.7,2100.0
2026-02-08T11:35:40.380780,6.8,14.7,2100.0
2026-02-08T11:35:40.881540,5.9,14.7,2100.0
2026-02-08T11:35:41.382205,5.0,14.7,2100.0
2026-02-08T11:35:41.882722,4.7,14.7,2100.0
2026-02-08T11:35:42.383367,5.2,14.7,2100.0
2026-02-08T11:35:42.883880,4.7,14.7,2100.0
2026-02-08T11:35:43.384667,5.5,14.7,2100.0
2026-02-08T11:35:43.885201,8.0,14.7,2100.0
2026-02-08T11:35:44.385926,3.6,14.7,2100.0
2026-02-08T11:35:44.886760,5.4,14.7,2100.0
2026-02-08T11:35:45.387452,3.7,14.7,2100.0
2026-02-08T11:35:45.888210,11.6,14.7,2100.0
2026-02-08T11:35:46.388695,5.0,14.7,2100.0
2026-02-08T11:35:46.889653,4.7,14.7,2100.0
2026-02-08T11:35:47.390348,3.3,14.7,2100.0
2026-02-08T11:35:47.891278,9.1,14.7,2100.0
2026-02-08T11:35:48.392257,7.8,14.7,2100.0
2026-02-08T11:35:48.892634,6.4,14.7,2100.0
2026-02-08T11:35:49.393175,4.9,14.7,2100.0
2026-02-08T11:35:49.894329,7.3,14.7,2100.0
2026-02-08T11:35:50.395209,4.0,14.7,2100.0
2026-02-08T11:35:50.896089,6.4,14.7,2100.0
2026-02-08T11:35:51.396998,6.2,14.7,2100.0
2026-02-08T11:35:51.902030,6.8,14.7,2100.0
2026-02-08T11:35:52.403038,6.2,14.7,2100.0
2026-02-08T11:35:52.903732,4.7,14.7,2100.0
2026-02-08T11:35:53.404690,4.3,14.7,2100.0
2026-02-08T11:35:53.906198,4.8,14.7,2100.0
2026-02-08T11:35:54.407775,3.3,14.7,2100.0
2026-02-08T11:35:54.908433,10.4,14.7,2100.0
2026-02-08T11:35:55.409298,3.4,14.7,2100.0
2026-02-08T11:35:55.909862,8.9,14.7,2100.0
2026-02-08T11:35:56.410776,3.6,14.7,2100.0
2026-02-08T11:35:56.911220,6.1,14.7,2100.0
2026-02-08T11:35:57.412456,6.1,14.7,2100.0
2026-02-08T11:35:57.913029,5.2,14.7,2100.0
2026-02-08T11:35:58.413868,9.6,14.7,2100.0
2026-02-08T11:35:58.914710,5.2,14.7,2100.0
2026-02-08T11:35:59.415377,7.0,14.7,2100.0
2026-02-08T11:35:59.917185,5.2,14.7,2100.0
2026-02-08T11:36:00.418144,5.9,14.7,2100.0
2026-02-08T11:36:00.919056,4.9,14.7,2100.0
2026-02-08T11:36:01.419996,6.4,14.7,2100.0
2026-02-08T11:36:01.920678,5.7,14.7,2100.0
2026-02-08T11:36:02.421212,5.4,14.7,2100.0
2026-02-08T11:36:02.921677,7.3,14.7,2100.0
2026-02-08T11:36:03.422589,8.2,14.7,2100.0
2026-02-08T11:36:03.924415,5.2,14.7,2100.0
2026-02-08T11:36:04.426575,5.8,14.7,2100.0
2026-02-08T11:36:04.927163,6.2,14.7,2100.0
2026-02-08T11:36:05.427803,4.4,14.7,2100.0
2026-02-08T11:36:05.928731,4.9,14.7,2100.0
2026-02-08T11:36:06.429682,6.7,14.7,2100.0
2026-02-08T11:36:06.930517,7.7,14.7,2100.0
2026-02-08T11:36:07.431195,6.2,14.7,2100.0
2026-02-08T11:36:07.931558,5.3,14.7,2100.0
2026-02-08T11:36:08.432387,5.6,14.7,2100.0
2026-02-08T11:36:08.933264,4.6,14.7,2100.0
2026-02-08T11:36:09.434103,7.1,14.7,2100.0
2026-02-08T11:36:09.934839,4.6,14.7,2100.0
2026-02-08T11:36:10.437084,9.3,14.7,2100.0
2026-02-08T11:36:10.938549,4.4,14.7,2100.0
2026-02-08T11:36:11.439462,5.9,14.7,2100.0
2026-02-08T11:36:11.940284,6.1,14.7,2100.0
2026-02-08T11:36:12.442147,5.3,14.7,2100.0
2026-02-08T11:36:12.942929,5.5,14.7,2100.0
2026-02-08T11:36:13.443704,4.7,14.7,2100.0
2026-02-08T11:36:13.944528,4.0,14.7,2100.0
2026-02-08T11:36:14.445039,6.0,14.7,2100.0
2026-02-08T11:36:14.945941,3.9,14.7,2100.0
2026-02-08T11:36:15.448590,6.1,14.7,2100.0
2026-02-08T11:36:15.949035,4.7,14.7,2100.0
2026-02-08T11:36:16.449780,8.3,14.7,2100.0
2026-02-08T11:36:16.950495,5.1,14.7,2100.0
2026-02-08T11:36:17.450910,8.9,14.7,2100.0
2026-02-08T11:36:17.951581,3.5,14.7,2100.0
2026-02-08T11:36:18.452575,5.0,14.7,2100.0
2026-02-08T11:36:18.953241,3.6,14.7,2100.0
2026-02-08T11:36:19.453710,9.8,14.7,2100.0
2026-02-08T11:36:19.954051,5.7,14.7,2100.0
2026-02-08T11:36:20.454470,7.2,14.7,2100.0
2026-02-08T11:36:20.955312,2.8,14.7,2100.0
2026-02-08T11:36:21.457035,5.5,14.7,2100.0
2026-02-08T11:36:21.957779,4.0,14.7,2100.0
2026-02-08T11:36:22.458606,8.0,14.7,2100.0
2026-02-08T11:36:22.959114,4.7,14.7,2100.0
2026-02-08T11:36:23.460046,5.0,14.7,2100.0
2026-02-08T11:36:23.960761,6.1,14.7,2100.0
2026-02-08T11:36:24.462025,8.8,14.7,2100.0
2026-02-08T11:36:24.962713,2.9,14.7,2100.0
2026-02-08T11:36:25.463360,5.8,14.7,2100.0
2026-02-08T11:36:25.964008,5.1,14.7,2100.0
2026-02-08T11:36:26.464605,6.7,14.7,2100.0
2026-02-08T11:36:26.966439,4.8,14.7,2100.0
2026-02-08T11:36:27.467230,6.0,14.7,2100.0
2026-02-08T11:36:27.967814,4.6,14.7,2100.0
2026-02-08T11:36:28.468312,5.9,14.7,2100.0
2026-02-08T11:36:28.969248,4.3,14.7,2100.0
2026-02-08T11:36:29.469753,7.6,14.7,2100.0
2026-02-08T11:36:29.970726,5.5,14.7,2100.0
2026-02-08T11:36:30.471649,8.0,14.7,2100.0
2026-02-08T11:36:30.972045,4.6,14.7,2100.0
2026-02-08T11:36:31.472790,4.5,14.7,2100.0
2026-02-08T11:36:31.974574,4.6,14.7,2100.0
2026-02-08T11:36:32.475257,4.8,14.7,2100.0
2026-02-08T11:36:32.977301,3.3,14.7,2100.0
2026-02-08T11:36:33.477972,7.1,14.7,2100.0
2026-02-08T11:36:33.978610,4.6,14.7,2100.0
2026-02-08T11:36:34.479511,7.0,14.7,2100.0
2026-02-08T11:36:34.980380,5.3,14.7,2100.0
2026-02-08T11:36:35.481061,5.0,14.7,2100.0
2026-02-08T11:36:35.981596,5.5,14.7,2100.0
2026-02-08T11:36:36.482487,6.5,14.7,2100.0
2026-02-08T11:36:36.983408,4.3,14.7,2100.0
2026-02-08T11:36:37.484116,5.1,14.7,2100.0
2026-02-08T11:36:37.985183,5.0,14.7,2100.0
2026-02-08T11:36:38.486040,8.8,14.7,2100.0
2026-02-08T11:36:38.986591,6.0,14.7,2100.0
2026-02-08T11:36:39.487306,6.9,14.7,2100.0
2026-02-08T11:36:39.989848,5.5,14.7,2100.0
2026-02-08T11:36:40.491556,3.7,14.7,2100.0
2026-02-08T11:36:40.992200,7.6,14.7,2100.0
2026-02-08T11:36:41.493023,4.7,14.7,2100.0
2026-02-08T11:36:41.993575,4.0,14.7,2100.0
2026-02-08T11:36:42.494566,4.7,14.7,2100.0
2026-02-08T11:36:42.995389,4.4,14.7,2100.0
2026-02-08T11:36:43.496135,7.3,14.7,2100.0
2026-02-08T11:36:43.996943,6.5,14.7,2100.0
2026-02-08T11:36:44.497538,7.5,14.7,2100.0
2026-02-08T11:36:44.998607,4.0,14.7,2100.0
2026-02-08T11:36:45.499140,7.5,14.7,2100.0
2026-02-08T11:36:46.001670,5.2,14.7,2100.0
2026-02-08T11:36:46.502845,4.8,14.7,2100.0
2026-02-08T11:36:47.003651,7.3,14.7,2100.0
2026-02-08T11:36:47.504572,9.0,14.7,2100.0
2026-02-08T11:36:48.005233,4.9,14.7,2100.0
2026-02-08T11:36:48.506644,4.1,14.7,2100.0
2026-02-08T11:36:49.007971,4.5,14.7,2100.0
2026-02-08T11:36:49.508908,10.4,14.7,2100.0
2026-02-08T11:36:50.009716,4.1,14.7,2100.0
2026-02-08T11:36:50.510155,5.5,14.7,2100.0
2026-02-08T11:36:51.011111,5.8,14.7,2100.0
2026-02-08T11:36:51.511753,8.5,14.7,2100.0
2026-02-08T11:36:52.012855,8.0,14.7,2100.0
2026-02-08T11:36:52.513422,7.2,14.7,2100.0
2026-02-08T11:36:53.013859,4.5,14.7,2100.0
2026-02-08T11:36:53.514332,5.8,14.7,2100.0
2026-02-08T11:36:54.014833,4.9,14.7,2100.0
2026-02-08T11:36:54.515667,3.7,14.7,2100.0
2026-02-08T11:36:55.016600,5.5,14.7,2100.0
2026-02-08T11:36:55.517664,5.3,14.7,2100.0
2026-02-08T11:36:56.018393,5.4,14.7,2100.0
2026-02-08T11:36:56.519210,4.7,14.7,2100.0
2026-02-08T11:36:57.020103,4.9,14.7,2100.0
2026-02-08T11:36:57.520726,6.2,14.7,2100.0
2026-02-08T11:36:58.021341,4.2,14.7,2100.0
2026-02-08T11:36:58.522048,8.0,14.7,2100.0
2026-02-08T11:36:59.023580,5.4,14.7,2100.0
2026-02-08T11:36:59.524599,10.6,14.7,2100.0
2026-02-08T11:37:00.025933,4.9,14.7,2100.0
2026-02-08T11:37:00.526679,5.6,14.7,2100.0
2026-02-08T11:37:01.027312,3.7,14.7,2100.0
2026-02-08T11:37:01.527883,3.2,14.7,2100.0
2026-02-08T11:37:02.028661,6.5,14.7,2100.0
2026-02-08T11:37:02.529329,2.8,14.7,2100.0
2026-02-08T11:37:03.030047,3.3,14.7,2100.0
2026-02-08T11:37:03.530787,4.9,14.7,2100.0
2026-02-08T11:37:04.031347,5.3,14.7,2100.0
2026-02-08T11:37:04.531928,6.2,14.7,2100.0
2026-02-08T11:37:05.032844,4.6,14.7,2100.0
2026-02-08T11:37:05.533540,7.5,14.7,2100.0
2026-02-08T11:37:06.034230,4.6,14.7,2100.0
2026-02-08T11:37:06.534859,11.1,14.7,2100.0
2026-02-08T11:37:07.035284,4.6,14.7,2100.0
2026-02-08T11:37:07.536254,5.1,14.7,2100.0
2026-02-08T11:37:08.036729,6.5,14.7,2100.0
2026-02-08T11:37:08.538856,4.9,14.7,2100.0
2026-02-08T11:37:09.039747,5.6,14.7,2100.0
2026-02-08T11:37:09.540545,8.3,14.7,2100.0
2026-02-08T11:37:10.041439,4.9,14.7,2100.0
2026-02-08T11:37:10.542628,8.8,14.7,2100.0
2026-02-08T11:37:11.044298,4.0,14.7,2100.0
2026-02-08T11:37:11.545038,6.2,14.7,2100.0
2026-02-08T11:37:12.045568,3.8,14.7,2100.0
2026-02-08T11:37:12.546302,6.1,14.7,2100.0
2026-02-08T11:37:13.046881,3.0,14.7,2100.0
2026-02-08T11:37:13.547529,5.0,14.7,2100.0
2026-02-08T11:37:14.048420,3.3,14.7,2100.0
2026-02-08T11:37:14.548864,7.5,14.7,2100.0
2026-02-08T11:37:15.049586,3.5,14.7,2100.0
2026-02-08T11:37:15.550049,5.4,14.7,2100.0
2026-02-08T11:37:16.050675,6.1,14.7,2100.0
2026-02-08T11:37:16.551025,8.2,14.7,2100.0
2026-02-08T11:37:17.051850,6.3,14.7,2100.0
2026-02-08T11:37:17.553797,3.6,14.7,2100.0
2026-02-08T11:37:18.054453,4.7,14.7,2100.0
2026-02-08T11:37:18.556664,5.6,14.7,2100.0
2026-02-08T11:37:19.057329,6.5,14.7,2100.0
2026-02-08T11:37:19.558073,6.0,14.7,2100.0
2026-02-08T11:37:20.058796,4.8,14.7,2100.0
2026-02-08T11:37:20.559674,3.4,14.7,2100.0
2026-02-08T11:37:21.060228,5.7,14.7,2100.0
2026-02-08T11:37:21.561133,7.6,14.7,2100.0
2026-02-08T11:37:22.061957,5.2,14.7,2100.0
2026-02-08T11:37:22.562860,7.5,14.7,2100.0
2026-02-08T11:37:23.063638,7.6,14.7,2100.0
2026-02-08T11:37:23.564730,7.9,14.7,2100.0
2026-02-08T11:37:24.065511,4.4,14.7,2100.0
2026-02-08T11:37:24.567285,6.4,14.7,2100.0
2026-02-08T11:37:25.068010,4.3,14.7,2100.0
2026-02-08T11:37:25.568636,5.1,14.7,2100.0
2026-02-08T11:37:26.069200,4.6,14.7,2100.0
2026-02-08T11:37:26.571289,5.9,14.7,2100.0
2026-02-08T11:37:27.072074,4.5,14.7,2100.0
2026-02-08T11:37:27.575203,6.8,14.7,2100.0
2026-02-08T11:37:28.076187,4.0,14.7,2100.0
2026-02-08T11:37:28.576915,5.9,14.7,2100.0
2026-02-08T11:37:29.077817,6.4,14.7,2100.0
2026-02-08T11:37:29.578465,8.7,14.7,2100.0
2026-02-08T11:37:30.080735,10.4,14.7,2100.0
2026-02-08T11:37:30.581540,5.4,14.7,2100.0
2026-02-08T11:37:31.082302,5.6,14.7,2100.0
2026-02-08T11:37:31.582860,4.8,14.7,2100.0
2026-02-08T11:37:32.083762,5.4,14.7,2100.0
2026-02-08T11:37:32.584347,5.1,14.7,2100.0
2026-02-08T11:37:33.086462,4.4,14.7,2100.0
2026-02-08T11:37:33.587343,5.0,14.7,2100.0
2026-02-08T11:37:34.088219,6.6,14.7,2100.0
2026-02-08T11:37:34.588820,5.2,14.7,2100.0
2026-02-08T11:37:35.089348,5.0,14.7,2100.0
2026-02-08T11:37:35.590768,7.7,14.7,2100.0
2026-02-08T11:37:36.091866,3.8,14.7,2100.0
2026-02-08T11:37:36.592393,5.7,14.7,2100.0
2026-02-08T11:37:37.092909,5.2,14.7,2100.0
2026-02-08T11:37:37.593498,9.2,14.7,2100.0
2026-02-08T11:37:38.094019,4.4,14.7,2100.0
2026-02-08T11:37:38.594756,5.7,14.7,2100.0
2026-02-08T11:37:39.095189,4.3,14.7,2100.0
2026-02-08T11:37:39.595977,8.0,14.7,2100.0
2026-02-08T11:37:40.096875,8.6,14.7,2100.0
2026-02-08T11:37:40.597518,5.0,14.7,2100.0
2026-02-08T11:37:41.098396,4.2,14.7,2100.0
2026-02-08T11:37:41.599376,5.6,14.7,2100.0
2026-02-08T11:37:42.099794,4.0,14.7,2100.0
2026-02-08T11:37:42.601419,4.3,14.7,2100.0
2026-02-08T11:37:43.102411,4.6,14.7,2100.0
2026-02-08T11:37:43.603179,6.6,14.7,2100.0
2026-02-08T11:37:44.103776,6.0,14.7,2100.0
2026-02-08T11:37:44.604245,6.1,14.7,2100.0
2026-02-08T11:37:45.105525,3.4,14.7,2100.0
2026-02-08T11:37:45.607259,6.2,14.7,2100.0
2026-02-08T11:37:46.107898,6.0,14.7,2100.0
2026-02-08T11:37:46.608725,6.2,14.7,2100.0
2026-02-08T11:37:47.109237,5.8,14.7,2100.0
2026-02-08T11:37:47.609880,6.3,14.7,2100.0
2026-02-08T11:37:48.110897,4.2,14.7,2100.0
2026-02-08T11:37:48.611436,6.5,14.7,2100.0
2026-02-08T11:37:49.112245,5.4,14.7,2100.0
2026-02-08T11:37:49.613163,7.0,14.7,2100.0
2026-02-08T11:37:50.113801,5.2,14.7,2100.0
2026-02-08T11:37:50.614553,7.9,14.7,2100.0
2026-02-08T11:37:51.115513,4.1,14.7,2100.0
2026-02-08T11:37:51.615966,5.8,14.7,2100.0
2026-02-08T11:37:52.116990,4.3,14.7,2100.0
2026-02-08T11:37:52.617947,11.1,14.7,2100.0
2026-02-08T11:37:53.118780,4.6,14.7,2100.0
2026-02-08T11:37:53.619388,6.2,14.7,2100.0
2026-02-08T11:37:54.121483,6.0,14.7,2100.0
2026-02-08T11:37:54.622207,8.9,14.7,2100.0
2026-02-08T11:37:55.123089,3.8,14.7,2100.0
2026-02-08T11:37:55.623762,6.5,14.7,2100.0
2026-02-08T11:37:56.124239,3.2,14.7,2100.0
2026-02-08T11:37:56.624784,7.3,14.7,2100.0
2026-02-08T11:37:57.125496,4.2,14.7,2100.0
2026-02-08T11:37:57.626116,5.6,14.7,2100.0
2026-02-08T11:37:58.126986,3.9,14.7,2100.0
2026-02-08T11:37:58.627802,6.9,14.7,2100.0
2026-02-08T11:37:59.128562,6.5,14.7,2100.0
2026-02-08T11:37:59.629256,7.9,14.7,2100.0
2026-02-08T11:38:00.129682,3.9,14.7,2100.0
2026-02-08T11:38:00.630126,5.7,14.7,2100.0
2026-02-08T11:38:01.130976,5.0,14.7,2100.0
2026-02-08T11:38:01.631612,5.1,14.7,2100.0
2026-02-08T11:38:02.132010,5.9,14.7,2100.0
2026-02-08T11:38:02.632583,3.6,14.7,2100.0
2026-02-08T11:38:03.133362,4.2,14.7,2100.0
2026-02-08T11:38:03.634271,6.0,14.7,2100.0
2026-02-08T11:38:04.135013,6.2,14.7,2100.0
2026-02-08T11:38:04.636058,8.5,14.7,2100.0
2026-02-08T11:38:05.136810,3.2,14.7,2100.0
2026-02-08T11:38:05.637358,5.0,14.7,2100.0
2026-02-08T11:38:06.139157,4.4,14.7,2100.0
2026-02-08T11:38:06.639741,5.4,14.7,2100.0
2026-02-08T11:38:07.140254,4.6,14.7,2100.0
2026-02-08T11:38:07.641007,4.9,14.7,2100.0
2026-02-08T11:38:08.141836,3.8,14.7,2100.0
2026-02-08T11:38:08.642687,8.9,14.7,2100.0
2026-02-08T11:38:09.143674,4.6,14.7,2100.0
2026-02-08T11:38:09.644417,6.3,14.7,2100.0
2026-02-08T11:38:10.145322,4.5,14.7,2100.0
2026-02-08T11:38:10.646022,7.3,14.7,2100.0
2026-02-08T11:38:11.147257,4.2,14.7,2100.0
2026-02-08T11:38:11.647961,4.9,14.7,2100.0
2026-02-08T11:38:12.148560,5.5,14.7,2100.0
2026-02-08T11:38:12.649205,6.0,14.7,2100.0
2026-02-08T11:38:13.150441,4.8,14.7,2100.0
2026-02-08T11:38:13.651175,4.6,14.7,2100.0
2026-02-08T11:38:14.152542,5.2,14.7,2100.0
2026-02-08T11:38:14.653627,5.6,14.7,2100.0
2026-02-08T11:38:15.154086,4.8,14.7,2100.0
2026-02-08T11:38:15.654804,7.3,14.7,2100.0
2026-02-08T11:38:16.155408,6.6,14.7,2100.0
2026-02-08T11:38:16.656262,4.9,14.7,2100.0
2026-02-08T11:38:17.157158,5.3,14.7,2100.0
2026-02-08T11:38:17.658094,4.6,14.7,2100.0
2026-02-08T11:38:18.158959,6.4,14.7,2100.0
2026-02-08T11:38:18.659681,6.0,14.7,2100.0
2026-02-08T11:38:19.160331,7.3,14.7,2100.0
2026-02-08T11:38:19.660754,5.7,14.7,2100.0
2026-02-08T11:38:20.161182,6.8,14.7,2100.0
2026-02-08T11:38:20.661803,4.8,14.7,2100.0
2026-02-08T11:38:21.163837,5.8,14.7,2100.0
2026-02-08T11:38:21.664921,5.4,14.7,2100.0
2026-02-08T11:38:22.165549,4.6,14.7,2100.0
2026-02-08T11:38:22.667925,6.2,14.7,2100.0
2026-02-08T11:38:23.168491,4.4,14.7,2100.0
2026-02-08T11:38:23.669196,4.6,14.7,2100.0
2026-02-08T11:38:24.169653,5.0,14.7,2100.0
2026-02-08T11:38:24.670861,9.7,14.7,2100.0
2026-02-08T11:38:25.171638,4.5,14.7,2100.0
2026-02-08T11:38:25.672228,6.1,14.7,2100.0
2026-02-08T11:38:26.173129,4.6,14.7,2100.0
2026-02-08T11:38:26.674006,5.1,14.7,2100.0
2026-02-08T11:38:27.174734,5.5,14.7,2100.0
2026-02-08T11:38:27.675793,8.5,14.7,2100.0
2026-02-08T11:38:28.176320,3.7,14.7,2100.0
2026-02-08T11:38:28.676976,4.4,14.7,2100.0
2026-02-08T11:38:29.177431,7.0,14.7,2100.0
2026-02-08T11:38:29.678136,5.6,14.7,2100.0
2026-02-08T11:38:30.178676,4.4,14.7,2100.0
2026-02-08T11:38:30.679366,4.2,14.7,2100.0
2026-02-08T11:38:31.179943,5.3,14.7,2100.0
2026-02-08T11:38:31.680872,5.3,14.7,2100.0
2026-02-08T11:38:32.181989,6.1,14.7,2100.0
2026-02-08T11:38:32.682673,4.9,14.7,2100.0
2026-02-08T11:38:33.183435,4.9,14.7,2100.0
2026-02-08T11:38:33.684016,3.8,14.7,2100.0
2026-02-08T11:38:34.185340,5.7,14.7,2100.0
2026-02-08T11:38:34.686016,8.1,14.7,2100.0
2026-02-08T11:38:35.186521,5.3,14.7,2100.0
2026-02-08T11:38:35.687624,6.1,14.7,2100.0
2026-02-08T11:38:36.188136,3.8,14.7,2100.0
2026-02-08T11:38:36.688958,6.6,14.7,2100.0
2026-02-08T11:38:37.189757,6.0,14.7,2100.0
2026-02-08T11:38:37.690696,5.6,14.7,2100.0
2026-02-08T11:38:38.191574,4.2,14.7,2100.0
2026-02-08T11:38:38.692181,5.5,14.7,2100.0
2026-02-08T11:38:39.192705,9.3,14.7,2100.0
2026-02-08T11:38:39.693314,6.8,14.7,2100.0
2026-02-08T11:38:40.193994,6.1,14.7,2100.0
2026-02-08T11:38:40.694801,6.6,14.7,2100.0
2026-02-08T11:38:41.195496,4.2,14.7,2100.0
2026-02-08T11:38:41.696080,4.6,14.7,2100.0
2026-02-08T11:38:42.197077,5.3,14.7,2100.0
2026-02-08T11:38:42.697768,4.5,14.7,2100.0
2026-02-08T11:38:43.198180,3.1,14.7,2100.0
2026-02-08T11:38:43.699482,7.4,14.7,2100.0
2026-02-08T11:38:44.199970,6.5,14.7,2100.0
2026-02-08T11:38:44.700715,9.7,14.7,2100.0
2026-02-08T11:38:45.201297,4.3,14.7,2100.0
2026-02-08T11:38:45.702243,6.7,14.7,2100.0
2026-02-08T11:38:46.203115,3.1,14.7,2100.0
2026-02-08T11:38:46.703804,6.3,14.7,2100.0
2026-02-08T11:38:47.204470,6.9,14.7,2100.0
2026-02-08T11:38:47.705176,5.0,14.7,2100.0
2026-02-08T11:38:48.205657,4.8,14.7,2100.0
2026-02-08T11:38:48.706346,7.8,14.7,2100.0
2026-02-08T11:38:49.206887,6.9,14.7,2100.0
2026-02-08T11:38:49.707519,4.3,14.7,2100.0
2026-02-08T11:38:50.208278,3.9,14.7,2100.0
2026-02-08T11:38:50.708978,6.3,14.7,2100.0
2026-02-08T11:38:51.209795,3.3,14.7,2100.0
2026-02-08T11:38:51.710376,6.5,14.7,2100.0
2026-02-08T11:38:52.211268,9.7,14.7,2100.0
2026-02-08T11:38:52.713135,3.7,14.7,2100.0
2026-02-08T11:38:53.213887,4.1,14.7,2100.0
2026-02-08T11:38:53.714551,5.6,14.7,2100.0
2026-02-08T11:38:54.215140,4.8,14.7,2100.0
2026-02-08T11:38:54.715601,7.1,14.7,2100.0
2026-02-08T11:38:55.217075,5.8,14.7,2100.0
2026-02-08T11:38:55.718172,6.7,14.7,2100.0
2026-02-08T11:38:56.218856,5.5,14.7,2100.0
2026-02-08T11:38:56.719873,6.7,14.7,2100.0
2026-02-08T11:38:57.220707,4.5,14.7,2100.0
2026-02-08T11:38:57.721535,4.6,14.7,2100.0
2026-02-08T11:38:58.222222,4.8,14.7,2100.0
2026-02-08T11:38:58.723095,3.3,14.7,2100.0
2026-02-08T11:38:59.223709,6.1,14.7,2100.0
2026-02-08T11:38:59.724179,7.0,14.7,2100.0
2026-02-08T11:39:00.225070,8.9,14.7,2100.0
2026-02-08T11:39:00.725665,7.2,14.7,2100.0
2026-02-08T11:39:01.226053,5.4,14.7,2100.0
2026-02-08T11:39:01.726940,5.7,14.7,2100.0
2026-02-08T11:39:02.227817,6.1,14.7,2100.0
2026-02-08T11:39:02.728476,3.8,14.7,2100.0
2026-02-08T11:39:03.229425,5.1,14.7,2100.0
2026-02-08T11:39:03.733125,4.3,14.7,2100.0
2026-02-08T11:39:04.233749,6.0,14.7,2100.0
2026-02-08T11:39:04.734920,6.0,14.7,2100.0
2026-02-08T11:39:05.235623,4.5,14.7,2100.0
2026-02-08T11:39:05.736301,5.1,14.7,2100.0
2026-02-08T11:39:06.237231,3.3,14.7,2100.0
2026-02-08T11:39:06.737938,4.5,14.7,2100.0
2026-02-08T11:39:07.238821,7.1,14.7,2100.0
2026-02-08T11:39:07.739860,5.3,14.7,2100.0
2026-02-08T11:39:08.240562,4.3,14.7,2100.0
2026-02-08T11:39:08.741178,4.8,14.7,2100.0
2026-02-08T11:39:09.241831,5.5,14.7,2100.0
2026-02-08T11:39:09.742312,3.6,14.7,2100.0
2026-02-08T11:39:10.243537,6.7,14.7,2100.0
2026-02-08T11:39:10.744287,5.5,14.7,2100.0
2026-02-08T11:39:11.245031,5.5,14.7,2100.0
2026-02-08T11:39:11.745639,4.3,14.7,2100.0
2026-02-08T11:39:12.246460,6.5,14.7,2100.0
2026-02-08T11:39:12.747281,8.5,14.7,2100.0
2026-02-08T11:39:13.247939,6.3,14.7,2100.0
2026-02-08T11:39:13.749229,5.4,14.7,2100.0
2026-02-08T11:39:14.250160,6.4,14.7,2100.0
2026-02-08T11:39:14.750831,5.2,14.7,2100.0
2026-02-08T11:39:15.251409,4.1,14.7,2100.0
2026-02-08T11:39:15.752728,6.2,14.7,2100.0
2026-02-08T11:39:16.253596,4.6,14.7,2100.0
2026-02-08T11:39:16.754189,7.3,14.7,2100.0
2026-02-08T11:39:17.255113,9.2,14.7,2100.0
2026-02-08T11:39:17.755994,7.6,14.7,2100.0
2026-02-08T11:39:18.256869,5.5,14.7,2100.0
2026-02-08T11:39:18.757766,5.0,14.7,2100.0
2026-02-08T11:39:19.258312,4.7,14.7,2100.0
2026-02-08T11:39:19.759109,6.4,14.7,2100.0
2026-02-08T11:39:20.259550,5.1,14.7,2100.0
2026-02-08T11:39:20.759937,9.0,14.7,2100.0
2026-02-08T11:39:21.261080,4.1,14.7,2100.0
2026-02-08T11:39:21.761734,3.8,14.7,2100.0
2026-02-08T11:39:22.262432,4.2,14.7,2100.0
2026-02-08T11:39:22.763116,6.5,14.7,2100.0
2026-02-08T11:39:23.263966,4.8,14.7,2100.0
2026-02-08T11:39:23.764690,19.5,14.7,2100.0
2026-02-08T11:39:24.265450,6.2,14.7,2100.0
2026-02-08T11:39:24.768143,9.4,14.7,2100.0
2026-02-08T11:39:25.268715,4.1,14.7,2100.0
2026-02-08T11:39:25.769435,12.5,14.7,2100.0
2026-02-08T11:39:26.270385,4.6,14.7,2100.0
2026-02-08T11:39:26.771139,10.6,14.7,2100.0
2026-02-08T11:39:27.272179,10.7,14.7,2100.0
2026-02-08T11:39:27.773016,6.9,14.7,2100.0
2026-02-08T11:39:28.273733,8.7,14.7,2100.0
2026-02-08T11:39:28.774390,23.7,14.8,2100.0
2026-02-08T11:39:29.274861,18.9,14.8,2100.0
2026-02-08T11:39:29.777795,14.7,14.9,2100.0
2026-02-08T11:39:30.278281,12.1,14.9,2100.0
2026-02-08T11:39:30.778808,12.5,14.9,2100.0
2026-02-08T11:39:31.279481,5.8,14.9,2100.0
2026-02-08T11:39:31.779997,11.2,14.9,2100.0
2026-02-08T11:39:32.281762,4.4,14.9,2100.0
2026-02-08T11:39:32.782951,4.0,14.9,2100.0
2026-02-08T11:39:33.283782,6.5,14.9,2100.0
2026-02-08T11:39:33.784921,20.9,14.9,2100.0
2026-02-08T11:39:34.285700,13.5,14.9,2100.0
2026-02-08T11:39:34.786337,11.8,14.9,2100.0
2026-02-08T11:39:35.286946,7.9,14.9,2100.0
2026-02-08T11:39:35.787604,8.5,15.0,2100.0
2026-02-08T11:39:36.288082,13.6,15.0,2100.0
2026-02-08T11:39:36.788621,16.6,15.0,2100.0
2026-02-08T11:39:37.289299,21.9,15.1,2100.0
2026-02-08T11:39:37.790395,24.6,15.2,2100.0
2026-02-08T11:39:38.291215,12.1,15.2,2100.0
2026-02-08T11:39:38.792071,9.9,15.2,2100.0
2026-02-08T11:39:39.292747,7.4,15.2,2100.0
2026-02-08T11:39:39.793514,6.2,15.2,2100.0
2026-02-08T11:39:40.294070,6.1,15.2,2100.0
2026-02-08T11:39:40.796885,5.1,15.2,2100.0
2026-02-08T11:39:41.297567,5.9,15.2,2100.0
2026-02-08T11:39:41.797938,9.0,15.2,2100.0
2026-02-08T11:39:42.299342,5.1,15.2,2100.0
2026-02-08T11:39:42.800385,6.6,15.2,2100.0
2026-02-08T11:39:43.301269,6.0,15.2,2100.0
2026-02-08T11:39:43.802295,6.9,15.2,2100.0
2026-02-08T11:39:44.303135,11.9,15.2,2100.0
2026-02-08T11:39:44.803888,6.7,15.2,2100.0
2026-02-08T11:39:45.304448,5.6,15.2,2100.0
2026-02-08T11:39:45.805189,8.4,15.2,2100.0
2026-02-08T11:39:46.305766,5.3,15.2,2100.0
2026-02-08T11:39:46.806392,6.6,15.2,2100.0
2026-02-08T11:39:47.307018,5.5,15.2,2100.0
2026-02-08T11:39:47.807693,11.2,15.3,2100.0
2026-02-08T11:39:48.308354,4.6,15.3,2100.0
2026-02-08T11:39:48.809143,6.6,15.3,2100.0
2026-02-08T11:39:49.310088,6.6,15.3,2100.0
2026-02-08T11:39:49.816767,8.9,15.2,2100.0
2026-02-08T11:39:50.317361,6.4,15.2,2100.0
2026-02-08T11:39:50.820213,7.4,15.2,2100.0
2026-02-08T11:39:51.320727,5.9,15.2,2100.0
2026-02-08T11:39:51.822629,5.2,15.2,2100.0
2026-02-08T11:39:52.323502,5.7,15.2,2100.0
2026-02-08T11:39:52.824263,5.3,15.2,2100.0
2026-02-08T11:39:53.325152,4.1,15.2,2100.0
2026-02-08T11:39:53.826096,5.7,15.2,2100.0
2026-02-08T11:39:54.327015,8.2,15.2,2100.0
2026-02-08T11:39:54.828105,6.6,15.2,2100.0
2026-02-08T11:39:55.328922,5.0,15.2,2100.0
2026-02-08T11:39:55.829794,5.6,15.2,2100.0
2026-02-08T11:39:56.330594,4.6,15.2,2100.0
2026-02-08T11:39:56.831070,4.8,15.2,2100.0
2026-02-08T11:39:57.332161,6.3,15.2,2100.0
2026-02-08T11:39:57.833070,6.6,15.2,2100.0
2026-02-08T11:39:58.333797,8.0,15.2,2100.0
2026-02-08T11:39:58.834480,6.9,15.2,2100.0
2026-02-08T11:39:59.334915,7.5,15.2,2100.0
2026-02-08T11:39:59.836041,13.0,15.2,2100.0
2026-02-08T11:40:00.336843,6.4,15.2,2100.0
2026-02-08T11:40:00.837551,7.3,15.2,2100.0
2026-02-08T11:40:01.338148,4.4,15.2,2100.0
2026-02-08T11:40:01.838548,6.5,15.2,2100.0
2026-02-08T11:40:02.339007,6.6,15.2,2100.0
2026-02-08T11:40:02.839557,5.9,15.2,2100.0
2026-02-08T11:40:03.340402,4.8,15.2,2100.0
2026-02-08T11:40:03.841118,7.0,15.2,2100.0
2026-02-08T11:40:04.341656,8.0,15.2,2100.0
2026-02-08T11:40:04.842818,5.4,15.2,2100.0
2026-02-08T11:40:05.343218,8.0,15.2,2100.0
2026-02-08T11:40:05.843967,7.7,15.2,2100.0
2026-02-08T11:40:06.344700,4.3,15.2,2100.0
2026-02-08T11:40:06.849794,6.8,15.2,2100.0
2026-02-08T11:40:07.350710,5.8,15.1,2100.0
2026-02-08T11:40:07.851401,5.4,15.1,2100.0
2026-02-08T11:40:08.351758,5.3,15.1,2100.0
2026-02-08T11:40:08.852675,6.0,15.1,2100.0
2026-02-08T11:40:09.353244,4.6,15.1,2100.0
2026-02-08T11:40:09.854079,12.0,15.1,2100.0
2026-02-08T11:40:10.359491,6.2,15.1,2100.0
2026-02-08T11:40:10.861939,4.7,15.1,2100.0
2026-02-08T11:40:11.363026,5.9,15.1,2100.0
2026-02-08T11:40:11.864716,4.1,15.1,2100.0
2026-02-08T11:40:12.365319,3.6,15.1,2100.0
2026-02-08T11:40:12.865703,7.7,15.1,2100.0
2026-02-08T11:40:13.366575,3.5,15.1,2100.0
2026-02-08T11:40:13.867326,8.8,15.1,2100.0
2026-02-08T11:40:14.368292,4.6,15.1,2100.0
2026-02-08T11:40:14.868937,8.0,15.1,2100.0
2026-02-08T11:40:15.369749,5.9,15.1,2100.0
2026-02-08T11:40:15.870696,11.5,15.2,2100.0
2026-02-08T11:40:16.371423,5.3,15.2,2100.0
2026-02-08T11:40:16.872256,6.5,15.2,2100.0
2026-02-08T11:40:17.372925,5.8,15.2,2100.0
2026-02-08T11:40:17.873541,5.2,15.2,2100.0
2026-02-08T11:40:18.374043,6.1,15.1,2100.0
2026-02-08T11:40:18.874920,4.1,15.1,2100.0
2026-02-08T11:40:19.375558,6.2,15.1,2100.0
2026-02-08T11:40:19.876148,6.0,15.1,2100.0
2026-02-08T11:40:20.377067,8.1,15.1,2100.0
2026-02-08T11:40:20.878543,5.7,15.1,2100.0
2026-02-08T11:40:21.379650,4.4,15.1,2100.0
2026-02-08T11:40:21.880185,10.0,15.1,2100.0
2026-02-08T11:40:22.381376,5.6,15.1,2100.0
2026-02-08T11:40:22.884033,5.2,15.1,2100.0
2026-02-08T11:40:23.385417,8.1,15.1,2100.0
2026-02-08T11:40:23.886252,10.0,15.1,2100.0
2026-02-08T11:40:24.386642,5.7,15.1,2100.0
2026-02-08T11:40:24.887333,6.2,15.1,2100.0
2026-02-08T11:40:25.387734,7.9,15.1,2100.0
2026-02-08T11:40:25.888431,3.5,15.1,2100.0
2026-02-08T11:40:26.388879,6.6,15.1,2100.0
2026-02-08T11:40:26.889678,4.3,15.1,2100.0
2026-02-08T11:40:27.390497,6.5,15.1,2100.0
2026-02-08T11:40:27.891069,4.0,15.1,2100.0
2026-02-08T11:40:28.391739,6.1,15.1,2100.0
2026-02-08T11:40:28.892644,5.7,15.1,2100.0
2026-02-08T11:40:29.393120,8.1,15.1,2100.0
2026-02-08T11:40:29.895067,11.3,15.1,2100.0
2026-02-08T11:40:30.396578,6.6,15.1,2100.0
2026-02-08T11:40:30.897216,5.3,15.1,2100.0
2026-02-08T11:40:31.397781,4.1,15.1,2100.0
2026-02-08T11:40:31.898704,6.7,15.1,2100.0
2026-02-08T11:40:32.399612,6.6,15.1,2100.0
2026-02-08T11:40:32.900204,7.5,15.1,2100.0
2026-02-08T11:40:33.401264,2.6,15.1,2100.0
2026-02-08T11:40:33.901835,5.5,15.1,2100.0
2026-02-08T11:40:34.402439,12.5,15.1,2100.0
2026-02-08T11:40:34.909912,13.5,15.2,2100.0
2026-02-08T11:40:35.410661,9.0,15.2,2100.0
2026-02-08T11:40:35.911834,10.0,15.2,2100.0
2026-02-08T11:40:36.412439,5.3,15.2,2100.0
2026-02-08T11:40:36.913418,4.9,15.1,2100.0
2026-02-08T11:40:37.414815,7.1,15.1,2100.0
2026-02-08T11:40:37.915595,4.7,15.1,2100.0
2026-02-08T11:40:38.416151,4.4,15.1,2100.0
2026-02-08T11:40:38.916759,3.9,15.1,2100.0
2026-02-08T11:40:39.417295,11.4,15.1,2100.0
2026-02-08T11:40:39.917672,7.0,15.1,2100.0
2026-02-08T11:40:40.418383,8.6,15.1,2100.0
2026-02-08T11:40:40.918864,4.2,15.1,2100.0
2026-02-08T11:40:41.419517,12.8,15.1,2100.0
2026-02-08T11:40:41.920216,6.4,15.1,2100.0
2026-02-08T11:40:42.420916,6.5,15.1,2100.0
2026-02-08T11:40:42.921662,7.1,15.1,2100.0
2026-02-08T11:40:43.422104,9.6,15.1,2100.0
2026-02-08T11:40:43.922858,6.0,15.1,2100.0
2026-02-08T11:40:44.423539,11.2,15.1,2100.0
2026-02-08T11:40:44.924349,8.3,15.1,2100.0
2026-02-08T11:40:45.425623,4.2,15.1,2100.0
2026-02-08T11:40:45.926365,9.2,15.1,2100.0
2026-02-08T11:40:46.427025,4.5,15.1,2100.0
2026-02-08T11:40:46.927423,5.0,15.1,2100.0
2026-02-08T11:40:47.427977,5.7,15.1,2100.0
2026-02-08T11:40:47.929008,6.0,15.1,2100.0
2026-02-08T11:40:48.429762,5.4,15.1,2100.0
2026-02-08T11:40:48.930275,9.0,15.1,2100.0
2026-02-08T11:40:49.431274,4.8,15.1,2100.0
2026-02-08T11:40:49.931882,5.6,15.1,2100.0
2026-02-08T11:40:50.432326,6.4,15.1,2100.0
2026-02-08T11:40:50.932874,9.0,15.1,2100.0
2026-02-08T11:40:51.433665,5.6,15.1,2100.0
2026-02-08T11:40:51.934127,9.2,15.1,2100.0
2026-02-08T11:40:52.434929,5.4,15.1,2100.0
2026-02-08T11:40:52.935596,16.6,15.2,2100.0
2026-02-08T11:40:53.436115,9.9,15.2,2100.0
2026-02-08T11:40:53.936755,12.8,15.3,2100.0
2026-02-08T11:40:54.437859,22.7,15.4,2100.0
2026-02-08T11:40:54.938639,28.0,15.4,2100.0
2026-02-08T11:40:55.439465,7.8,15.4,2100.0
2026-02-08T11:40:55.940153,8.3,15.4,2100.0
2026-02-08T11:40:56.440846,5.5,15.4,2100.0
2026-02-08T11:40:56.941346,7.4,15.4,2100.0
2026-02-08T11:40:57.442128,12.7,15.4,2100.0
2026-02-08T11:40:57.942790,8.7,15.4,2100.0
2026-02-08T11:40:58.443730,9.8,15.4,2100.0
2026-02-08T11:40:58.944592,9.8,15.4,2100.0
2026-02-08T11:40:59.446099,4.5,15.4,2100.0
2026-02-08T11:40:59.947613,10.7,15.4,2100.0
2026-02-08T11:41:00.448434,7.3,15.4,2100.0
2026-02-08T11:41:00.949290,5.4,15.4,2100.0
2026-02-08T11:41:01.450137,7.7,15.4,2100.0
2026-02-08T11:41:01.950524,8.4,15.4,2100.0
2026-02-08T11:41:02.451348,9.2,15.4,2100.0
2026-02-08T11:41:02.952124,4.9,15.4,2100.0
2026-02-08T11:41:03.452888,4.0,15.4,2100.0
2026-02-08T11:41:03.953374,6.8,15.4,2100.0
2026-02-08T11:41:04.454093,3.7,15.4,2100.0
2026-02-08T11:41:04.955928,6.9,15.4,2100.0
2026-02-08T11:41:05.458006,6.2,15.4,2100.0
2026-02-08T11:41:05.958694,9.9,15.3,2100.0
2026-02-08T11:41:06.459533,3.9,15.3,2100.0
2026-02-08T11:41:06.960206,7.0,15.3,2100.0
2026-02-08T11:41:07.461690,6.5,15.3,2100.0
2026-02-08T11:41:07.962138,7.5,15.3,2100.0
2026-02-08T11:41:08.463122,8.6,15.3,2100.0
2026-02-08T11:41:08.963727,5.5,15.3,2100.0
2026-02-08T11:41:09.464501,6.3,15.3,2100.0
2026-02-08T11:41:09.965243,7.2,15.3,2100.0
2026-02-08T11:41:10.466294,10.1,15.3,2100.0
2026-02-08T11:41:10.967108,4.3,15.3,2100.0
2026-02-08T11:41:11.467902,7.0,15.3,2100.0
2026-02-08T11:41:11.968431,7.1,15.3,2100.0
2026-02-08T11:41:12.468921,9.6,15.3,2100.0
2026-02-08T11:41:12.969375,7.8,15.3,2100.0
2026-02-08T11:41:13.469994,10.2,15.4,2100.0
2026-02-08T11:41:13.970854,7.6,15.4,2100.0
2026-02-08T11:41:14.472310,7.9,15.4,2100.0
2026-02-08T11:41:14.973092,5.6,15.4,2100.0
2026-02-08T11:41:15.474989,5.8,15.3,2100.0
2026-02-08T11:41:15.976088,4.6,15.4,2100.0
2026-02-08T11:41:16.477842,8.0,15.3,2100.0
2026-02-08T11:41:16.978504,7.0,15.3,2100.0
2026-02-08T11:41:17.485313,9.9,15.3,2100.0
2026-02-08T11:41:17.986026,4.4,15.3,2100.0
2026-02-08T11:41:18.486676,6.3,15.3,2100.0
2026-02-08T11:41:18.987392,4.8,15.3,2100.0
2026-02-08T11:41:19.487820,9.4,15.3,2100.0
2026-02-08T11:41:19.988634,5.0,15.3,2100.0
2026-02-08T11:41:20.489245,9.3,15.3,2100.0
2026-02-08T11:41:20.989696,4.1,15.3,2100.0
2026-02-08T11:41:21.490262,4.5,15.3,2100.0
2026-02-08T11:41:21.990882,4.0,15.3,2100.0
2026-02-08T11:41:22.491397,10.6,15.3,2100.0
2026-02-08T11:41:22.992099,3.3,15.3,2100.0
2026-02-08T11:41:23.493121,7.9,15.3,2100.0
2026-02-08T11:41:23.993951,3.9,15.3,2100.0
2026-02-08T11:41:24.494473,9.5,15.3,2100.0
2026-02-08T11:41:24.995074,6.8,15.3,2100.0
2026-02-08T11:41:25.497176,6.6,15.3,2100.0
2026-02-08T11:41:25.997937,4.9,15.3,2100.0
2026-02-08T11:41:26.498776,7.1,15.3,2100.0
2026-02-08T11:41:26.999494,5.7,15.3,2100.0
2026-02-08T11:41:27.500457,10.3,15.3,2100.0
2026-02-08T11:41:28.000897,6.1,15.3,2100.0
2026-02-08T11:41:28.502502,9.5,15.3,2100.0
2026-02-08T11:41:29.003197,4.6,15.3,2100.0
2026-02-08T11:41:29.503970,7.1,15.3,2100.0
2026-02-08T11:41:30.005351,12.0,15.3,2100.0
2026-02-08T11:41:30.505746,13.6,15.3,2100.0
2026-02-08T11:41:31.006418,4.8,15.3,2100.0
2026-02-08T11:41:31.510490,6.5,15.3,2100.0
2026-02-08T11:41:32.011515,4.3,15.3,2100.0
2026-02-08T11:41:32.512238,7.0,15.3,2100.0
2026-02-08T11:41:33.012984,3.4,15.3,2100.0
2026-02-08T11:41:33.513642,5.9,15.3,2100.0
2026-02-08T11:41:34.014970,6.5,15.3,2100.0
2026-02-08T11:41:34.515856,5.5,15.3,2100.0
2026-02-08T11:41:35.016534,8.8,15.3,2100.0
2026-02-08T11:41:35.517190,15.2,15.3,2100.0
2026-02-08T11:41:36.017819,8.3,15.3,2100.0
2026-02-08T11:41:36.518731,10.2,15.3,2100.0
2026-02-08T11:41:37.019549,4.9,15.3,2100.0
2026-02-08T11:41:37.520274,9.8,15.3,2100.0
2026-02-08T11:41:38.020869,5.9,15.3,2100.0
2026-02-08T11:41:38.521340,9.8,15.3,2100.0
2026-02-08T11:41:39.024649,8.5,15.3,2100.0
2026-02-08T11:41:39.525680,6.1,15.3,2100.0
2026-02-08T11:41:40.026426,4.5,15.3,2100.0
2026-02-08T11:41:40.527390,7.5,15.3,2100.0
2026-02-08T11:41:41.029352,4.6,15.3,2100.0
2026-02-08T11:41:41.530123,5.3,15.3,2100.0
2026-02-08T11:41:42.031009,5.0,15.3,2100.0
2026-02-08T11:41:42.531750,5.4,15.3,2100.0
2026-02-08T11:41:43.032354,3.8,15.3,2100.0
2026-02-08T11:41:43.533030,6.8,15.3,2100.0
2026-02-08T11:41:44.033786,4.7,15.3,2100.0
2026-02-08T11:41:44.534348,5.5,15.3,2100.0
2026-02-08T11:41:45.034818,7.3,15.3,2100.0
2026-02-08T11:41:45.535562,8.4,15.3,2100.0
2026-02-08T11:41:46.037096,13.0,15.3,2100.0
2026-02-08T11:41:46.537544,11.9,15.3,2100.0
2026-02-08T11:41:47.038059,9.5,15.3,2100.0
2026-02-08T11:41:47.538929,11.8,15.3,2100.0
2026-02-08T11:41:48.039686,9.6,15.3,2100.0
2026-02-08T11:41:48.540405,8.8,15.3,2100.0
2026-02-08T11:41:49.041386,8.7,15.3,2100.0
2026-02-08T11:41:49.542313,8.8,15.3,2100.0
2026-02-08T11:41:50.043212,10.6,15.3,2100.0
2026-02-08T11:41:50.543961,18.1,15.3,2100.0
2026-02-08T11:41:51.044367,11.7,15.3,2100.0
2026-02-08T11:41:51.544888,6.1,15.3,2100.0
2026-02-08T11:41:52.045500,6.1,15.3,2100.0
2026-02-08T11:41:52.545991,9.0,15.3,2100.0
2026-02-08T11:41:53.049481,15.4,15.3,2100.0
2026-02-08T11:41:53.549964,14.6,15.3,2100.0
2026-02-08T11:41:54.050708,9.9,15.3,2100.0
2026-02-08T11:41:54.551310,10.7,15.3,2100.0
2026-02-08T11:41:55.051792,12.4,15.3,2100.0
2026-02-08T11:41:55.552254,10.4,15.3,2100.0
2026-02-08T11:41:56.052974,9.2,15.3,2100.0
2026-02-08T11:41:56.554068,6.7,15.3,2100.0
2026-02-08T11:41:57.054745,3.7,15.3,2100.0
2026-02-08T11:41:57.555329,8.3,15.3,2100.0
2026-02-08T11:41:58.056031,5.5,15.3,2100.0
2026-02-08T11:41:58.556588,5.7,15.3,2100.0
2026-02-08T11:41:59.058987,4.2,15.3,2100.0
2026-02-08T11:41:59.559469,12.5,15.3,2100.0
2026-02-08T11:42:00.060089,8.6,15.3,2100.0
2026-02-08T11:42:00.560996,10.1,15.3,2100.0
2026-02-08T11:42:01.061426,8.9,15.3,2100.0
2026-02-08T11:42:01.562022,11.7,15.3,2100.0
2026-02-08T11:42:02.062800,10.6,15.3,2100.0
2026-02-08T11:42:02.563584,8.6,15.3,2100.0
2026-02-08T11:42:03.064156,7.4,15.3,2100.0
2026-02-08T11:42:03.564565,8.0,15.3,2100.0
2026-02-08T11:42:04.065106,9.8,15.3,2100.0
2026-02-08T11:42:04.566098,15.0,15.3,2100.0
2026-02-08T11:42:05.066839,9.3,15.3,2100.0
2026-02-08T11:42:05.567360,10.9,15.3,2100.0
2026-02-08T11:42:06.067862,13.2,15.3,2100.0
2026-02-08T11:42:06.568341,6.1,15.3,2100.0
2026-02-08T11:42:07.069508,6.2,15.3,2100.0
2026-02-08T11:42:07.570455,8.9,15.3,2100.0
2026-02-08T11:42:08.071095,6.0,15.3,2100.0
2026-02-08T11:42:08.573263,13.3,15.3,2100.0
2026-02-08T11:42:09.074027,12.5,15.4,2100.0
2026-02-08T11:42:09.575768,7.5,15.4,2100.0
2026-02-08T11:42:10.077620,29.4,15.5,2100.0
2026-02-08T11:42:10.578278,19.1,15.6,2100.0
2026-02-08T11:42:11.079476,36.8,15.6,2100.0
2026-02-08T11:42:11.580351,22.4,15.7,2100.0
2026-02-08T11:42:12.081592,10.4,15.7,2100.0
2026-02-08T11:42:12.582464,26.5,15.8,2100.0
2026-02-08T11:42:13.083084,20.9,15.9,2100.0
2026-02-08T11:42:13.584069,10.4,15.8,2100.0
2026-02-08T11:42:14.084621,6.7,15.8,2100.0
2026-02-08T11:42:14.585224,10.5,15.8,2100.0
2026-02-08T11:42:15.086383,6.7,15.8,2100.0
2026-02-08T11:42:15.586965,8.5,15.8,2100.0
2026-02-08T11:42:16.087867,5.9,15.8,2100.0
2026-02-08T11:42:16.588572,9.9,15.8,2100.0
2026-02-08T11:42:17.089160,6.9,15.8,2100.0
2026-02-08T11:42:17.590585,10.0,15.8,2100.0
2026-02-08T11:42:18.091473,7.0,15.8,2100.0
2026-02-08T11:42:18.592665,18.5,15.8,2100.0
2026-02-08T11:42:19.093904,10.3,15.8,2100.0
2026-02-08T11:42:19.594371,14.9,15.8,2100.0
2026-02-08T11:42:20.095044,26.9,15.8,2100.0
2026-02-08T11:42:20.595804,10.3,15.7,2100.0
2026-02-08T11:42:21.096328,6.1,15.8,2100.0
2026-02-08T11:42:21.596913,10.0,15.8,2100.0
2026-02-08T11:42:22.097842,9.8,15.8,2100.0
2026-02-08T11:42:22.599279,11.1,15.8,2100.0
2026-02-08T11:42:23.100138,5.7,15.7,2100.0
2026-02-08T11:42:23.601041,6.7,15.7,2100.0
2026-02-08T11:42:24.101856,3.4,15.7,2100.0
2026-02-08T11:42:24.602406,5.3,15.7,2100.0
2026-02-08T11:42:25.102968,4.1,15.7,2100.0
2026-02-08T11:42:25.603726,8.8,15.7,2100.0
2026-02-08T11:42:26.107210,9.9,15.7,2100.0
2026-02-08T11:42:26.610161,11.6,15.7,2100.0
2026-02-08T11:42:27.112466,10.8,15.7,2100.0
2026-02-08T11:42:27.613349,13.6,15.7,2100.0
2026-02-08T11:42:28.114269,14.9,15.6,2100.0
2026-02-08T11:42:28.615134,17.8,15.6,2100.0
2026-02-08T11:42:29.116181,11.1,15.6,2100.0
2026-02-08T11:42:29.617017,13.3,15.6,2100.0
2026-02-08T11:42:30.117724,11.3,15.6,2100.0
2026-02-08T11:42:30.620907,10.9,15.6,2100.0
2026-02-08T11:42:31.121623,8.0,15.6,2100.0
2026-02-08T11:42:31.623190,7.0,15.6,2100.0
2026-02-08T11:42:32.123956,4.7,15.6,2100.0
2026-02-08T11:42:32.624319,5.5,15.6,2100.0
2026-02-08T11:42:33.126568,6.0,15.6,2100.0
2026-02-08T11:42:33.628071,6.9,15.6,2100.0
2026-02-08T11:42:34.128689,8.5,15.6,2100.0
2026-02-08T11:42:34.629326,4.0,15.6,2100.0
2026-02-08T11:42:35.130012,6.9,15.5,2100.0
2026-02-08T11:42:35.631159,5.4,15.5,2100.0
2026-02-08T11:42:36.131664,12.0,15.6,2100.0
2026-02-08T11:42:36.632415,7.4,15.5,2100.0
2026-02-08T11:42:37.132972,7.1,15.6,2100.0
2026-02-08T11:42:37.633573,7.9,15.5,2100.0
2026-02-08T11:42:38.134603,5.9,15.5,2100.0
2026-02-08T11:42:38.635232,7.5,15.6,2100.0
2026-02-08T11:42:39.135998,7.0,15.6,2100.0
2026-02-08T11:42:39.637899,11.9,15.6,2100.0
2026-02-08T11:42:40.138558,14.5,15.6,2100.0
2026-02-08T11:42:40.639064,13.6,15.6,2100.0
2026-02-08T11:42:41.141142,5.3,15.6,2100.0
2026-02-08T11:42:41.642025,9.5,15.6,2100.0
2026-02-08T11:42:42.142482,5.5,15.6,2100.0
2026-02-08T11:42:42.643399,9.5,15.6,2100.0
2026-02-08T11:42:43.144138,3.8,15.6,2100.0
2026-02-08T11:42:43.644758,6.2,15.6,2100.0
2026-02-08T11:42:44.145420,4.7,15.6,2100.0
2026-02-08T11:42:44.645786,9.0,15.6,2100.0
2026-02-08T11:42:45.146238,6.9,15.6,2100.0
2026-02-08T11:42:45.646819,6.8,15.6,2100.0
2026-02-08T11:42:46.147670,5.4,15.6,2100.0
2026-02-08T11:42:46.648411,9.2,15.6,2100.0
2026-02-08T11:42:47.149303,6.9,15.6,2100.0
2026-02-08T11:42:47.649948,4.3,15.6,2100.0
2026-02-08T11:42:48.151236,2.8,15.6,2100.0
2026-02-08T11:42:48.652178,7.1,15.6,2100.0
2026-02-08T11:42:49.153225,3.4,15.6,2100.0
2026-02-08T11:42:49.654167,5.2,15.6,2100.0
2026-02-08T11:42:50.154742,4.9,15.6,2100.0
2026-02-08T11:42:50.655717,7.0,15.6,2100.0
2026-02-08T11:42:51.156255,5.3,15.6,2100.0
2026-02-08T11:42:51.657740,6.1,15.6,2100.0
2026-02-08T11:42:52.158672,4.0,15.6,2100.0
2026-02-08T11:42:52.659396,6.9,15.6,2100.0
2026-02-08T11:42:53.160820,7.3,15.6,2100.0
2026-02-08T11:42:53.661621,5.4,15.6,2100.0
2026-02-08T11:42:54.162467,5.7,15.6,2100.0
2026-02-08T11:42:54.663222,5.4,15.6,2100.0
2026-02-08T11:42:55.163815,6.5,15.6,2100.0
2026-02-08T11:42:55.664480,9.9,15.6,2100.0
2026-02-08T11:42:56.165005,8.2,15.6,2100.0
2026-02-08T11:42:56.685097,24.0,15.7,2100.0
2026-02-08T11:42:57.185966,11.4,15.7,2100.0
2026-02-08T11:42:57.686641,7.4,15.7,2100.0
2026-02-08T11:42:58.188806,8.3,15.7,2100.0
2026-02-08T11:42:58.692951,23.3,15.7,2100.0
2026-02-08T11:42:59.193647,22.3,15.8,2100.0
2026-02-08T11:42:59.694449,10.3,15.8,2100.0
2026-02-08T11:43:00.195032,10.8,15.7,2100.0
2026-02-08T11:43:00.695971,8.6,15.7,2100.0
2026-02-08T11:43:01.196373,7.2,15.7,2100.0
2026-02-08T11:43:01.697367,9.4,15.7,2100.0
2026-02-08T11:43:02.198019,4.2,15.7,2100.0
2026-02-08T11:43:02.698715,5.3,15.7,2100.0
2026-02-08T11:43:03.199213,3.5,15.7,2100.0
2026-02-08T11:43:03.699921,4.7,15.7,2100.0
2026-02-08T11:43:04.200538,5.5,15.7,2100.0
2026-02-08T11:43:04.701346,5.8,15.7,2100.0
2026-02-08T11:43:05.202365,7.2,15.7,2100.0
2026-02-08T11:43:05.703269,4.8,15.7,2100.0
2026-02-08T11:43:06.203773,4.8,15.7,2100.0
2026-02-08T11:43:06.704274,6.7,15.7,2100.0
2026-02-08T11:43:07.206206,3.8,15.7,2100.0
2026-02-08T11:43:07.706764,6.4,15.7,2100.0
2026-02-08T11:43:08.207688,6.1,15.7,2100.0
2026-02-08T11:43:08.708256,11.4,15.7,2100.0
2026-02-08T11:43:09.209152,10.5,15.7,2100.0
2026-02-08T11:43:09.710208,4.9,15.7,2100.0
2026-02-08T11:43:10.211377,5.9,15.7,2100.0
2026-02-08T11:43:10.712131,4.8,15.7,2100.0
2026-02-08T11:43:11.212675,10.3,15.7,2100.0
2026-02-08T11:43:11.713111,7.8,15.7,2100.0
2026-02-08T11:43:12.213732,6.2,15.7,2100.0
2026-02-08T11:43:12.714546,3.9,15.6,2100.0
2026-02-08T11:43:13.215327,9.2,15.6,2100.0
2026-02-08T11:43:13.716411,7.4,15.7,2100.0
2026-02-08T11:43:14.217021,9.3,15.7,2100.0
2026-02-08T11:43:14.717874,7.8,15.7,2100.0
2026-02-08T11:43:15.218812,9.0,15.7,2100.0
2026-02-08T11:43:15.719921,5.3,15.7,2100.0
2026-02-08T11:43:16.225459,12.2,15.7,2100.0
2026-02-08T11:43:16.725959,11.8,15.7,2100.0
2026-02-08T11:43:17.226920,13.2,15.7,2100.0
2026-02-08T11:43:17.727524,5.0,15.7,2100.0
2026-02-08T11:43:18.228078,8.7,15.7,2100.0
2026-02-08T11:43:18.728606,7.3,15.7,2100.0
2026-02-08T11:43:19.229016,7.2,15.7,2100.0
2026-02-08T11:43:19.729680,11.8,15.7,2100.0
2026-02-08T11:43:20.230663,6.1,15.7,2100.0
2026-02-08T11:43:20.731925,4.2,15.7,2100.0
2026-02-08T11:43:21.233239,7.8,15.7,2100.0
2026-02-08T11:43:21.735174,4.6,15.7,2100.0
2026-02-08T11:43:22.236460,6.8,15.7,2100.0
2026-02-08T11:43:22.738408,6.3,15.7,2100.0
2026-02-08T11:43:23.238869,9.6,15.7,2100.0
2026-02-08T11:43:23.739476,14.1,15.7,2100.0
2026-02-08T11:43:24.240443,8.9,15.7,2100.0
2026-02-08T11:43:24.741175,19.0,15.8,2100.0
2026-02-08T11:43:25.241815,14.6,15.8,2100.0
2026-02-08T11:43:25.742438,9.3,15.8,2100.0
2026-02-08T11:43:26.242926,13.9,15.8,2100.0
2026-02-08T11:43:26.743895,9.8,15.8,2100.0
2026-02-08T11:43:27.244388,6.6,15.8,2100.0
2026-02-08T11:43:27.744870,14.5,15.8,2100.0
2026-02-08T11:43:28.245402,8.1,15.8,2100.0
2026-02-08T11:43:28.746164,11.4,15.8,2100.0
2026-02-08T11:43:29.246886,10.3,15.8,2100.0
2026-02-08T11:43:29.747574,9.2,15.8,2100.0
2026-02-08T11:43:30.248155,9.9,15.8,2100.0
2026-02-08T11:43:30.749514,6.2,15.8,2100.0
2026-02-08T11:43:31.250357,6.5,15.8,2100.0
2026-02-08T11:43:31.782638,12.1,15.8,2100.0
2026-02-08T11:43:32.283192,6.0,15.8,2100.0
2026-02-08T11:43:32.783943,7.2,15.8,2100.0
2026-02-08T11:43:33.284640,4.0,15.8,2100.0
2026-02-08T11:43:33.787119,4.2,15.8,2100.0
2026-02-08T11:43:34.287928,9.0,15.8,2100.0
2026-02-08T11:43:34.789706,13.0,15.8,2100.0
2026-02-08T11:43:35.290803,19.9,15.9,2100.0
2026-02-08T11:43:35.791728,10.9,15.9,2100.0
2026-02-08T11:43:36.292571,8.7,15.9,2100.0
2026-02-08T11:43:36.793343,9.9,15.9,2100.0
2026-02-08T11:43:37.294178,8.3,15.9,2100.0
2026-02-08T11:43:37.794983,7.5,15.9,2100.0
2026-02-08T11:43:38.295847,5.1,15.9,2100.0
2026-02-08T11:43:38.796744,14.3,15.9,2100.0
2026-02-08T11:43:39.297590,4.1,15.9,2100.0
2026-02-08T11:43:39.798400,5.1,15.9,2100.0
2026-02-08T11:43:40.299392,7.9,15.9,2100.0
2026-02-08T11:43:40.800931,4.1,15.9,2100.0
2026-02-08T11:43:41.302072,5.0,15.9,2100.0
2026-02-08T11:43:41.803603,4.8,15.9,2100.0
2026-02-08T11:43:42.304103,4.1,15.9,2100.0
2026-02-08T11:43:42.805403,8.5,15.9,2100.0
2026-02-08T11:43:43.306356,5.0,15.9,2100.0
2026-02-08T11:43:43.814455,16.5,15.8,2100.0
2026-02-08T11:43:44.315121,8.9,15.8,2100.0
2026-02-08T11:43:44.815883,7.5,15.8,2100.0
2026-02-08T11:43:45.316598,6.5,15.8,2100.0
2026-02-08T11:43:45.817276,4.7,15.8,2100.0
2026-02-08T11:43:46.318705,3.6,15.8,2100.0
2026-02-08T11:43:46.819615,6.2,15.8,2100.0
2026-02-08T11:43:47.320856,3.9,15.8,2100.0
2026-02-08T11:43:47.821854,6.8,15.8,2100.0
2026-02-08T11:43:48.322291,7.0,15.8,2100.0
2026-02-08T11:43:48.823124,9.1,15.8,2100.0
2026-02-08T11:43:49.324253,6.7,15.8,2100.0
2026-02-08T11:43:49.825064,5.4,15.8,2100.0
2026-02-08T11:43:50.325515,3.4,15.8,2100.0
2026-02-08T11:43:50.826450,10.4,15.8,2100.0
2026-02-08T11:43:51.327189,4.2,15.8,2100.0
2026-02-08T11:43:51.827964,6.5,15.8,2100.0
2026-02-08T11:43:52.328626,2.9,15.8,2100.0
2026-02-08T11:43:52.829254,5.2,15.8,2100.0
2026-02-08T11:43:53.329811,6.1,15.8,2100.0
2026-02-08T11:43:53.831328,6.4,15.8,2100.0
2026-02-08T11:43:54.333908,6.4,15.8,2100.0
2026-02-08T11:43:54.834659,4.5,15.8,2100.0
2026-02-08T11:43:55.336812,6.0,15.8,2100.0
2026-02-08T11:43:55.837347,6.8,15.8,2100.0
2026-02-08T11:43:56.338639,6.9,15.8,2100.0
2026-02-08T11:43:56.839177,6.1,15.8,2100.0
2026-02-08T11:43:57.339555,7.6,15.8,2100.0
2026-02-08T11:43:57.840056,4.6,15.7,2100.0
2026-02-08T11:43:58.340588,4.4,15.7,2100.0
2026-02-08T11:43:58.841114,9.2,15.7,2100.0
2026-02-08T11:43:59.341922,6.9,15.7,2100.0
2026-02-08T11:43:59.842423,9.9,15.7,2100.0
2026-02-08T11:44:00.343000,9.1,15.7,2100.0
2026-02-08T11:44:00.843851,5.5,15.7,2100.0
2026-02-08T11:44:01.344309,5.4,15.7,2100.0
2026-02-08T11:44:01.845031,9.8,15.7,2100.0
2026-02-08T11:44:02.345779,9.0,15.7,2100.0
2026-02-08T11:44:02.846514,10.7,15.7,2100.0
2026-02-08T11:44:03.348045,10.2,15.7,2100.0
2026-02-08T11:44:03.849447,12.0,15.8,2100.0
2026-02-08T11:44:04.350110,16.0,15.8,2100.0
2026-02-08T11:44:04.851786,8.1,15.8,2100.0
2026-02-08T11:44:05.362509,12.5,15.8,2100.0
2026-02-08T11:44:05.863272,10.2,15.9,2100.0
2026-02-08T11:44:06.364142,13.0,15.9,2100.0
2026-02-08T11:44:06.864751,25.0,16.0,2100.0
2026-02-08T11:44:07.365236,12.9,16.0,2100.0
2026-02-08T11:44:07.865990,15.9,16.1,2100.0
2026-02-08T11:44:08.366579,21.8,16.2,2100.0
2026-02-08T11:44:08.867248,11.0,16.3,2100.0
2026-02-08T11:44:09.368164,12.4,16.3,2100.0
2026-02-08T11:44:09.868822,10.3,16.3,2100.0
2026-02-08T11:44:10.369710,17.4,16.3,2100.0
2026-02-08T11:44:10.870146,7.8,16.3,2100.0
2026-02-08T11:44:11.371366,9.6,16.2,2100.0
2026-02-08T11:44:11.872113,8.4,16.3,2100.0
2026-02-08T11:44:12.372822,13.9,16.3,2100.0
2026-02-08T11:44:12.873868,8.1,16.2,2100.0
2026-02-08T11:44:13.375219,12.8,16.2,2100.0
2026-02-08T11:44:13.875951,11.2,16.2,2100.0
2026-02-08T11:44:14.378826,11.8,16.2,2100.0
2026-02-08T11:44:14.880421,8.7,16.2,2100.0
2026-02-08T11:44:15.381057,9.4,16.2,2100.0
2026-02-08T11:44:15.881593,14.5,16.2,2100.0
2026-02-08T11:44:16.382453,9.2,16.2,2100.0
2026-02-08T11:44:16.883363,6.0,16.2,2100.0
2026-02-08T11:44:17.404505,15.0,16.2,2100.0
2026-02-08T11:44:17.905255,8.8,16.2,2100.0
2026-02-08T11:44:18.405825,8.5,16.2,2100.0
2026-02-08T11:44:18.906767,10.7,16.1,2100.0
2026-02-08T11:44:19.407292,7.0,16.1,2100.0
2026-02-08T11:44:19.908116,11.7,16.1,2100.0
2026-02-08T11:44:20.408892,9.8,16.1,2100.0
2026-02-08T11:44:20.909543,12.1,16.1,2100.0
2026-02-08T11:44:21.410228,5.8,16.1,2100.0
2026-02-08T11:44:21.911093,9.3,16.1,2100.0
2026-02-08T11:44:22.411996,10.7,16.1,2100.0
2026-02-08T11:44:22.913181,10.8,16.2,2100.0
2026-02-08T11:44:23.413854,9.5,16.1,2100.0
2026-02-08T11:44:23.914371,14.6,16.1,2100.0
2026-02-08T11:44:24.415379,6.7,16.2,2100.0
2026-02-08T11:44:24.916525,18.1,16.2,2100.0
2026-02-08T11:44:25.417129,10.4,16.2,2100.0
2026-02-08T11:44:25.917966,19.4,16.2,2100.0
2026-02-08T11:44:26.419479,6.2,16.2,2100.0
2026-02-08T11:44:26.920250,14.3,16.2,2100.0
2026-02-08T11:44:27.420966,11.0,16.2,2100.0
2026-02-08T11:44:27.921404,13.3,16.2,2100.0
2026-02-08T11:44:28.422244,7.7,16.2,2100.0
2026-02-08T11:44:28.923181,12.9,16.2,2100.0
2026-02-08T11:44:29.423984,9.6,16.2,2100.0
2026-02-08T11:44:29.924788,13.9,16.2,2100.0
2026-02-08T11:44:30.425305,8.2,16.2,2100.0
2026-02-08T11:44:30.926170,10.8,16.2,2100.0
2026-02-08T11:44:31.426807,6.1,16.2,2100.0
2026-02-08T11:44:31.927402,11.0,16.2,2100.0
2026-02-08T11:44:32.428008,10.7,16.2,2100.0
2026-02-08T11:44:32.928566,11.6,16.2,2100.0
2026-02-08T11:44:33.429855,9.5,16.1,2100.0
2026-02-08T11:44:33.930352,9.0,16.1,2100.0
2026-02-08T11:44:34.430936,11.3,16.1,2100.0
2026-02-08T11:44:34.931866,10.1,16.1,2100.0
2026-02-08T11:44:35.432631,11.7,16.1,2100.0
2026-02-08T11:44:35.933808,16.0,16.1,2100.0
2026-02-08T11:44:36.434759,10.0,16.1,2100.0
2026-02-08T11:44:36.935971,16.4,16.1,2100.0
2026-02-08T11:44:37.436920,11.2,16.1,2100.0
2026-02-08T11:44:37.937485,10.9,16.1,2100.0
2026-02-08T11:44:38.438835,8.5,16.1,2100.0
2026-02-08T11:44:38.939279,9.5,16.1,2100.0
2026-02-08T11:44:39.440110,12.1,16.1,2100.0
2026-02-08T11:44:39.940989,5.6,16.1,2100.0
2026-02-08T11:44:40.441881,6.7,16.1,2100.0
2026-02-08T11:44:40.942617,7.5,16.1,2100.0
2026-02-08T11:44:41.443671,7.7,16.1,2100.0
2026-02-08T11:44:41.944114,6.4,16.1,2100.0
2026-02-08T11:44:42.444882,5.4,16.1,2100.0
2026-02-08T11:44:42.945714,5.2,16.1,2100.0
2026-02-08T11:44:43.446275,5.7,16.1,2100.0
2026-02-08T11:44:43.946993,6.8,16.1,2100.0
2026-02-08T11:44:44.450680,9.8,16.1,2100.0
2026-02-08T11:44:44.952050,5.4,16.1,2100.0
2026-02-08T11:44:45.452810,7.1,16.1,2100.0
2026-02-08T11:44:45.953442,5.6,16.1,2100.0
2026-02-08T11:44:46.453951,12.2,16.1,2100.0
2026-02-08T11:44:46.954417,5.4,16.1,2100.0
2026-02-08T11:44:47.455104,9.9,16.1,2100.0
2026-02-08T11:44:47.955938,4.6,16.1,2100.0
2026-02-08T11:44:48.456649,6.6,16.1,2100.0
2026-02-08T11:44:48.957498,10.2,16.1,2100.0
2026-02-08T11:44:49.458189,9.2,16.1,2100.0
2026-02-08T11:44:49.958767,5.4,16.1,2100.0
2026-02-08T11:44:50.459395,6.6,16.1,2100.0
2026-02-08T11:44:50.960365,4.2,16.1,2100.0
2026-02-08T11:44:51.461206,5.9,16.1,2100.0
2026-02-08T11:44:51.962481,7.2,16.1,2100.0
2026-02-08T11:44:52.463225,7.9,16.1,2100.0
2026-02-08T11:44:52.963778,4.4,16.1,2100.0
2026-02-08T11:44:53.464785,5.5,16.1,2100.0
2026-02-08T11:44:53.965295,5.5,16.1,2100.0
2026-02-08T11:44:54.466539,5.2,16.1,2100.0
2026-02-08T11:44:54.967134,5.1,16.1,2100.0
2026-02-08T11:44:55.468101,10.4,16.1,2100.0
2026-02-08T11:44:55.969162,5.1,16.1,2100.0
2026-02-08T11:44:56.469759,5.3,16.1,2100.0
2026-02-08T11:44:56.970616,9.4,16.1,2100.0
2026-02-08T11:44:57.471561,11.6,16.1,2100.0
2026-02-08T11:44:57.972014,4.7,16.1,2100.0
2026-02-08T11:44:58.472496,6.2,16.1,2100.0
2026-02-08T11:44:58.973389,4.7,16.1,2100.0
2026-02-08T11:44:59.475015,7.9,16.1,2100.0
2026-02-08T11:44:59.975909,6.0,16.1,2100.0
2026-02-08T11:45:00.476496,10.1,16.0,2100.0
2026-02-08T11:45:00.977101,7.5,16.0,2100.0
2026-02-08T11:45:01.478090,7.0,16.0,2100.0
2026-02-08T11:45:01.978741,5.0,16.0,2100.0
2026-02-08T11:45:02.479364,7.1,16.0,2100.0
2026-02-08T11:45:02.980779,6.0,16.0,2100.0
2026-02-08T11:45:03.481226,6.1,16.0,2100.0
2026-02-08T11:45:03.982715,4.8,16.0,2100.0
2026-02-08T11:45:04.484367,5.0,16.0,2100.0
2026-02-08T11:45:04.985146,9.0,16.0,2100.0
2026-02-08T11:45:05.485960,10.1,16.0,2100.0
2026-02-08T11:45:05.986645,7.9,16.0,2100.0
2026-02-08T11:45:06.487029,5.3,16.0,2100.0
2026-02-08T11:45:06.987929,5.1,16.0,2100.0
2026-02-08T11:45:07.488661,7.4,16.0,2100.0
2026-02-08T11:45:07.989132,5.7,16.0,2100.0
2026-02-08T11:45:08.489860,6.1,16.0,2100.0
2026-02-08T11:45:08.990504,6.0,16.0,2100.0
2026-02-08T11:45:09.491252,8.5,16.0,2100.0
2026-02-08T11:45:09.992282,6.5,16.0,2100.0
2026-02-08T11:45:10.493026,7.8,16.0,2100.0
2026-02-08T11:45:10.993981,5.9,16.0,2100.0
2026-02-08T11:45:11.495183,6.9,16.0,2100.0
2026-02-08T11:45:11.995840,6.7,16.0,2100.0
2026-02-08T11:45:12.496355,6.4,16.0,2100.0
2026-02-08T11:45:12.997212,7.9,16.0,2100.0
2026-02-08T11:45:13.497954,7.0,16.0,2100.0
2026-02-08T11:45:13.998920,8.8,16.0,2100.0
2026-02-08T11:45:14.499635,6.8,16.0,2100.0
2026-02-08T11:45:15.001307,4.4,16.0,2100.0
2026-02-08T11:45:15.504094,5.8,16.0,2100.0
2026-02-08T11:45:16.005036,7.3,16.0,2100.0
2026-02-08T11:45:16.505541,15.1,16.0,2100.0
2026-02-08T11:45:17.006116,7.1,16.0,2100.0
2026-02-08T11:45:17.506989,8.9,16.0,2100.0
2026-02-08T11:45:18.007563,6.3,16.0,2100.0
2026-02-08T11:45:18.508028,7.6,16.0,2100.0
2026-02-08T11:45:19.008455,6.9,16.0,2100.0
2026-02-08T11:45:19.509424,16.6,16.1,2100.0
2026-02-08T11:45:20.010199,6.3,16.1,2100.0
2026-02-08T11:45:20.511113,9.7,16.1,2100.0
2026-02-08T11:45:21.011780,17.0,16.1,2100.0
2026-02-08T11:45:21.513105,17.2,16.1,2100.0
2026-02-08T11:45:22.014057,7.1,16.1,2100.0
2026-02-08T11:45:22.515005,11.6,16.1,2100.0
2026-02-08T11:45:23.017154,6.8,16.1,2100.0
2026-02-08T11:45:23.517563,11.9,16.1,2100.0
2026-02-08T11:45:24.018041,6.3,16.1,2100.0
2026-02-08T11:45:24.518773,14.6,16.2,2100.0
2026-02-08T11:45:25.019762,7.6,16.2,2100.0
2026-02-08T11:45:25.520342,18.6,16.2,2100.0
2026-02-08T11:45:26.021419,15.7,16.3,2100.0
2026-02-08T11:45:26.522201,14.6,16.3,2100.0
2026-02-08T11:45:27.022713,10.5,16.3,2100.0
2026-02-08T11:45:27.523327,15.6,16.3,2100.0
2026-02-08T11:45:28.024128,11.6,16.3,2100.0
2026-02-08T11:45:28.524663,14.9,16.3,2100.0
2026-02-08T11:45:29.025333,8.6,16.3,2100.0
2026-02-08T11:45:29.526326,9.6,16.3,2100.0
2026-02-08T11:45:30.027238,7.7,16.3,2100.0
2026-02-08T11:45:30.528048,16.3,16.3,2100.0
2026-02-08T11:45:31.028584,12.4,16.3,2100.0
2026-02-08T11:45:31.529126,12.0,16.3,2100.0
2026-02-08T11:45:32.029758,12.1,16.3,2100.0
2026-02-08T11:45:32.532010,15.3,16.3,2100.0
2026-02-08T11:45:33.034067,8.6,16.3,2100.0
2026-02-08T11:45:33.534499,10.0,16.3,2100.0
2026-02-08T11:45:34.035193,7.1,16.3,2100.0
2026-02-08T11:45:34.535911,15.7,16.3,2100.0
2026-02-08T11:45:35.036995,9.8,16.3,2100.0
2026-02-08T11:45:35.537918,11.8,16.3,2100.0
2026-02-08T11:45:36.038629,6.5,16.3,2100.0
2026-02-08T11:45:36.539431,10.0,16.3,2100.0
2026-02-08T11:45:37.040255,9.5,16.3,2100.0
2026-02-08T11:45:37.540687,7.5,16.3,2100.0
2026-02-08T11:45:38.041288,9.7,16.3,2100.0
2026-02-08T11:45:38.542906,13.7,16.3,2100.0
2026-02-08T11:45:39.043654,8.4,16.3,2100.0
2026-02-08T11:45:39.546001,16.4,16.3,2100.0
2026-02-08T11:45:40.046620,6.8,16.3,2100.0
2026-02-08T11:45:40.547781,16.7,16.3,2100.0
2026-02-08T11:45:41.048253,4.8,16.3,2100.0
2026-02-08T11:45:41.549028,6.4,16.3,2100.0
2026-02-08T11:45:42.049807,7.0,16.3,2100.0
2026-02-08T11:45:42.550360,14.6,16.3,2100.0
2026-02-08T11:45:43.051002,9.9,16.3,2100.0
2026-02-08T11:45:43.553185,11.1,16.3,2100.0
2026-02-08T11:45:44.054194,6.7,16.3,2100.0
2026-02-08T11:45:44.554977,8.7,16.3,2100.0
2026-02-08T11:45:45.055451,9.5,16.3,2100.0
2026-02-08T11:45:45.556416,20.4,16.3,2100.0
2026-02-08T11:45:46.057280,8.7,16.3,2100.0
2026-02-08T11:45:46.558152,8.8,16.3,2100.0
2026-02-08T11:45:47.059191,11.4,16.3,2100.0
2026-02-08T11:45:47.559941,11.9,16.3,2100.0
2026-02-08T11:45:48.060664,9.0,16.3,2100.0
2026-02-08T11:45:48.561365,9.3,16.3,2100.0
2026-02-08T11:45:49.063194,6.9,16.3,2100.0
2026-02-08T11:45:49.564120,12.7,16.3,2100.0
2026-02-08T11:45:50.065076,6.4,16.3,2100.0
2026-02-08T11:45:50.566188,7.2,16.3,2100.0
2026-02-08T11:45:51.067022,6.1,16.3,2100.0
2026-02-08T11:45:51.567532,9.3,16.3,2100.0
2026-02-08T11:45:52.068004,10.1,16.3,2100.0
2026-02-08T11:45:52.568676,8.9,16.3,2100.0
2026-02-08T11:45:53.069233,7.5,16.3,2100.0
2026-02-08T11:45:53.569925,16.1,16.2,2100.0
2026-02-08T11:45:54.070523,7.9,16.2,2100.0
2026-02-08T11:45:54.571254,9.7,16.2,2100.0
2026-02-08T11:45:55.072020,10.1,16.2,2100.0
2026-02-08T11:45:55.572643,8.3,16.2,2100.0
2026-02-08T11:45:56.073385,7.5,16.2,2100.0
2026-02-08T11:45:56.575609,9.3,16.2,2100.0
2026-02-08T11:45:57.076630,6.9,16.2,2100.0
2026-02-08T11:45:57.577951,11.4,16.2,2100.0
2026-02-08T11:45:58.078881,14.7,16.2,2100.0
2026-02-08T11:45:58.579819,5.6,16.2,2100.0
2026-02-08T11:45:59.080646,4.3,16.2,2100.0
2026-02-08T11:45:59.581137,4.5,16.2,2100.0
2026-02-08T11:46:00.081862,5.0,16.2,2100.0
2026-02-08T11:46:00.582776,8.3,16.2,2100.0
2026-02-08T11:46:01.083540,3.9,16.2,2100.0
2026-02-08T11:46:01.584221,3.9,16.2,2100.0
2026-02-08T11:46:02.085276,6.5,16.2,2100.0
2026-02-08T11:46:02.586195,7.1,16.2,2100.0
2026-02-08T11:46:03.086889,4.5,16.2,2100.0
2026-02-08T11:46:03.587422,10.0,16.2,2100.0
2026-02-08T11:46:04.087996,6.0,16.2,2100.0
2026-02-08T11:46:04.588430,4.9,16.2,2100.0
2026-02-08T11:46:05.089481,7.9,16.2,2100.0
2026-02-08T11:46:05.590212,5.1,16.2,2100.0
2026-02-08T11:46:06.090929,4.3,16.2,2100.0
2026-02-08T11:46:06.591376,4.1,16.2,2100.0
2026-02-08T11:46:07.092062,8.1,16.2,2100.0
2026-02-08T11:46:07.592676,6.2,16.2,2100.0
2026-02-08T11:46:08.093593,7.4,16.2,2100.0
2026-02-08T11:46:08.594806,14.0,16.2,2100.0
2026-02-08T11:46:09.095624,5.7,16.2,2100.0
2026-02-08T11:46:09.596258,8.6,16.2,2100.0
2026-02-08T11:46:10.096741,4.7,16.2,2100.0
2026-02-08T11:46:10.597570,7.8,16.2,2100.0
2026-02-08T11:46:11.098528,6.7,16.2,2100.0
2026-02-08T11:46:11.599236,7.1,16.2,2100.0
2026-02-08T11:46:12.099755,6.6,16.2,2100.0
2026-02-08T11:46:12.600404,6.3,16.2,2100.0
2026-02-08T11:46:13.101015,5.0,16.2,2100.0
2026-02-08T11:46:13.601729,4.4,16.2,2100.0
2026-02-08T11:46:14.102124,3.8,16.2,2100.0
2026-02-08T11:46:14.602700,4.3,16.2,2100.0
2026-02-08T11:46:15.103420,4.0,16.2,2100.0
2026-02-08T11:46:15.603864,9.9,16.2,2100.0
2026-02-08T11:46:16.104467,6.7,16.2,2100.0
2026-02-08T11:46:16.604983,4.5,16.2,2100.0
2026-02-08T11:46:17.105819,4.3,16.2,2100.0
2026-02-08T11:46:17.606321,5.9,16.2,2100.0
2026-02-08T11:46:18.106787,6.9,16.2,2100.0
2026-02-08T11:46:18.607721,9.8,16.2,2100.0
2026-02-08T11:46:19.108395,6.6,16.2,2100.0
2026-02-08T11:46:19.609362,9.3,16.2,2100.0
2026-02-08T11:46:20.110275,4.4,16.2,2100.0
2026-02-08T11:46:20.610918,6.9,16.2,2100.0
2026-02-08T11:46:21.112700,4.6,16.2,2100.0
2026-02-08T11:46:21.613487,6.9,16.2,2100.0
2026-02-08T11:46:22.114232,12.6,16.2,2100.0
2026-02-08T11:46:22.616285,10.6,16.2,2100.0
2026-02-08T11:46:23.117689,8.5,16.2,2100.0
2026-02-08T11:46:23.618269,8.6,16.2,2100.0
2026-02-08T11:46:24.119085,2.8,16.2,2100.0
2026-02-08T11:46:24.619786,5.9,16.2,2100.0
2026-02-08T11:46:25.120623,4.0,16.2,2100.0
2026-02-08T11:46:25.621482,6.7,16.2,2100.0
2026-02-08T11:46:26.122299,3.5,16.2,2100.0
2026-02-08T11:46:26.622891,4.1,16.2,2100.0
2026-02-08T11:46:27.123490,4.0,16.2,2100.0
2026-02-08T11:46:27.624817,7.0,16.2,2100.0
2026-02-08T11:46:28.125313,3.6,16.2,2100.0
2026-02-08T11:46:28.625980,5.4,16.2,2100.0
2026-02-08T11:46:29.127459,5.3,16.2,2100.0
2026-02-08T11:46:29.628041,8.3,16.2,2100.0
2026-02-08T11:46:30.130160,5.2,16.2,2100.0
2026-02-08T11:46:30.631285,8.1,16.2,2100.0
2026-02-08T11:46:31.131675,6.9,16.2,2100.0
2026-02-08T11:46:31.633798,8.2,16.2,2100.0
2026-02-08T11:46:32.134394,7.0,16.2,2100.0
2026-02-08T11:46:32.635182,5.6,16.2,2100.0
2026-02-08T11:46:33.135677,4.8,16.2,2100.0
2026-02-08T11:46:33.636231,9.1,16.2,2100.0
2026-02-08T11:46:34.137134,6.9,16.2,2100.0
2026-02-08T11:46:34.637835,4.9,16.2,2100.0
2026-02-08T11:46:35.138537,6.0,16.2,2100.0
2026-02-08T11:46:35.639728,6.2,16.2,2100.0
2026-02-08T11:46:36.140580,4.5,16.2,2100.0
2026-02-08T11:46:36.641064,6.2,16.2,2100.0
2026-02-08T11:46:37.141854,5.3,16.2,2100.0
2026-02-08T11:46:37.642586,6.5,16.2,2100.0
2026-02-08T11:46:38.143161,6.1,16.2,2100.0
2026-02-08T11:46:38.644620,9.9,16.2,2100.0
2026-02-08T11:46:39.145391,10.2,16.2,2100.0
2026-02-08T11:46:39.645883,5.7,16.2,2100.0
2026-02-08T11:46:40.146501,11.3,16.2,2100.0
2026-02-08T11:46:40.648139,4.8,16.2,2100.0
2026-02-08T11:46:41.148762,8.1,16.2,2100.0
2026-02-08T11:46:41.649261,7.9,16.2,2100.0
2026-02-08T11:46:42.149920,9.2,16.2,2100.0
2026-02-08T11:46:42.650269,6.2,16.2,2100.0
2026-02-08T11:46:43.150995,9.4,16.2,2100.0
2026-02-08T11:46:43.651720,14.1,16.3,2100.0
2026-02-08T11:46:44.152555,14.3,16.3,2100.0
2026-02-08T11:46:44.654098,9.9,16.3,2100.0
2026-02-08T11:46:45.154620,16.4,16.3,2100.0
2026-02-08T11:46:45.655343,8.7,16.3,2100.0
2026-02-08T11:46:46.156112,17.2,16.3,2100.0
2026-02-08T11:46:46.656940,9.7,16.4,2100.0
2026-02-08T11:46:47.157335,13.6,16.4,2100.0
2026-02-08T11:46:47.657967,13.8,16.5,2100.0
2026-02-08T11:46:48.158895,11.7,16.5,2100.0
2026-02-08T11:46:48.660133,14.6,16.4,2100.0
2026-02-08T11:46:49.160601,11.4,16.4,2100.0
2026-02-08T11:46:49.661286,8.9,16.4,2100.0
2026-02-08T11:46:50.162568,9.8,16.4,2100.0
2026-02-08T11:46:50.663433,8.5,16.5,2100.0
2026-02-08T11:46:51.164362,9.8,16.5,2100.0
2026-02-08T11:46:51.665018,9.1,16.4,2100.0
2026-02-08T11:46:52.166565,7.6,16.4,2100.0
2026-02-08T11:46:52.667444,17.8,16.4,2100.0
2026-02-08T11:46:53.168519,8.4,16.4,2100.0
2026-02-08T11:46:53.669027,18.0,16.5,2100.0
2026-02-08T11:46:54.169626,8.4,16.5,2100.0
2026-02-08T11:46:54.670415,9.5,16.5,2100.0
2026-02-08T11:46:55.172488,9.6,16.5,2100.0
2026-02-08T11:46:55.673316,17.1,16.5,2100.0
2026-02-08T11:46:56.174171,7.8,16.5,2100.0
2026-02-08T11:46:56.674646,9.8,16.5,2100.0
2026-02-08T11:46:57.175279,10.1,16.5,2100.0
2026-02-08T11:46:57.676024,14.0,16.5,2100.0
2026-02-08T11:46:58.176671,9.4,16.5,2100.0
2026-02-08T11:46:58.677617,8.6,16.5,2100.0
2026-02-08T11:46:59.178167,7.4,16.5,2100.0
2026-02-08T11:46:59.678938,13.2,16.5,2100.0
2026-02-08T11:47:00.180145,13.0,16.5,2100.0
2026-02-08T11:47:00.680825,13.9,16.4,2100.0
2026-02-08T11:47:01.181704,7.2,16.4,2100.0
2026-02-08T11:47:01.682537,10.9,16.5,2100.0
2026-02-08T11:47:02.183086,8.6,16.5,2100.0
2026-02-08T11:47:02.683773,11.7,16.5,2100.0
2026-02-08T11:47:03.184492,10.2,16.5,2100.0
2026-02-08T11:47:03.685089,14.0,16.5,2100.0
2026-02-08T11:47:04.185876,9.0,16.5,2100.0
2026-02-08T11:47:04.686438,11.4,16.4,2100.0
2026-02-08T11:47:05.187142,7.7,16.5,2100.0
2026-02-08T11:47:05.687999,10.4,16.4,2100.0
2026-02-08T11:47:06.189113,10.8,16.5,2100.0
2026-02-08T11:47:06.689804,9.2,16.5,2100.0
2026-02-08T11:47:07.190611,6.1,16.5,2100.0
2026-02-08T11:47:07.691629,9.9,16.5,2100.0
2026-02-08T11:47:08.193331,9.5,16.5,2100.0
2026-02-08T11:47:08.694447,10.1,16.5,2100.0
2026-02-08T11:47:09.195206,8.3,16.5,2100.0
2026-02-08T11:47:09.695837,12.6,16.5,2100.0
2026-02-08T11:47:10.196907,5.6,16.5,2100.0
2026-02-08T11:47:10.697490,9.5,16.5,2100.0
2026-02-08T11:47:11.198198,9.4,16.5,2100.0
2026-02-08T11:47:11.698702,11.2,16.5,2100.0
2026-02-08T11:47:12.199138,9.5,16.4,2100.0
2026-02-08T11:47:12.700123,11.4,16.4,2100.0
2026-02-08T11:47:13.200719,10.1,16.4,2100.0
2026-02-08T11:47:13.701495,17.5,16.4,2100.0
2026-02-08T11:47:14.202369,13.5,16.5,2100.0
2026-02-08T11:47:14.703156,15.2,16.5,2100.0
2026-02-08T11:47:15.203831,11.2,16.4,2100.0
2026-02-08T11:47:15.705390,14.7,16.4,2100.0
2026-02-08T11:47:16.205948,9.4,16.4,2100.0
2026-02-08T11:47:16.707046,11.3,16.4,2100.0
2026-02-08T11:47:17.207882,8.0,16.4,2100.0
2026-02-08T11:47:17.709129,12.2,16.4,2100.0
2026-02-08T11:47:18.219951,13.5,16.4,2100.0
2026-02-08T11:47:18.720594,9.8,16.4,2100.0
2026-02-08T11:47:19.221614,6.3,16.4,2100.0
2026-02-08T11:47:19.724466,8.7,16.4,2100.0
2026-02-08T11:47:20.224853,6.7,16.4,2100.0
2026-02-08T11:47:20.725713,7.0,16.4,2100.0
2026-02-08T11:47:21.226741,6.2,16.4,2100.0
2026-02-08T11:47:21.727354,6.9,16.4,2100.0
2026-02-08T11:47:22.228543,8.5,16.4,2100.0
2026-02-08T11:47:22.729074,8.7,16.4,2100.0
2026-02-08T11:47:23.229511,6.6,16.4,2100.0
2026-02-08T11:47:23.732273,8.8,16.4,2100.0
2026-02-08T11:47:24.233087,7.2,16.4,2100.0
2026-02-08T11:47:24.733578,7.4,16.4,2100.0
2026-02-08T11:47:25.234434,4.6,16.4,2100.0
2026-02-08T11:47:25.735166,11.3,16.4,2100.0
2026-02-08T11:47:26.235885,9.6,16.4,2100.0
2026-02-08T11:47:26.736804,6.0,16.4,2100.0
2026-02-08T11:47:27.237555,5.7,16.4,2100.0
2026-02-08T11:47:27.738465,5.1,16.4,2100.0
2026-02-08T11:47:28.239273,6.4,16.4,2100.0
2026-02-08T11:47:28.740191,7.3,16.4,2100.0
2026-02-08T11:47:29.241507,7.6,16.4,2100.0
2026-02-08T11:47:29.742607,9.6,16.4,2100.0
2026-02-08T11:47:30.243297,5.7,16.4,2100.0
2026-02-08T11:47:30.744199,17.4,16.5,2100.0
2026-02-08T11:47:31.245092,12.2,16.5,2100.0
2026-02-08T11:47:31.745910,9.6,16.5,2100.0
2026-02-08T11:47:32.246654,8.6,16.5,2100.0
2026-02-08T11:47:32.747225,7.2,16.5,2100.0
2026-02-08T11:47:33.248024,8.3,16.5,2100.0
2026-02-08T11:47:33.748919,6.8,16.5,2100.0
2026-02-08T11:47:34.249618,8.4,16.5,2100.0
2026-02-08T11:47:34.750173,4.9,16.5,2100.0
2026-02-08T11:47:35.250775,7.4,16.5,2100.0
2026-02-08T11:47:35.751696,5.2,16.5,2100.0
2026-02-08T11:47:36.255973,6.9,16.5,2100.0
2026-02-08T11:47:36.756699,6.7,16.5,2100.0
2026-02-08T11:47:37.257151,7.2,16.5,2100.0
2026-02-08T11:47:37.757976,8.1,16.5,2100.0
2026-02-08T11:47:38.258582,4.1,16.5,2100.0
2026-02-08T11:47:38.759903,8.8,16.5,2100.0
2026-02-08T11:47:39.260828,11.8,16.4,2100.0
2026-02-08T11:47:39.761273,14.3,16.4,2100.0
2026-02-08T11:47:40.261690,7.7,16.4,2100.0
2026-02-08T11:47:40.762106,6.7,16.4,2100.0
2026-02-08T11:47:41.262790,9.3,16.4,2100.0
2026-02-08T11:47:41.764026,7.5,16.4,2100.0
2026-02-08T11:47:42.264686,5.5,16.4,2100.0
2026-02-08T11:47:42.765708,7.9,16.4,2100.0
2026-02-08T11:47:43.266338,6.4,16.4,2100.0
2026-02-08T11:47:43.767030,9.1,16.4,2100.0
2026-02-08T11:47:44.268051,10.1,16.4,2100.0
2026-02-08T11:47:44.769096,15.1,16.4,2100.0
2026-02-08T11:47:45.269713,6.1,16.4,2100.0
2026-02-08T11:47:45.770582,10.9,16.4,2100.0
2026-02-08T11:47:46.271219,5.5,16.4,2100.0
2026-02-08T11:47:46.771855,5.8,16.4,2100.0
2026-02-08T11:47:47.272608,5.3,16.4,2100.0
2026-02-08T11:47:47.773838,9.3,16.4,2100.0
2026-02-08T11:47:48.274603,6.4,16.4,2100.0
2026-02-08T11:47:48.775006,9.4,16.4,2100.0
2026-02-08T11:47:49.275687,5.6,16.4,2100.0
2026-02-08T11:47:49.777508,7.6,16.4,2100.0
2026-02-08T11:47:50.278336,5.2,16.4,2100.0
2026-02-08T11:47:50.785365,7.4,16.4,2100.0
2026-02-08T11:47:51.286069,4.3,16.4,2100.0
2026-02-08T11:47:51.786803,5.2,16.4,2100.0
2026-02-08T11:47:52.287615,6.2,16.4,2100.0
2026-02-08T11:47:52.789487,6.1,16.4,2100.0
2026-02-08T11:47:53.290018,2.7,16.4,2100.0
2026-02-08T11:47:53.791804,6.9,16.4,2100.0
2026-02-08T11:47:54.293055,4.7,16.4,2100.0
2026-02-08T11:47:54.793927,9.8,16.4,2100.0
2026-02-08T11:47:55.294583,4.8,16.4,2100.0
2026-02-08T11:47:55.795345,7.9,16.4,2100.0
2026-02-08T11:47:56.296149,6.3,16.4,2100.0
2026-02-08T11:47:56.796945,5.9,16.4,2100.0
2026-02-08T11:47:57.297558,6.8,16.4,2100.0
2026-02-08T11:47:57.798420,25.0,16.4,2100.0
2026-02-08T11:47:58.298973,8.4,16.4,2100.0
2026-02-08T11:47:58.799822,14.5,16.5,2100.0
2026-02-08T11:47:59.301540,10.4,16.5,2100.0
2026-02-08T11:47:59.802238,23.5,16.5,2100.0
2026-02-08T11:48:00.303322,8.0,16.5,2100.0
2026-02-08T11:48:00.804167,8.2,16.5,2100.0
2026-02-08T11:48:01.304748,5.2,16.4,2100.0
2026-02-08T11:48:01.805585,18.6,16.5,2100.0
2026-02-08T11:48:02.306774,15.9,16.5,2100.0
2026-02-08T11:48:02.807817,10.1,16.6,2100.0
2026-02-08T11:48:03.311806,5.5,16.6,2100.0
2026-02-08T11:48:03.812238,11.9,16.6,2100.0
2026-02-08T11:48:04.312736,7.7,16.6,2100.0
2026-02-08T11:48:04.813179,7.3,16.5,2100.0
2026-02-08T11:48:05.313795,8.2,16.5,2100.0
2026-02-08T11:48:05.821376,8.9,16.5,2100.0
2026-02-08T11:48:06.322228,6.9,16.5,2100.0
2026-02-08T11:48:06.822661,8.6,16.5,2100.0
2026-02-08T11:48:07.323378,7.6,16.5,2100.0
2026-02-08T11:48:07.825162,8.4,16.5,2100.0
2026-02-08T11:48:08.326032,7.1,16.5,2100.0
2026-02-08T11:48:08.826556,9.4,16.5,2100.0
2026-02-08T11:48:09.327057,9.9,16.5,2100.0
2026-02-08T11:48:09.827622,9.4,16.5,2100.0
2026-02-08T11:48:10.328377,6.0,16.5,2100.0
2026-02-08T11:48:10.829146,7.2,16.5,2100.0
2026-02-08T11:48:11.329876,12.7,16.5,2100.0
2026-02-08T11:48:11.830518,8.0,16.5,2100.0
2026-02-08T11:48:12.330923,8.8,16.5,2100.0
2026-02-08T11:48:12.831660,7.5,16.5,2100.0
2026-02-08T11:48:13.332530,6.2,16.5,2100.0
2026-02-08T11:48:13.832943,12.3,16.5,2100.0
2026-02-08T11:48:14.333733,7.8,16.5,2100.0
2026-02-08T11:48:14.834963,5.9,16.5,2100.0
2026-02-08T11:48:15.335965,12.4,16.5,2100.0
2026-02-08T11:48:15.836831,8.6,16.6,2100.0
2026-02-08T11:48:16.338353,7.6,16.6,2100.0
2026-02-08T11:48:16.839162,6.9,16.6,2100.0
2026-02-08T11:48:17.340180,11.1,16.5,2100.0
2026-02-08T11:48:17.840764,7.6,16.5,2100.0
2026-02-08T11:48:18.342264,11.5,16.6,2100.0
2026-02-08T11:48:18.843827,10.1,16.6,2100.0
2026-02-08T11:48:19.344619,11.2,16.6,2100.0
2026-02-08T11:48:19.845251,5.9,16.6,2100.0
2026-02-08T11:48:20.346168,13.4,16.6,2100.0
2026-02-08T11:48:20.846943,8.9,16.6,2100.0
2026-02-08T11:48:21.347573,14.0,16.6,2100.0
2026-02-08T11:48:21.849630,8.9,16.6,2100.0
2026-02-08T11:48:22.350423,9.7,16.6,2100.0
2026-02-08T11:48:22.851053,7.5,16.6,2100.0
2026-02-08T11:48:23.351911,6.2,16.6,2100.0
2026-02-08T11:48:23.852984,7.1,16.6,2100.0
2026-02-08T11:48:24.353704,8.6,16.6,2100.0
2026-02-08T11:48:24.854559,11.1,16.5,2100.0
2026-02-08T11:48:25.355379,7.2,16.5,2100.0
2026-02-08T11:48:25.856040,10.1,16.6,2100.0
2026-02-08T11:48:26.357128,12.0,16.6,2100.0
2026-02-08T11:48:26.858034,16.3,16.6,2100.0
2026-02-08T11:48:27.358886,21.2,16.6,2100.0
2026-02-08T11:48:27.859651,6.6,16.6,2100.0
2026-02-08T11:48:28.360142,4.9,16.6,2100.0
2026-02-08T11:48:28.860875,6.4,16.5,2100.0
2026-02-08T11:48:29.361701,7.5,16.5,2100.0
2026-02-08T11:48:29.862302,5.8,16.5,2100.0
2026-02-08T11:48:30.362744,5.9,16.5,2100.0
2026-02-08T11:48:30.863201,4.9,16.5,2100.0
2026-02-08T11:48:31.364042,6.3,16.5,2100.0
2026-02-08T11:48:31.865194,7.5,16.5,2100.0
2026-02-08T11:48:32.365810,7.1,16.5,2100.0
2026-02-08T11:48:32.866270,14.1,16.5,2100.0
2026-02-08T11:48:33.366907,4.4,16.6,2100.0
2026-02-08T11:48:33.868456,4.9,16.6,2100.0
2026-02-08T11:48:34.369335,8.0,16.5,2100.0
2026-02-08T11:48:34.870011,17.8,16.6,2100.0
2026-02-08T11:48:35.371871,16.1,16.6,2100.0
2026-02-08T11:48:35.872711,9.2,16.6,2100.0
2026-02-08T11:48:36.375737,4.9,16.6,2100.0
2026-02-08T11:48:36.876374,7.2,16.6,2100.0
2026-02-08T11:48:37.376734,5.0,16.6,2100.0
2026-02-08T11:48:37.877199,13.2,16.6,2100.0
2026-02-08T11:48:38.377771,6.8,16.6,2100.0
2026-02-08T11:48:38.878584,13.1,16.6,2100.0
2026-02-08T11:48:39.379589,16.5,16.7,2100.0
2026-02-08T11:48:39.880164,14.1,16.6,2100.0
2026-02-08T11:48:40.380836,7.7,16.6,2100.0
2026-02-08T11:48:40.881342,10.6,16.6,2100.0
2026-02-08T11:48:41.381781,6.6,16.6,2100.0
2026-02-08T11:48:41.882769,9.3,16.6,2100.0
2026-02-08T11:48:42.383712,8.0,16.6,2100.0
2026-02-08T11:48:42.884613,9.3,16.6,2100.0
2026-02-08T11:48:43.387479,10.0,16.6,2100.0
2026-02-08T11:48:43.888598,28.7,16.6,2100.0
2026-02-08T11:48:44.389381,23.8,16.7,2100.0
2026-02-08T11:48:44.890244,15.3,16.7,2100.0
2026-02-08T11:48:45.391101,6.8,16.7,2100.0
2026-02-08T11:48:45.893399,13.8,16.7,2100.0
2026-02-08T11:48:46.393931,8.1,16.7,2100.0
2026-02-08T11:48:46.896095,11.9,16.7,2100.0
2026-02-08T11:48:47.397055,16.2,16.7,2100.0
2026-02-08T11:48:47.897871,13.4,16.7,2100.0
2026-02-08T11:48:48.398758,9.4,16.7,2100.0
2026-02-08T11:48:48.899279,10.4,16.7,2100.0
2026-02-08T11:48:49.400253,7.7,16.7,2100.0
2026-02-08T11:48:49.900914,11.8,16.7,2100.0
2026-02-08T11:48:50.401688,11.2,16.7,2100.0
2026-02-08T11:48:50.902114,16.6,16.7,2100.0
2026-02-08T11:48:51.402715,9.2,16.7,2100.0
2026-02-08T11:48:51.903582,11.3,16.7,2100.0
2026-02-08T11:48:52.404380,11.3,16.7,2100.0
2026-02-08T11:48:52.905017,5.7,16.7,2100.0
2026-02-08T11:48:53.405630,13.0,16.7,2100.0
2026-02-08T11:48:53.907205,12.9,16.7,2100.0
2026-02-08T11:48:54.407805,11.4,16.7,2100.0
2026-02-08T11:48:54.908583,7.8,16.7,2100.0
2026-02-08T11:48:55.409232,6.6,16.7,2100.0
2026-02-08T11:48:55.910065,12.9,16.7,2100.0
2026-02-08T11:48:56.410591,7.1,16.7,2100.0
2026-02-08T11:48:56.911083,10.3,16.7,2100.0
2026-02-08T11:48:57.412104,13.8,16.7,2100.0
2026-02-08T11:48:57.912912,9.0,16.7,2100.0
2026-02-08T11:48:58.413749,18.3,16.7,2100.0
2026-02-08T11:48:58.914548,9.0,16.8,2100.0
2026-02-08T11:48:59.415088,13.8,16.8,2100.0
2026-02-08T11:48:59.915889,11.3,16.8,2100.0
2026-02-08T11:49:00.417260,13.2,16.8,2100.0
2026-02-08T11:49:00.918368,7.1,16.8,2100.0
2026-02-08T11:49:01.419123,11.6,16.7,2100.0
2026-02-08T11:49:01.919884,6.4,16.7,2100.0
2026-02-08T11:49:02.421539,11.1,16.7,2100.0
2026-02-08T11:49:02.922144,8.9,16.7,2100.0
2026-02-08T11:49:03.423838,10.4,16.7,2100.0
2026-02-08T11:49:03.924901,8.6,16.7,2100.0
2026-02-08T11:49:04.425838,11.0,16.7,2100.0
2026-02-08T11:49:04.926688,8.0,16.7,2100.0
2026-02-08T11:49:05.427407,13.4,16.7,2100.0
2026-02-08T11:49:05.927969,6.7,16.7,2100.0
2026-02-08T11:49:06.429681,8.6,16.7,2100.0
2026-02-08T11:49:06.930644,10.6,16.7,2100.0
2026-02-08T11:49:07.431237,12.2,16.7,2100.0
2026-02-08T11:49:07.932368,12.0,16.7,2100.0
2026-02-08T11:49:08.433340,10.6,16.7,2100.0
2026-02-08T11:49:08.935132,9.6,16.5,2100.0
2026-02-08T11:49:09.436085,14.5,16.5,2100.0
2026-02-08T11:49:09.936735,12.3,16.5,2100.0
2026-02-08T11:49:10.437238,7.3,16.5,2100.0
2026-02-08T11:49:10.938094,8.3,16.5,2100.0
2026-02-08T11:49:11.439654,8.3,16.5,2100.0
2026-02-08T11:49:11.940573,9.3,16.5,2100.0
2026-02-08T11:49:12.441341,7.7,16.5,2100.0
2026-02-08T11:49:12.941870,10.0,16.5,2100.0
2026-02-08T11:49:13.442673,9.2,16.5,2100.0
2026-02-08T11:49:13.943115,10.9,16.5,2100.0
2026-02-08T11:49:14.443897,12.8,16.5,2100.0
2026-02-08T11:49:14.945111,18.0,16.5,2100.0
2026-02-08T11:49:15.445519,14.2,16.5,2100.0
2026-02-08T11:49:15.946496,7.9,16.5,2100.0
2026-02-08T11:49:16.446832,9.3,16.5,2100.0
2026-02-08T11:49:16.947508,7.4,16.5,2100.0
2026-02-08T11:49:17.448320,11.1,16.5,2100.0
2026-02-08T11:49:17.949393,7.0,16.5,2100.0
2026-02-08T11:49:18.450042,21.4,16.5,2100.0
2026-02-08T11:49:18.950896,9.3,16.5,2100.0
2026-02-08T11:49:19.451375,7.1,16.5,2100.0
2026-02-08T11:49:19.952280,10.0,16.5,2100.0
2026-02-08T11:49:20.453126,7.5,16.5,2100.0
2026-02-08T11:49:20.954019,4.0,16.5,2100.0
2026-02-08T11:49:21.454649,5.5,16.5,2100.0
2026-02-08T11:49:21.955424,7.5,16.5,2100.0
2026-02-08T11:49:22.456819,7.9,16.5,2100.0
2026-02-08T11:49:22.957766,7.1,16.5,2100.0
2026-02-08T11:49:23.458529,9.3,16.5,2100.0
2026-02-08T11:49:23.959553,5.2,16.5,2100.0
2026-02-08T11:49:24.460153,5.6,16.5,2100.0
2026-02-08T11:49:24.961404,6.9,16.5,2100.0
2026-02-08T11:49:25.462114,8.3,16.5,2100.0
2026-02-08T11:49:25.964133,8.3,16.5,2100.0
2026-02-08T11:49:26.464955,6.7,16.5,2100.0
2026-02-08T11:49:26.965616,4.4,16.5,2100.0
2026-02-08T11:49:27.466442,6.2,16.5,2100.0
2026-02-08T11:49:27.968670,6.8,16.5,2100.0
2026-02-08T11:49:28.469134,7.5,16.5,2100.0
2026-02-08T11:49:28.969768,8.0,16.5,2100.0
2026-02-08T11:49:29.470492,7.4,16.5,2100.0
2026-02-08T11:49:29.971855,8.1,16.5,2100.0
2026-02-08T11:49:30.472449,5.6,16.5,2100.0
2026-02-08T11:49:30.973093,9.1,16.5,2100.0
2026-02-08T11:49:31.473738,6.8,16.5,2100.0
2026-02-08T11:49:31.974324,10.6,16.5,2100.0
2026-02-08T11:49:32.475089,12.0,16.5,2100.0
2026-02-08T11:49:32.976067,24.9,16.6,2100.0
2026-02-08T11:49:33.476871,11.9,16.6,2100.0
2026-02-08T11:49:33.977570,8.9,16.6,2100.0
2026-02-08T11:49:34.478429,8.7,16.6,2100.0
2026-02-08T11:49:34.979253,6.5,16.6,2100.0
2026-02-08T11:49:35.480078,11.1,16.6,2100.0
2026-02-08T11:49:35.980594,8.3,16.6,2100.0
2026-02-08T11:49:36.481603,9.0,16.6,2100.0
2026-02-08T11:49:36.982534,6.0,16.6,2100.0
2026-02-08T11:49:37.484037,4.9,16.6,2100.0
2026-02-08T11:49:37.984478,6.7,16.6,2100.0
2026-02-08T11:49:38.486025,5.0,16.6,2100.0
2026-02-08T11:49:38.986690,6.0,16.6,2100.0
2026-02-08T11:49:39.488469,5.2,16.6,2100.0
2026-02-08T11:49:39.989434,8.4,16.6,2100.0
2026-02-08T11:49:40.490035,5.4,16.6,2100.0
2026-02-08T11:49:40.990569,5.2,16.6,2100.0
2026-02-08T11:49:41.491258,7.0,16.6,2100.0
2026-02-08T11:49:41.992161,7.3,16.6,2100.0
2026-02-08T11:49:42.492493,7.9,16.6,2100.0
2026-02-08T11:49:42.993148,3.1,16.6,2100.0
2026-02-08T11:49:43.493711,8.7,16.6,2100.0
2026-02-08T11:49:43.994459,7.9,16.6,2100.0
2026-02-08T11:49:44.495103,6.0,16.6,2100.0
2026-02-08T11:49:44.995958,6.6,16.6,2100.0
2026-02-08T11:49:45.496584,11.8,16.6,2100.0
2026-02-08T11:49:45.998836,6.6,16.6,2100.0
2026-02-08T11:49:46.499538,5.7,16.6,2100.0
2026-02-08T11:49:47.000696,7.1,16.6,2100.0
2026-02-08T11:49:47.501173,11.1,16.6,2100.0
2026-02-08T11:49:48.002014,8.4,16.6,2100.0
2026-02-08T11:49:48.503583,8.2,16.6,2100.0
2026-02-08T11:49:49.004225,4.0,16.6,2100.0
2026-02-08T11:49:49.504937,6.7,16.6,2100.0
2026-02-08T11:49:50.005866,6.5,16.6,2100.0
2026-02-08T11:49:50.506287,6.9,16.6,2100.0
2026-02-08T11:49:51.008654,4.1,16.6,2100.0
2026-02-08T11:49:51.509128,4.4,16.6,2100.0
2026-02-08T11:49:52.009743,4.4,16.6,2100.0
2026-02-08T11:49:52.520347,8.7,16.6,2100.0
2026-02-08T11:49:53.024281,8.8,16.5,2100.0
2026-02-08T11:49:53.525191,7.6,16.5,2100.0
2026-02-08T11:49:54.026280,4.3,16.5,2100.0
2026-02-08T11:49:54.526895,7.9,16.5,2100.0
2026-02-08T11:49:55.027499,6.4,16.5,2100.0
2026-02-08T11:49:55.527884,6.8,16.5,2100.0
2026-02-08T11:49:56.029434,5.7,16.5,2100.0
2026-02-08T11:49:56.530301,5.4,16.5,2100.0
2026-02-08T11:49:57.030874,4.4,16.5,2100.0
2026-02-08T11:49:57.531589,9.8,16.5,2100.0
2026-02-08T11:49:58.032680,6.4,16.5,2100.0
2026-02-08T11:49:58.533542,4.5,16.5,2100.0
2026-02-08T11:49:59.034278,4.2,16.5,2100.0
2026-02-08T11:49:59.535144,4.7,16.5,2100.0
2026-02-08T11:50:00.036951,8.7,16.5,2100.0
2026-02-08T11:50:00.537751,5.1,16.5,2100.0
2026-02-08T11:50:01.038387,4.0,16.5,2100.0
2026-02-08T11:50:01.538910,5.5,16.5,2100.0
2026-02-08T11:50:02.041519,3.6,16.5,2100.0
2026-02-08T11:50:02.542279,3.9,16.5,2100.0
2026-02-08T11:50:03.043129,4.2,16.4,2100.0
2026-02-08T11:50:03.543637,4.9,16.4,2100.0
2026-02-08T11:50:04.044169,3.7,16.4,2100.0
2026-02-08T11:50:04.544786,8.6,16.4,2100.0
2026-02-08T11:50:05.045633,5.9,16.4,2100.0
2026-02-08T11:50:05.547127,4.8,16.4,2100.0
2026-02-08T11:50:06.047529,6.7,16.4,2100.0
2026-02-08T11:50:06.547976,4.5,16.4,2100.0
2026-02-08T11:50:07.048389,4.6,16.4,2100.0
2026-02-08T11:50:07.548816,3.9,16.4,2100.0
2026-02-08T11:50:08.049604,3.8,16.4,2100.0
2026-02-08T11:50:08.550965,7.1,16.4,2100.0
2026-02-08T11:50:09.052223,6.2,16.4,2100.0
2026-02-08T11:50:09.553852,5.6,16.4,2100.0
2026-02-08T11:50:10.054967,11.4,16.4,2100.0
2026-02-08T11:50:10.555569,11.0,16.4,2100.0
2026-02-08T11:50:11.057134,9.6,16.4,2100.0
2026-02-08T11:50:11.557579,11.2,16.4,2100.0
2026-02-08T11:50:12.058849,11.8,16.4,2100.0
2026-02-08T11:50:12.562073,12.5,16.4,2100.0
2026-02-08T11:50:13.063021,10.6,16.4,2100.0
2026-02-08T11:50:13.563957,13.2,16.4,2100.0
2026-02-08T11:50:14.064848,11.2,16.4,2100.0
2026-02-08T11:50:14.566589,11.6,16.4,2100.0
2026-02-08T11:50:15.068834,12.5,16.4,2100.0
2026-02-08T11:50:15.571638,10.0,16.4,2100.0
2026-02-08T11:50:16.075195,13.0,16.4,2100.0
2026-02-08T11:50:16.576178,10.1,16.4,2100.0
2026-02-08T11:50:17.077260,10.1,16.4,2100.0
2026-02-08T11:50:17.579305,16.2,16.4,2100.0
2026-02-08T11:50:18.080396,6.9,16.4,2100.0
2026-02-08T11:50:18.582212,18.6,16.4,2100.0
2026-02-08T11:50:19.083774,11.2,16.4,2100.0
2026-02-08T11:50:19.584665,15.5,16.4,2100.0
2026-02-08T11:50:20.086002,10.0,16.4,2100.0
2026-02-08T11:50:20.587667,14.7,16.4,2100.0
2026-02-08T11:50:21.091074,9.4,16.4,2100.0
2026-02-08T11:50:21.593257,11.2,16.4,2100.0
2026-02-08T11:50:22.095134,8.8,16.4,2100.0
2026-02-08T11:50:22.596513,13.4,16.4,2100.0
2026-02-08T11:50:23.099933,7.6,16.4,2100.0
2026-02-08T11:50:23.600972,16.8,16.4,2100.0
2026-02-08T11:50:24.102280,7.7,16.4,2100.0
2026-02-08T11:50:24.606097,15.9,16.4,2100.0
2026-02-08T11:50:25.107010,6.9,16.4,2100.0
2026-02-08T11:50:25.609356,13.6,16.4,2100.0
2026-02-08T11:50:26.111805,8.2,16.4,2100.0
2026-02-08T11:50:26.612979,10.2,16.4,2100.0
2026-02-08T11:50:27.115495,9.6,16.4,2100.0
2026-02-08T11:50:27.616586,13.5,16.4,2100.0
2026-02-08T11:50:28.122610,8.3,16.4,2100.0
2026-02-08T11:50:28.626039,16.2,16.4,2100.0
2026-02-08T11:50:29.127322,8.2,16.4,2100.0
2026-02-08T11:50:29.631697,10.2,16.4,2100.0
2026-02-08T11:50:30.132504,11.0,16.4,2100.0
2026-02-08T11:50:30.634020,15.2,16.4,2100.0
2026-02-08T11:50:31.134782,10.2,16.4,2100.0
2026-02-08T11:50:31.637123,10.9,16.4,2100.0
2026-02-08T11:50:32.139496,10.0,16.4,2100.0
2026-02-08T11:50:32.640568,17.2,16.4,2100.0
2026-02-08T11:50:33.141453,7.1,16.4,2100.0
2026-02-08T11:50:33.643230,14.1,16.4,2100.0
2026-02-08T11:50:34.144530,9.2,16.4,2100.0
2026-02-08T11:50:34.646462,11.3,16.4,2100.0
2026-02-08T11:50:35.147329,12.7,16.4,2100.0
2026-02-08T11:50:35.649815,17.9,16.4,2100.0
2026-02-08T11:50:36.150953,9.0,16.4,2100.0
2026-02-08T11:50:36.652143,6.2,16.4,2100.0
2026-02-08T11:50:37.152881,5.4,16.4,2100.0
2026-02-08T11:50:37.654147,10.3,16.4,2100.0
2026-02-08T11:50:38.154575,4.1,16.4,2100.0
2026-02-08T11:50:38.656273,14.1,16.4,2100.0
2026-02-08T11:50:39.157172,15.2,16.4,2100.0
2026-02-08T11:50:39.657758,8.6,16.4,2100.0
2026-02-08T11:50:40.158274,3.5,16.4,2100.0
2026-02-08T11:50:40.658927,6.3,16.4,2100.0
2026-02-08T11:50:41.159592,7.0,16.4,2100.0
2026-02-08T11:50:41.660304,4.1,16.4,2100.0
2026-02-08T11:50:42.161041,5.0,16.4,2100.0
2026-02-08T11:50:42.661685,4.9,16.4,2100.0
2026-02-08T11:50:43.162811,4.5,16.4,2100.0
2026-02-08T11:50:43.664632,4.2,16.4,2100.0
